Id,Sales
1,5646.590408084467
2,8228.652605863002
3,10090.212439304212
4,6640.674357255637
5,7742.940753443631
6,5962.081471336926
7,8823.195892594093
8,8463.469784503197
9,5877.689954071579
10,6146.314591566558
11,7853.972445265902
12,7894.098801005899
13,7456.036261922165
14,7571.56264458501
15,6547.257830961035
16,5618.5143078746305
17,7595.5249303580285
18,10356.69661390528
19,11619.724082675986
20,10803.82246698476
21,7905.869539661214
22,6774.796148268858
23,6733.781285855042
24,5317.2583071837325
25,8867.012269811445
26,11282.693932832914
27,9059.28935454291
28,6332.603615386604
29,6231.160219368116
30,5558.034482962767
31,6985.574573523576
32,10812.308246056258
33,7425.075186617661
34,5836.665810013915
35,7025.027971446525
36,7992.724958898203
37,4823.1010427743595
38,7976.356094444669
39,5214.598004807728
40,8314.128834983134
41,7322.960606135106
42,5946.581972174977
43,7617.577198912303
44,7662.9512133217
45,6930.150192956942
46,7195.495583451257
47,7654.704835905087
48,12652.728281806447
49,6689.864297855327
50,8908.498499934572
51,8413.359682490116
52,9713.363316261348
53,7338.371109592569
54,10046.325101735925
55,5505.428026296387
56,5556.416818270072
57,6966.015132409795
58,6771.075307471869
59,9359.955471459578
60,7949.757638990984
61,5885.85985871632
62,7782.5474447626475
63,6326.11430323103
64,10807.168205348626
65,5173.729956367002
66,13156.588334186074
67,6247.38261167113
68,6210.467772414376
69,8880.570799804844
70,6419.877213444153
71,6847.624947374568
72,7637.955839717761
73,7799.084442102978
74,7933.497887595773
75,6194.43890750142
76,8057.75697659954
77,8152.222847411877
78,7707.516800927605
79,6264.866663007946
80,7750.237645703238
81,11839.143406655548
82,7144.3157998307
83,4953.984990890136
84,7642.54626020894
85,6605.12885381371
86,6704.795369702944
87,7288.987837252337
88,5233.901743961603
89,7742.253167347594
90,7037.209235171969
91,7253.006788209037
92,7451.333086025651
93,5637.676199267093
94,6698.552102927587
95,6680.461726429369
96,8505.059168039108
97,8987.330327033635
98,5676.517164047933
99,5682.9298825275655
100,7809.471752907412
101,7536.482479729542
102,6498.390248897109
103,7799.5023204888275
104,7867.559237123136
105,8509.198683957407
106,6760.110581571633
107,5731.594477833024
108,6880.678515144747
109,8697.668838393598
110,8661.932320615746
111,9349.51583476069
112,8565.408220074769
113,6715.098717569902
114,8937.713450864401
115,6806.1879800329
116,8110.969035810833
117,9501.005209896352
118,7364.370174580102
119,9806.896530634864
120,9125.978162802376
121,8424.44038001948
122,6800.27712070336
123,8362.974243292412
124,8344.248507392438
125,6619.652166558393
126,5058.9026759243925
127,6692.878646745298
128,7917.141617105604
129,6537.760160432492
130,6251.140730049093
131,8672.993712613537
132,7148.5501443219955
133,7083.164910533995
134,6496.7216177061355
135,6097.388110559374
136,7971.6264025831715
137,7675.560269582598
138,7569.779148329313
139,6899.972068898988
140,6182.80600237032
141,7299.855407348069
142,4712.727896230265
143,6580.409321629888
144,5576.016133524719
145,8249.995737370298
146,7011.995215798294
147,6411.840342814411
148,10350.521320555967
149,6539.802007768647
150,7315.335256991482
151,10664.729007299433
152,7338.491211413668
153,7787.071946379265
154,8360.805787345744
155,7022.679019243365
156,6095.356474633379
157,6219.912670988124
158,8184.804612487343
159,11116.487242696161
160,6613.266758199846
161,4277.354399109735
162,5651.492465797235
163,8198.346674820914
164,8266.826620212953
165,7088.793291173928
166,7905.298059370112
167,5591.834831912274
168,6410.585453021756
169,4126.247095701505
170,5761.262939764123
171,6591.387455620905
172,8093.698378594632
173,7563.506408911292
174,6801.530962129035
175,9109.898064984203
176,10555.810043774301
177,8049.86727549205
178,5773.613159648461
179,9550.297743250281
180,11524.650941725686
181,6315.45188970183
182,8547.623317237229
183,5837.660280407489
184,6671.407056850157
185,4708.697624196097
186,8114.4249264736845
187,6019.614510330757
188,8717.75301855378
189,7069.8067803283975
190,9118.06442677011
191,9242.542657623899
192,6113.70896499417
193,8748.34766474203
194,19731.41044136532
195,12011.398512625901
196,7349.353902529369
197,4456.8242257748325
198,7304.690765873266
199,10107.021596707411
200,6574.145905697135
201,11282.854404702466
202,19135.79724590681
203,5336.440999413793
204,5674.272701623096
205,8772.76307630671
206,6137.650680257817
207,10643.048332880453
208,7676.749549947174
209,7690.483630506589
210,5498.729426534452
211,7262.018666412537
212,7361.781273833693
213,7593.733529279265
214,9965.383444183
215,6864.169303176787
216,6546.296043206364
217,7636.23304128105
218,5748.758091578468
219,5993.138650544705
220,7298.311760590948
221,6151.637719729341
222,6653.219837354682
223,7851.5291222433
224,6172.814893253672
225,6553.690271827424
226,7067.191049753664
227,7489.752719344507
228,8513.20515543313
229,7204.117653739798
230,9660.479152346452
231,6533.900597229745
232,4827.748649032987
233,7826.49252805397
234,7453.998148690516
235,6655.868573114346
236,5540.933276425989
237,9723.348114259235
238,7687.645399255621
239,8071.676862154062
240,7399.1861958817835
241,6262.902533863659
242,5903.2766325296425
243,5069.241959171276
244,10477.792189690887
245,6238.857987215549
246,8020.538776003686
247,15224.924708065548
248,7910.26198581182
249,7084.374825953895
250,6136.794590448959
251,5909.2413017264325
252,7992.95296944532
253,5342.596511328187
254,5847.61572903601
255,10417.672095940507
256,6027.678031297332
257,16678.34418276085
258,14661.986793054763
259,5608.586183102876
260,7868.308985263948
261,6704.872567470724
262,7401.168952276691
263,6494.596749122924
264,10751.502908674334
265,7869.626884017269
266,10169.662434848555
267,7581.062002440348
268,7795.497530906038
269,6974.294587397123
270,10048.697920837953
271,8007.693454395307
272,7225.852435781482
273,7077.991498698339
274,6566.208297238587
275,9279.656551549051
276,9557.206954242003
277,7209.133339943916
278,10355.029863739155
279,7270.366390610924
280,10737.074616081485
281,5555.371214475935
282,6308.3039155383285
283,6700.837613961108
284,11488.34485386721
285,7121.067780657812
286,8541.391288349158
287,7710.6009416379775
288,8721.887364632867
289,6502.42438168219
290,9156.390186555738
291,7439.346308623213
292,5331.922280278853
293,14247.89419927503
294,18248.470086369256
295,7992.019344968768
296,7943.887156202706
297,9854.17727193596
298,10786.057256696513
299,10593.754941644791
300,7445.4498761147825
301,7616.861923552222
302,6589.597171953767
303,8727.076112820383
304,5238.7361781209875
305,7438.171049096499
306,7382.395140748502
307,6389.9715449157675
308,7754.413551802053
309,6676.09903324039
310,6130.146579741885
311,7531.00217028666
312,4900.7577092105985
313,5376.388857353273
314,7172.893533066844
315,7623.585370781084
316,8889.510951901124
317,9613.659819280181
318,9091.017772388295
319,7905.638239518063
320,7189.903418240458
321,10394.365280237187
322,7450.663674153551
323,5892.212491444853
324,6813.401504711065
325,9203.032774956615
326,5592.7963609018025
327,8122.388822156058
328,4375.391743206839
329,6033.220189124243
330,9094.253786655458
331,5798.9275196127755
332,6671.969157646098
333,8471.694620223814
334,9192.675324381273
335,11646.231658115703
336,6461.11501003737
337,9503.247587944976
338,4849.601294279864
339,6020.487466656623
340,6783.722773956631
341,5182.684218490921
342,8361.082032309461
343,6554.100074673843
344,6702.848429155261
345,8515.172530209373
346,11872.501407715576
347,8884.003013964351
348,6345.080261194667
349,6297.862304223389
350,8276.188647608373
351,8125.233174146141
352,7518.775001005489
353,6409.089944077782
354,7162.4613180129145
355,11087.504307164216
356,6158.651837530491
357,6996.600461585883
358,8094.477419850737
359,8503.967623955848
360,13096.024368302427
361,7009.783388069368
362,13410.101859741477
363,7377.848784909792
364,6291.762892219558
365,4504.0061452811715
366,7282.56190755033
367,7053.192116065145
368,6319.93915724864
369,7343.598774314229
370,6551.486435787058
371,5649.487421596046
372,7916.809657412019
373,6536.287714798524
374,8260.887521969064
375,8074.491772295666
376,8204.183667074094
377,9401.551946947278
378,6274.849685994636
379,9007.862721623467
380,6372.761698354932
381,7260.812824819736
382,6953.351539366387
383,6746.89631094031
384,11236.66312578423
385,7311.8266116328805
386,5768.3954986548615
387,7245.291000473882
388,8974.585551194734
389,7938.416048602979
390,7171.295021180312
391,8395.012386081055
392,6789.768287314428
393,6415.1618861653515
394,7521.764331352089
395,9939.270297164978
396,7132.8780443436435
397,7074.150071170309
398,6495.26448565691
399,7108.631450117742
400,5532.951999321976
401,6452.12677641729
402,8766.958619555882
403,8812.303547056514
404,10731.749908466118
405,12195.233639580783
406,8589.031251977685
407,6194.055150470956
408,6244.532634137157
409,11141.126501700419
410,9473.209755690508
411,8505.04726094709
412,8778.16832762184
413,9129.196674533137
414,7517.075188665996
415,5984.140838076762
416,10282.155771778354
417,7277.477687863388
418,7883.617701799044
419,7390.926232827282
420,3777.6987876768676
421,10718.322913913371
422,7577.157463927661
423,6444.563666578544
424,5599.751356762616
425,6624.543805289808
426,7152.373040363065
427,9268.735049697363
428,7012.7243127464635
429,5177.987907127066
430,5563.770308558244
431,5281.834986463155
432,4907.459536638755
433,7799.660210561182
434,18590.432663990887
435,5616.612974250633
436,6167.836898368136
437,7297.5043494827005
438,5856.270133266753
439,5664.319353849783
440,6646.0541427316975
441,5186.970196308316
442,7501.374275536538
443,8100.679370780755
444,5086.169042609947
445,8871.267155373691
446,5623.739056911642
447,6033.69541355011
448,8427.128417842316
449,8812.483669380445
450,9643.47461538194
451,6471.77639267314
452,7714.951284046462
453,5596.44287082012
454,7897.399763568286
455,14129.160973022312
456,11058.652103582275
457,7102.384636170154
458,5317.680600031943
459,5987.037974957837
460,6745.022878939003
461,5333.439302455741
462,9810.725383544137
463,7639.6736159898755
464,5781.675915229139
465,9100.482696973831
466,5664.138491888603
467,6792.333809423663
468,8121.835592644437
469,8300.299687755414
470,7993.014351237472
471,5306.898757971147
472,6349.841746507297
473,7454.961247763112
474,10052.247728093844
475,8904.204157655206
476,7282.16293849588
477,5532.350602804236
478,6728.036635341471
479,6524.992575977611
480,5073.035230800688
481,7953.399913815127
482,7578.563085901159
483,6829.789882661811
484,7196.282867945258
485,7224.620611400341
486,7496.1141466141635
487,6899.655972127253
488,7148.606796721578
489,7911.904836095811
490,6781.961593011582
491,9720.878343917155
492,6883.825809489355
493,5717.934781161069
494,11549.048838820512
495,5713.992923512163
496,4785.01065689436
497,9130.033251345876
498,9358.3455849273
499,12155.228465156692
500,6088.422290478468
501,6705.915921039763
502,6226.271308150328
503,8238.727667102941
504,6678.633505790696
505,8513.045394080878
506,3995.212193754705
507,7269.824210045523
508,6745.472408873203
509,6497.024870165881
510,5680.423647625242
511,7615.375271365571
512,8894.61305271785
513,6130.270066628054
514,10150.901109480754
515,8279.595922719516
516,8448.876834409173
517,6157.823194074194
518,7433.643916563434
519,6579.073874675008
520,10682.589229435174
521,8170.873406683242
522,5390.52679129365
523,8713.76135631008
524,8259.728598487865
525,7619.000045692028
526,6154.483021577728
527,4918.53177253767
528,8751.60678917139
529,6813.823327953772
530,9061.509438039184
531,7604.419622965818
532,6493.442567249198
533,8874.898332209468
534,7709.906090638088
535,7391.408660842074
536,7841.904136363964
537,6835.569863545133
538,8521.118182515462
539,10943.634480047083
540,8998.516796789478
541,5843.125488626555
542,6679.0076716090125
543,5385.372673984948
544,0.0
545,9188.375439687217
546,5553.292046225019
547,9361.089487036128
548,5348.050819977513
549,8091.581156957794
550,7530.9112280567915
551,9879.51416324278
552,6377.743552771903
553,6303.352895719052
554,6750.173374928287
555,8467.059566718664
556,6296.729376446021
557,8613.983926779938
558,8685.618146629124
559,10338.017899965827
560,7711.439586695996
561,7773.626885668789
562,6449.60912435929
563,5383.791264725128
564,6465.890793374217
565,10461.449113352848
566,9905.339046875046
567,6435.292874479348
568,15379.404285864983
569,7183.864348628384
570,6237.687385964803
571,7066.114878690379
572,8590.298752291812
573,11840.271847138329
574,7501.675687972012
575,8380.350064726972
576,8457.83457861328
577,7137.146078755806
578,7872.021709573953
579,6022.16444555511
580,5755.771353550434
581,5611.568791963493
582,5131.373033913337
583,5883.267686971803
584,9283.11989025787
585,16390.550496449767
586,6975.144435764806
587,5856.980037670961
588,8135.303757630705
589,5044.539744983958
590,7162.332040152708
591,4185.900259824529
592,9802.042043120977
593,6457.485017999272
594,6916.405447830794
595,13655.365762226189
596,12152.789385188207
597,7146.225394369181
598,7317.291228074679
599,4216.765541379328
600,6482.700155139749
601,6267.126988722026
602,8666.602860992876
603,5735.950482523021
604,5980.997290557698
605,6032.164503133743
606,7320.205755523094
607,6742.181517007835
608,7475.449457576651
609,4174.965281185083
610,8150.876492914473
611,8143.501458342569
612,8430.281730300087
613,5940.033105596495
614,5470.983640961697
615,7941.040088838262
616,5124.318398598425
617,9377.86179940182
618,5972.989012264301
619,5724.187856899883
620,7493.176059541762
621,6393.5600706511605
622,6557.4999213393685
623,7491.835945517259
624,7267.94627076265
625,9996.223953550998
626,10357.88271895813
627,6729.6670200070575
628,5259.644658158276
629,6877.787222532443
630,6685.91661785963
631,6170.215076262993
632,6968.795172441517
633,6697.42788901267
634,10058.628746602011
635,8242.47541682085
636,6989.027518391254
637,7589.991579249465
638,6173.844141320841
639,9980.080266711775
640,6827.586851953228
641,13400.702011473115
642,7234.072036980397
643,6312.172050494007
644,6188.745601552886
645,4613.5174577323305
646,7958.985856283253
647,17985.183405439573
648,4698.98011873788
649,5326.541232752252
650,10244.321081442979
651,8065.544198242919
652,7160.966274975346
653,8238.714546292653
654,6470.420655668925
655,5924.5671148336905
656,5072.9640734810755
657,9388.616843857104
658,6415.289704597913
659,7112.945206296618
660,7152.794262769983
661,5563.6122858155695
662,8129.638607374004
663,7315.5281045063075
664,5206.899891652829
665,9368.51123202355
666,9155.98173845506
667,5255.456339478467
668,7948.855230767808
669,7400.6322569429685
670,5734.596651992989
671,8947.320843528252
672,6706.887711767803
673,8096.4309250237475
674,5976.262281975763
675,6344.415782369242
676,6936.6034168890465
677,0.0
678,8007.707358930442
679,5414.561620701821
680,6587.8664702704555
681,5940.683456474762
682,6585.409170101652
683,6614.127067025346
684,7355.176245096516
685,7797.774783807432
686,7969.611995394989
687,7334.365657810216
688,6950.953919540035
689,7788.931059352251
690,8903.291672029014
691,9135.838629290485
692,7766.765746131887
693,5390.607486213715
694,6513.2444657704455
695,6961.165157228396
696,5599.432029685666
697,11322.25918216834
698,7000.107066827558
699,8268.845567681428
700,11342.580069553002
701,6774.879817240403
702,5205.957656588714
703,13526.699283874123
704,10171.312588671379
705,6789.258686286878
706,9241.524800489973
707,9930.438178826513
708,6706.131251542509
709,6806.824553331042
710,7388.988066288044
711,6692.418631146605
712,6346.914567275119
713,7272.126106213068
714,6271.956562921113
715,8721.842295422262
716,8082.750494665134
717,7016.986722385055
718,8208.038738090305
719,6694.686577095333
720,7636.287698970934
721,7043.279878726794
722,8968.037730618755
723,7350.743773330705
724,7079.66628876399
725,7324.497743644244
726,7546.242385918428
727,8918.530531447694
728,6663.920711407225
729,6304.217256764507
730,7063.985027986767
731,7220.5409297697315
732,7537.9938597443925
733,5494.204262576672
734,5487.105035629766
735,8231.575248265386
736,6959.667347936028
737,6432.120685218914
738,8429.65391482613
739,6901.221741489613
740,7309.330230244215
741,5518.001772605666
742,4264.414557862588
743,7644.491773274671
744,7175.1735917345
745,7606.647227851097
746,10441.368066523557
747,9252.317799751198
748,5513.050691318331
749,8636.298775719326
750,5182.83087200191
751,4164.774323469378
752,7997.054615899128
753,11653.185311420639
754,9046.150846216886
755,7958.2075169182535
756,5417.700788698865
757,7598.425762653296
758,9930.101690551448
759,8305.438921819443
760,8834.477469914795
761,5840.388713360204
762,5141.732361457636
763,5756.074142272176
764,6324.028886218701
765,6670.9388446515895
766,5678.714751777786
767,6336.619178192731
768,5071.0785518214
769,6782.342403018294
770,8643.402499706744
771,6308.038376996416
772,7081.2393889021705
773,7597.777238817388
774,5909.673554494083
775,6160.408886589685
776,9218.081674082012
777,8796.910771276147
778,6770.01291653787
779,4830.290701933029
780,13238.483521009748
781,8187.678979619519
782,6375.160852008858
783,9950.6311816167
784,9378.546078767875
785,7861.118519755209
786,7110.199882782506
787,7472.367380171463
788,9947.738221339006
789,13945.563204833323
790,6426.232490761257
791,5454.702729704883
792,6188.798307388667
793,7456.887769132332
794,6944.269296898337
795,9080.24852628288
796,9214.593207288694
797,6541.473550598362
798,5316.49291374856
799,6966.865694585563
800,8471.349374483547
801,5841.1895026185675
802,7977.0946351737175
803,4850.1821939729525
804,8663.44577148906
805,10192.665506747979
806,7589.502485391373
807,9036.691267574899
808,7105.036510669336
809,5586.049702729181
810,6820.762592634937
811,8308.573325790572
812,8417.988533391073
813,7662.033746400681
814,7566.06782811866
815,7301.885083255225
816,5701.4236639388955
817,9694.213814310033
818,5469.7259020712445
819,10879.402790393722
820,6925.040604883589
821,5833.319347153811
822,7461.966564077857
823,6907.058134977332
824,8137.9115766952
825,8986.285459978055
826,5084.330063842275
827,5364.844107676198
828,7548.008401022762
829,9720.125723676236
830,9083.34608560895
831,6893.860543301673
832,6929.071819690268
833,7018.722561982059
834,7266.62283809306
835,6405.2180415988505
836,10638.594451262343
837,9042.787601834543
838,12457.827522055293
839,4998.5251399649505
840,6381.590128643072
841,0.0
842,8131.078474067152
843,5793.166412469808
844,10654.919313466697
845,7010.699930383694
846,6546.4293180211025
847,5740.263968668162
848,6371.307148694634
849,5932.346085226637
850,6932.93277323427
851,5347.222689475351
852,5760.417471288509
853,9754.4659805464
854,7446.738401205602
855,21193.786182244396
856,7818.501119652155
857,5418.48460031868
858,8310.812254575569
859,10120.24498015972
860,6722.834005968204
861,7803.979987183541
862,6039.751058593154
863,8970.80851185224
864,8585.721892571662
865,5931.2684610048245
866,6044.386079415084
867,7861.311380695693
868,7951.883614536677
869,7513.821075452943
870,7578.901580014801
871,6594.697210861247
872,5606.990826776057
873,7602.863865787819
874,10462.775892551203
875,11626.570735985633
876,11010.534090053425
877,7907.384653059641
878,6843.548448490634
879,6710.4022055532205
880,5394.92789443996
881,9014.624889069592
882,11285.231027350694
883,9163.38143479999
884,6403.563705554203
885,6314.544346760081
886,5641.418610354732
887,7051.173981235175
888,10891.039815123657
889,7432.414122047451
890,5813.286729712093
891,6858.452547161569
892,8096.817039155285
893,4811.577561675785
894,7935.977594867015
895,5191.218924505906
896,8376.403709970251
897,7429.758387985201
898,5878.507527310061
899,7620.114293430083
900,7725.226088308817
901,7034.242273214022
902,7276.4195909166165
903,7630.499478422314
904,12536.781667740463
905,6692.401392373107
906,9012.590580191652
907,8492.091251557515
908,9778.962723972945
909,7314.165752109796
910,10083.019825864721
911,5583.480613777133
912,5467.484893706006
913,7049.39925980176
914,6724.431525872712
915,9319.576971881927
916,8100.0759598421455
917,5963.529445972547
918,7759.168364460826
919,6403.783890487258
920,10847.488070396987
921,5251.39954362323
922,13696.895500372882
923,6330.766739063095
924,6288.1373596706035
925,8963.954927196804
926,6395.67185596138
927,6901.203454307813
928,7674.650563846557
929,7775.705361801156
930,7936.034982113551
931,6198.8254408844605
932,8017.378477021886
933,8159.561782841668
934,7790.90092831957
935,6327.141537995063
936,7923.550398297662
937,11840.658520053976
938,7202.100613361477
939,4924.014595324804
940,7645.08335472672
941,6537.303186989959
942,6664.41687012529
943,7296.326772682128
944,5311.57133121783
945,7749.592102777385
946,7098.248468911879
947,7260.345723638828
948,7421.362690460319
949,5547.6382490644555
950,6705.8910383573775
951,6513.886302144413
952,8631.09344794468
953,9064.999914289861
954,5481.460017568154
955,5487.872736047787
956,7875.071160619011
957,7543.821415159333
958,6556.558062652405
959,7973.041625491747
960,8041.098542126056
961,8656.811303215549
962,6825.709989283231
963,5641.556527630387
964,6888.017450574537
965,8714.478788796945
966,8745.31644800771
967,9352.05292927847
968,8542.029139772947
969,6722.437652999693
970,8896.508674105797
971,6979.7272850358195
972,8147.663759939632
973,9460.6267103187
974,7371.709110009892
975,9864.681344165641
976,9128.515257320156
977,8401.061299717658
978,6759.898621125707
979,8420.759056823183
980,8351.587442822229
981,6529.614216355756
982,5047.605931065731
983,6796.970727002379
984,7999.3012658181715
985,6608.720250600091
986,6239.617248950518
987,8750.663299869766
988,7231.934271713961
989,7165.324559246562
990,6472.516260223362
991,6179.740341499806
992,8050.357971650572
993,7682.899205012389
994,7651.93879704188
995,6965.571476610587
996,6264.965651082887
997,7307.19434277786
998,4796.1120236222305
999,6597.219272033234
1000,5600.37319878649
1001,8257.334672800089
1002,7096.229972380736
1003,6400.316861715836
1004,10357.860255985757
1005,6623.186135160612
1006,7300.87293223343
1007,10743.460576366831
1008,7314.2858539308945
1009,7789.609040897045
1010,8258.182298043055
1011,6960.020588402165
1012,6102.695410063169
1013,6302.072319700691
1014,8263.536181554744
1015,11198.646891408727
1016,6675.541633186963
1017,4110.778974824779
1018,5713.767340784352
1019,8205.685610250704
1020,8269.363714730733
1021,7142.371798107173
1022,7958.876566303357
1023,5567.629474429501
1024,6489.317022089156
1025,4058.4214288777534
1026,5907.248776658512
1027,6568.008375319083
1028,8096.235473112412
1029,7646.890536303257
1030,6879.200549385263
1031,9112.435159501983
1032,10541.347719016252
1033,8026.488195190228
1034,5780.952095078252
1035,9769.033250379389
1036,11652.21060190286
1037,6397.611538414397
1038,8631.007444629191
1039,5859.739149118021
1040,6693.485925560688
1041,4711.234718713878
1042,8197.809053865649
1043,6026.461163640403
1044,8840.005126622247
1045,7045.601422845624
1046,9342.300514170163
1047,9346.634737880979
1048,6073.330465416516
1049,8875.907324919204
1050,19810.142010432715
1051,11990.67090584635
1052,7428.08547159677
1053,4510.402732708078
1054,7280.485408390493
1055,10211.11367696449
1056,6525.956234557669
1057,11130.266142004597
1058,18586.189736546294
1059,5484.053618671941
1060,5758.751745460764
1061,8748.557718823939
1062,6164.774999757184
1063,10787.924340479902
1064,7713.444274075971
1065,7752.758505493706
1066,5340.826289142763
1067,7315.597173345782
1068,7364.3183683514735
1069,7656.008404266382
1070,10092.943104360173
1071,6849.706978418735
1072,6522.916962904542
1073,7714.285628761796
1074,5633.214489070346
1075,6070.808237800933
1076,7274.106403108175
1077,6223.05495273546
1078,6629.84075705286
1079,8026.172889370831
1080,6250.4844805099
1081,6637.074399219389
1082,7149.350698466231
1083,7567.422306600734
1084,8517.148517565847
1085,7203.424029085736
1086,9764.571232603532
1087,6541.140143003661
1088,4829.263762431414
1089,7863.187252182765
1090,7627.31090128494
1091,6631.663215631573
1092,5623.092925138556
1093,9869.333951153623
1094,7708.588180664171
1095,8129.46167568484
1096,7503.278276138864
1097,6283.8453152722095
1098,5980.94621978587
1099,4996.530527519581
1100,10498.734971099437
1101,6157.528709843675
1102,8124.630856260766
1103,15329.016788322628
1104,7889.792550638511
1105,7188.466906210976
1106,6069.029507386009
1107,5986.91088898266
1108,7885.620779435482
1109,5421.328080395588
1110,5926.34729810341
1111,10534.714368456329
1112,6007.208596124024
1113,16329.287968179926
1114,14745.370920446729
1115,5540.821100039926
1116,7990.561093332415
1117,6762.657381001501
1118,7463.443827263809
1119,6577.980876514888
1120,10754.159812237409
1121,7872.283787580343
1122,10273.754515105635
1123,7664.446129832314
1124,7857.772405893156
1125,6906.529504334173
1126,10085.392644966749
1127,7987.224019221998
1128,7308.012084494049
1129,7057.52206352503
1130,6211.716234751293
1131,9527.825475193697
1132,9619.48182922912
1133,7188.663904770608
1134,10432.699450995382
1135,7249.896955437615
1136,10805.885338415614
1137,5617.646089463052
1138,6264.323273398158
1139,6680.3681787877995
1140,11736.513777511855
1141,7100.598345484504
1142,8398.476118510696
1143,7836.635221543556
1144,8701.417929459558
1145,6434.65929861924
1146,9260.482266812818
1147,7497.5141223785095
1148,5311.452845105544
1149,14325.946786755774
1150,18327.201655436656
1151,7971.549909795459
1152,8192.056079847347
1153,9907.755778869205
1154,10864.109844177257
1155,10656.029816631908
1156,7528.834003506748
1157,7694.914511032968
1158,6569.127736780459
1159,8659.311029757433
1160,5227.439433262326
1161,7516.902618163899
1162,7447.9945484601
1163,6472.131193628335
1164,7838.892595639722
1165,6798.351141308857
1166,6276.132416636274
1167,7510.532735113351
1168,4982.917357923166
1169,5232.025716447203
1170,7194.972401777375
1171,7743.581287042373
1172,8869.041516727815
1173,9593.190384106872
1174,9169.749341455694
1175,7885.168804344754
1176,7169.43398306715
1177,10665.479080772153
1178,7529.395243220952
1179,6038.198328339242
1180,6882.21222704519
1181,9108.863397900759
1182,5650.58117443258
1183,8187.988229867656
1184,4440.991150918438
1185,6116.604316516208
1186,9185.65827648041
1187,5893.496592081904
1188,6639.753010550837
1189,8456.477892404384
1190,9187.810618826676
1191,12098.082474336345
1192,6393.040565172454
1193,9585.40723665754
1194,4731.081621882405
1195,6040.373699383962
1196,6763.571037035585
1197,5189.530871800567
1198,8444.466159701424
1199,6637.484202065808
1200,6630.953100182437
1201,8577.639987424354
1202,11951.232976782974
1203,8691.778928960832
1204,6422.749848450895
1205,6451.290283092363
1206,8246.218252043042
1207,8145.11940687348
1208,7597.506570072887
1209,6404.225238523185
1210,7157.596612458317
1211,11343.029830977204
1212,6200.12821674671
1213,7159.450190808705
1214,8079.260692031307
1215,8561.752437486626
1216,13116.45945962534
1217,6915.614011013513
1218,13612.182642262618
1219,7372.984079355195
1220,6197.593515163703
1221,4458.042080430055
1222,7365.946034942295
1223,7115.668232833562
1224,6315.074451694043
1225,7405.873649301346
1226,6546.621730232461
1227,5727.157008852274
1228,7918.324770810446
1229,6594.072528329301
1230,8344.271649361028
1231,8069.627066741069
1232,8431.946498915631
1233,9467.151354658876
1234,6269.984980440039
1235,9130.114829691925
1236,6361.2382172563575
1237,7282.891693530268
1238,6938.134811546958
1239,6657.964386376244
1240,11320.047253176193
1241,7333.905480343412
1242,5851.779626046828
1243,7418.603753068306
1244,9036.860426181851
1245,8060.668156671446
1246,7255.77406501798
1247,8457.287261068164
1248,6548.804305092378
1249,6262.573623467482
1250,7612.724250253368
1251,9934.40559161038
1252,7245.983636148252
1253,7088.3198804717185
1254,6490.399780102313
1255,7064.650807977571
1256,5595.226874309093
1257,6419.9106293220275
1258,8672.789242500025
1259,8889.871523463968
1260,10751.636141193458
1261,12167.472624820548
1262,8494.86187492183
1263,6210.865100874302
1264,6307.00009135214
1265,11288.739120958568
1266,9535.484630677625
1267,8576.007351114684
1268,8855.837914878066
1269,9235.27595317906
1270,7600.459316057962
1271,5972.617356978187
1272,10421.16936262909
1273,7299.55655657392
1274,7987.709782056125
1275,7473.085881539849
1276,3848.6588778444684
1277,10989.436714448337
1278,7561.940736108232
1279,6464.449899305883
1280,5657.536170293393
1281,6587.801606407283
1282,7210.5408541183615
1283,9431.584778920183
1284,6939.9541656471965
1285,5243.5873148386645
1286,5419.407167652174
1287,5365.21911385512
1288,4985.1291238949825
1289,7794.795505006585
1290,18035.464472174386
1291,5699.997101642598
1292,6162.972192813539
1293,7401.59642973978
1294,5844.9733884080915
1295,5735.279444017382
1296,6641.1894371771
1297,5270.354323700281
1298,7290.779071204108
1299,8085.462642961325
1300,4984.240530458473
1301,8866.402449819094
1302,5769.72489380603
1303,6091.480227080888
1304,8332.95904078646
1305,8653.118766965608
1306,9747.56669563902
1307,6553.9360413857075
1308,7798.335411438427
1309,5480.899268311999
1310,8004.19754541836
1311,14405.394449700416
1312,11212.181739055966
1313,7070.168489074893
1314,5396.412169099343
1315,6006.924207685176
1316,6802.807692469781
1317,5411.108889711969
1318,9888.29335995159
1319,7723.057743381841
1320,5788.522568538785
1321,9068.266549878568
1322,5659.273786334006
1323,6870.003396679891
1324,8205.219720036399
1325,8295.434982200817
1326,7977.797623418042
1327,5390.282885363112
1328,6432.001395219864
1329,7410.980605622941
1330,10380.535899258532
1331,8961.988971185983
1332,7277.298232941283
1333,5464.524935980485
1334,6723.171929786874
1335,6660.101019744225
1336,5043.0648352353555
1337,8035.752144755554
1338,7640.837960888276
1339,6818.266401563236
1340,7216.169100672597
1341,7282.788425155637
1342,7502.96079992381
1343,6879.504235206207
1344,7226.276383977805
1345,7896.688108276382
1346,6788.808246321229
1347,9716.013638362558
1348,6868.609081669926
1349,5800.094429873636
1350,11544.184133265915
1351,5818.0850037692435
1352,4832.450036794572
1353,9213.41737873784
1354,9378.23181765464
1355,12238.612592548656
1356,6171.8064178704335
1357,6768.190796026881
1358,6310.50606473277
1359,8322.111794494906
1360,6673.768800236099
1361,8663.363714932035
1362,4002.0588470643515
1363,7363.9954435693335
1364,6767.551277583734
1365,6352.661729259811
1366,5590.385697422605
1367,7616.890384763999
1368,8965.573142885449
1369,6192.544941615172
1370,10234.285236872718
1371,8259.444185798471
1372,8543.445906878302
1373,6046.654397742507
1374,7192.679934341385
1375,6318.225118727508
1376,10660.725104604748
1377,8248.542993939469
1378,5149.5628090716
1379,8698.93816791055
1380,8382.087085736863
1381,7614.135340137431
1382,6208.061528510973
1383,4997.26334160507
1384,8773.685657881922
1385,6897.207455345737
1386,9041.357701118139
1387,7589.202895146389
1388,6576.826694641163
1389,8870.033626654871
1390,7845.014534404702
1391,7398.255314151719
1392,7945.996216621045
1393,6918.953990937098
1394,8599.84975158286
1395,10938.769774492486
1396,9081.900924181442
1397,5921.8570576939555
1398,6563.46406910089
1399,5467.532322697515
1400,0.0
1401,9351.22516891004
1402,5548.4273406704215
1403,9418.874300566906
1404,5203.687679071443
1405,8059.365009862531
1406,7585.64948376708
1407,9958.245732310179
1408,6362.526824952473
1409,6323.239128446391
1410,6818.984097262417
1411,8455.53608562009
1412,6291.864670891424
1413,8630.793877183285
1414,8743.402960159901
1415,10438.055115519866
1416,7731.325819423335
1417,7768.762180114192
1418,6338.440328027603
1419,5142.827282503078
1420,6461.0260878196195
1421,10564.440065837574
1422,9942.033771003842
1423,6290.548799782211
1424,15475.340667036571
1425,7267.248476020349
1426,6303.2867936764005
1427,7149.499006082345
1428,8610.184985019152
1429,11855.105683107331
1430,7496.810982417415
1431,8375.485359172375
1432,8452.969873058682
1433,7221.380835338248
1434,7891.907942301292
1435,5978.18380341494
1436,5833.440940806661
1437,5596.352064144064
1438,5214.757161305302
1439,5871.744205873229
1440,9389.917672107966
1441,16510.23775095884
1442,7032.929249295584
1443,5835.918344171873
1444,8218.687885022666
1445,5110.139152695557
1446,7130.115893057447
1447,4045.7931719141707
1448,9661.934955210621
1449,6452.620312444675
1450,6978.680322817911
1451,13713.150575756967
1452,12064.77170218681
1453,7224.956963436582
1454,7357.6110931230405
1455,4258.2419205955475
1456,6566.084282531714
1457,6371.219068979107
1458,8686.489093720216
1459,5742.797135832667
1460,5965.780562738269
1461,6115.548630525708
1462,7340.091988250433
1463,6825.5656443998005
1464,7625.767778427813
1465,4237.2401561722
1466,8135.659765095043
1467,8225.66110705512
1468,8398.065583204827
1469,5954.866941565498
1470,5477.8302942713435
1471,8003.314963825379
1472,4883.354416376375
1473,9435.646612932598
1474,6099.02329216988
1475,5684.798837803192
1476,7571.907628609162
1477,6515.918557900166
1478,6239.998465035
1479,7457.083913207349
1480,7321.524777695895
1481,10078.576184491429
1482,10405.24454519176
1483,6724.80231445246
1484,5343.028785550241
1485,6809.961555708692
1486,6717.208682965458
1487,6192.293944973524
1488,6975.641825751163
1489,6776.15945808007
1490,10180.880854670477
1491,8346.56749707793
1492,7005.837468794598
1493,7626.686303378261
1494,6257.228268712806
1495,10042.355141698892
1496,6881.165358886473
1497,14118.364882090025
1498,7229.2073314258
1499,6283.19213800677
1500,6266.415188809114
1501,4675.792332719447
1502,7947.462375184678
1503,18646.148223808425
1504,4458.01613651583
1505,5297.561320265015
1506,10306.595956430096
1507,8134.354920577038
1508,7265.058355232427
1509,8233.849840738056
1510,6541.3807458365245
1511,5880.58647269352
1512,4906.388649196119
1513,9470.77649256967
1514,6492.959291854141
1515,7190.614793552846
1516,7123.814350282746
1517,5641.281873071797
1518,8059.578376460428
1519,7286.5481920190705
1520,5228.97876036336
1521,9426.296045554327
1522,9176.416829777972
1523,5243.932858379892
1524,7928.703493846762
1525,7395.767551388371
1526,5693.579337661576
1527,9195.489767172894
1528,6702.023006213206
1529,8158.898382238723
1530,6053.93186923199
1531,6315.435869882005
1532,6896.894143083989
1533,0.0
1534,8014.9469047043585
1535,5497.945748093786
1536,6687.9036858244945
1537,6018.35304373099
1538,6580.544464547055
1539,6697.511194417311
1540,7417.451120083633
1541,7738.039015074568
1542,7951.859382360911
1543,7361.489977309583
1544,7029.685488607435
1545,7872.315186744217
1546,9105.649409155008
1547,9278.803584787858
1548,7870.85782638896
1549,5361.627573726478
1550,6595.596696710878
1551,7018.949970759174
1552,5682.816157077631
1553,11317.394476613743
1554,7106.904848677653
1555,8352.229695073393
1556,11425.964196944966
1557,6853.6113863078035
1558,5379.270409183137
1559,13734.577341990207
1560,10188.122539074726
1561,6716.488539187611
1562,9324.908927881936
1563,10025.007251295643
1564,6812.929033392604
1565,6890.208680723006
1566,7471.147715000611
1567,6770.088218402832
1568,6447.809106619209
1569,7273.641219611495
1570,6354.11621163368
1571,8728.688948731908
1572,8053.770582177897
1573,7100.37084977702
1574,8273.638145801904
1575,6729.540059080171
1576,7736.324914524973
1577,6971.38454975397
1578,9004.732454747547
1579,7413.018648317822
1580,6967.602154696148
1581,7407.881871036209
1582,7599.879437975805
1583,8996.200118703919
1584,6548.377108899103
1585,6202.288744613033
1586,7059.12032243217
1587,7198.676804939302
1588,7689.219217503608
1589,5556.479137563789
1590,5565.157623110512
1591,8314.959375657349
1592,6944.844159536497
1593,6509.7392739741135
1594,8451.732783536661
1595,6896.357035935016
1596,7392.7143576361805
1597,5559.478151821885
1598,4342.084145118815
1599,7639.627067720074
1600,7170.308886179903
1601,7660.225734784342
1602,10524.752193915523
1603,9331.049368818596
1604,5512.074387711589
1605,8694.083589250104
1606,5286.922952258991
1607,4046.254651071918
1608,8065.865338233259
1609,11736.569438812601
1610,9108.425721204003
1611,8121.057246141076
1612,5501.08491609083
1613,7625.550082152663
1614,10030.138906105487
1615,8312.285575129088
1616,8881.916849815007
1617,5923.772840752169
1618,5241.769577011675
1619,5688.248475448425
1620,6312.505405120126
1621,6744.067371950449
1622,5756.3843390340135
1623,6307.639265705494
1624,5070.102248214658
1625,6840.51021677359
1626,8726.786627098709
1627,6373.637784708015
1628,7163.399037614738
1629,7580.02462578331
1630,6061.885565871947
1631,6243.79301398165
1632,9189.101761594775
1633,8901.002851533227
1634,6741.033004050633
1635,4913.674829324994
1636,13317.215090077147
1637,8158.69906713228
1638,6397.239720719389
1639,10045.200254085828
1640,9478.583294321914
1641,7983.370627823676
1642,7206.975161294611
1643,7555.751507563428
1644,9954.584874648654
1645,14049.655285090403
1646,6509.6166181532235
1647,5457.008323057161
1648,6183.93360183407
1649,7535.619338199733
1650,6922.405172067908
1651,9171.653016107832
1652,9296.945438229124
1653,6397.110409692292
1654,5394.162501004787
1655,7020.444201518808
1656,8489.461687552073
1657,5829.892757759906
1658,8103.128915079296
1659,4933.566321364918
1660,8658.581065934462
1661,10246.244013681224
1662,7624.355967376211
1663,9264.454099416433
1664,7167.311385656453
1665,5581.184997174584
1666,6803.009979600859
1667,8387.30489485797
1668,8400.235920356994
1669,7719.818559931458
1670,7561.203122564063
1671,7355.46359018847
1672,5763.698538926013
1673,9772.945383377431
1674,5367.7973899197705
1675,10957.072377649949
1676,6896.060692396352
1677,5828.454641599214
1678,7509.4059439780685
1679,6915.02294760829
1680,8200.18645168231
1681,9194.163518094136
1682,5163.061632909676
1683,5353.547362817537
1684,7570.087269733293
1685,9814.642034678616
1686,9161.015672865173
1687,6888.995837747076
1688,7012.455947082233
1689,7102.1066893740235
1690,7268.137951491487
1691,6432.342361098217
1692,10609.614538775106
1693,9105.06247682166
1694,12536.67058948989
1695,4954.54449782478
1696,6503.842236711539
1697,0.0
1698,8235.17055432422
1699,5876.550539861773
1700,10637.166700432617
1701,6971.604575270306
1702,6572.57873901618
1703,5793.842475601407
1704,6465.478382218444
1705,5994.620960213755
1706,7017.167529816712
1707,5329.470076441273
1708,5933.730223882932
1709,9859.848920981332
1710,7472.051707222472
1711,21182.31340641938
1712,7776.67484512731
1713,5969.299693148632
1714,9534.593688680727
1715,11169.099256882055
1716,7622.2709514532135
1717,8330.12298190073
1718,6210.653798011035
1719,9686.175586161136
1720,9163.31067078189
1721,6588.078794510827
1722,6355.7876306608205
1723,8238.492556318846
1724,8608.678431483278
1725,8091.409853663168
1726,8025.96213665977
1727,7012.046729190767
1728,6008.299964650207
1729,8239.25804009452
1730,11159.434658327395
1731,12468.29452900446
1732,12304.569210585038
1733,8412.913273971686
1734,7704.620900666609
1735,6878.870284437987
1736,5726.0509737243765
1737,9443.019976442354
1738,12012.867799046619
1739,9657.703414680316
1740,7025.576871211298
1741,6975.0259420812445
1742,6562.936605720114
1743,7447.765291058317
1744,11377.129606074059
1745,8175.015157372106
1746,6112.6203619914995
1747,7275.979041992123
1748,8358.148773677633
1749,5072.246619958801
1750,8313.630152054935
1751,5728.092403048394
1752,8892.778937494377
1753,8231.131615341628
1754,6148.79674942528
1755,7889.016503518135
1756,8284.257341145758
1757,7414.624154733266
1758,7752.262623061125
1759,7936.482581218325
1760,12765.101624269397
1761,7155.369171479052
1762,10151.513616343977
1763,8946.73561016603
1764,10084.945826768962
1765,7776.150799918171
1766,11636.710088371452
1767,5846.4896818944535
1768,5768.591197404702
1769,7629.044650182414
1770,7102.084083060631
1771,9697.229529069853
1772,8496.667269665264
1773,6219.6691788275975
1774,8243.324229297801
1775,6704.113476481656
1776,12294.89702366325
1777,5353.64746625011
1778,14550.82236789557
1779,6814.91358276105
1780,6815.19597746817
1781,9718.899116806953
1782,6813.893020793901
1783,7599.856593000663
1784,8816.269303445715
1785,8151.9924735848845
1786,9351.72718801512
1787,6504.808543680473
1788,8525.896587604444
1789,8536.742958464803
1790,8697.276487831448
1791,6350.170574249681
1792,8483.216980162435
1793,12346.187140966063
1794,7664.023563839615
1795,5194.303817440022
1796,7996.507741798122
1797,7026.828625872325
1798,7042.069427313214
1799,7484.608170957715
1800,5345.965385106288
1801,8255.120723689455
1802,7560.171419390018
1803,7911.365175343168
1804,7691.651912575538
1805,6010.397432037139
1806,7194.615606015074
1807,7002.610869802111
1808,8887.375101180298
1809,9768.92043954203
1810,5898.986512398709
1811,6038.687828877739
1812,8131.352813854626
1813,7678.730402891647
1814,6898.530738793125
1815,8357.755598344422
1816,8532.269320840756
1817,8877.884456968724
1818,7131.693092079244
1819,6104.31571060307
1820,7524.4116248812625
1821,9077.992130406912
1822,10061.113581489768
1823,9524.55718601082
1824,9240.73958142189
1825,7227.892522857496
1826,9303.949517282084
1827,7670.0456891300455
1828,9445.755487227227
1829,9838.27926750663
1830,7860.433677667589
1831,10577.591717878255
1832,9502.93644473295
1833,9230.63729476124
1834,7137.551178313633
1835,9133.669430535792
1836,8599.10430046898
1837,7275.444742643045
1838,4983.471784857682
1839,7592.569700944399
1840,8871.985963017209
1841,7032.02946868619
1842,6985.447775237809
1843,9536.765966919702
1844,8218.611613112875
1845,7638.2844521410325
1846,7037.712361702946
1847,6498.9488137898525
1848,8564.420095814263
1849,8315.290867339947
1850,8266.17218204045
1851,7342.752652233741
1852,6986.458294100495
1853,7812.722963689945
1854,5308.883485665295
1855,7055.2004881016455
1856,6089.097766444187
1857,8889.726335127643
1858,7465.620473273888
1859,6670.305724137597
1860,10704.480464592416
1861,7270.107596789594
1862,7840.147993199559
1863,11977.596766386772
1864,7879.481955410478
1865,8067.269520755959
1866,8700.108852126117
1867,7310.609041341269
1868,6254.4084510498715
1869,6629.572496315437
1870,9020.941917202763
1871,12521.242943260773
1872,6750.392489540132
1873,4599.503542482475
1874,6028.433049647607
1875,8449.889263035158
1876,8784.39465470339
1877,7961.710680294048
1878,8683.470666743886
1879,6132.825575909086
1880,6931.771690849039
1881,4527.11423887051
1882,6342.0470687410725
1883,6944.295487102808
1884,8268.73972984475
1885,8482.136507800446
1886,7406.283635497521
1887,9380.796114694022
1888,12188.847336842062
1889,8432.49612033805
1890,6158.133270701405
1891,10459.351654473627
1892,12497.828748806165
1893,6775.536770321591
1894,9810.216991178077
1895,6260.010920969072
1896,7093.757697411738
1897,5100.438590607337
1898,9216.510778328495
1899,6546.5371696722805
1900,9334.831991985373
1901,7610.797524325208
1902,9805.38680135722
1903,9680.864719321404
1904,6450.983022604441
1905,9364.631892576894
1906,21481.776988566333
1907,13624.538482173979
1908,7964.14559920595
1909,5026.651182140881
1910,7586.468511186506
1911,11032.41625498536
1912,7503.589067545018
1913,11754.166293135695
1914,20850.99355944055
1915,5640.067633573968
1916,5916.28223437259
1917,9313.753820303507
1918,6360.15465521173
1919,12018.422954611919
1920,8702.98349033836
1921,8387.40817513618
1922,4861.323026393178
1923,7933.422090482113
1924,7715.742755422875
1925,8245.063788134887
1926,10503.204753906624
1927,6997.4385274973365
1928,6928.924888052388
1929,8229.651423843898
1930,6056.523707156444
1931,6597.891323913192
1932,7649.968886926003
1933,6711.779520393156
1934,7166.71423559535
1935,8655.347522983746
1936,6545.842160631088
1937,7356.3339862298135
1938,7701.554104021186
1939,8120.637268225556
1940,9025.666628148396
1941,7581.076586273662
1942,10465.998218699042
1943,6982.230464592191
1944,5207.139608056534
1945,8691.285781685661
1946,8166.144854260098
1947,6907.085351411086
1948,5622.700103229639
1949,10913.355815752397
1950,8443.684395097285
1951,8460.711480264774
1952,8175.031668378171
1953,6790.997980450575
1954,6019.6791582793985
1955,5293.962745977601
1956,11652.41314403921
1957,6646.2532775013715
1958,8429.46030257346
1959,17328.39982522199
1960,8033.500855158062
1961,7563.441123252408
1962,6127.109779473935
1963,6117.848121480794
1964,8318.887017997691
1965,6178.733816043624
1966,6220.085075070822
1967,11551.685130799255
1968,6258.278216583449
1969,20028.150820664734
1970,16134.564782698539
1971,5396.044468267336
1972,8583.27316041113
1973,7084.27521200935
1974,7964.910707267941
1975,7521.068775108098
1976,10901.891361316011
1977,8222.872240519446
1978,10700.658488310914
1979,8890.42062878596
1980,8359.239285897258
1981,6899.198727361845
1982,10794.138853673861
1983,8595.8387127371
1984,7626.485028131432
1985,7214.283020996408
1986,6216.7129988691895
1987,9935.606188761334
1988,10218.047053986786
1989,7327.6915789049735
1990,11812.005661495194
1991,7755.4255763496985
1992,11462.416212954638
1993,5857.65279571623
1994,6793.910853764186
1995,7185.896799699886
1996,12285.608275582395
1997,7506.606270632348
1998,8817.06298348304
1999,8080.838874328009
2000,9353.65230506175
2001,6682.598965114034
2002,10109.877456021732
2003,8239.533768232637
2004,5848.326323648033
2005,16032.432278293632
2006,20265.33172228457
2007,8607.944084102164
2008,8436.2597326318
2009,10625.929735188876
2010,12260.218901446877
2011,11772.96782775212
2012,8215.961246328641
2013,8692.948840702993
2014,7074.656357692543
2015,9186.884983633043
2016,5492.594708685084
2017,8042.182538280218
2018,7678.975734257783
2019,6972.524661350499
2020,8484.154562450389
2021,7087.246081666531
2022,6889.648165889166
2023,7570.19516474561
2024,5269.552083044126
2025,5760.918626811265
2026,7451.254055012992
2027,8625.911192230364
2028,9540.905381317098
2029,9970.37155973003
2030,9588.873711375154
2031,8041.929761816132
2032,7575.441908214992
2033,11431.667918255458
2034,7982.499575378381
2035,6651.714077592134
2036,7158.655612718701
2037,9293.946978309239
2038,6188.723082466722
2039,8565.169405490788
2040,4848.771864486074
2041,7001.945799036547
2042,10008.063392381679
2043,6340.5571487268735
2044,6787.484559629438
2045,8832.765004188102
2046,9693.339239738754
2047,12906.319290228574
2048,6829.9780587201485
2049,10031.194478720894
2050,5339.279706964836
2051,6701.011589489038
2052,7399.965211342312
2053,5718.423782164629
2054,9329.80764222176
2055,7241.616671749455
2056,7071.34710087213
2057,9115.78189545849
2058,12697.803735302688
2059,9264.236162736215
2060,6855.671616736029
2061,6910.226152390097
2062,8711.76505270383
2063,8498.409718315792
2064,8575.376161885037
2065,6467.2676396495535
2066,7722.792713937901
2067,12486.339966343876
2068,6444.331869531163
2069,7970.92306404855
2070,8455.547803815012
2071,9099.894345520777
2072,14478.760722135075
2073,7002.572431030751
2074,15280.921652618248
2075,7903.957651483868
2076,6284.551935180943
2077,5410.860777017149
2078,8291.998475619701
2079,7604.392800491259
2080,6376.489800848801
2081,7860.044633254263
2082,6923.802905855615
2083,6068.578689570191
2084,8174.606424046063
2085,7132.214436363443
2086,8682.851721661178
2087,8446.808242364212
2088,9229.193892130057
2089,9844.332530282032
2090,6790.645444166011
2091,9570.50883038163
2092,6770.7323547677925
2093,7892.167325672019
2094,6857.355922755255
2095,7098.358387065943
2096,12824.205420235463
2097,7662.979179367317
2098,6438.880643004574
2099,8315.558007202715
2100,9871.147457460766
2101,8638.601823022187
2102,8084.356760979527
2103,9030.644378926734
2104,6982.17079914784
2105,6351.4954691100165
2106,7797.807830661843
2107,10182.345258105177
2108,7542.194089991369
2109,7748.691141820339
2110,6867.580955725468
2111,7296.326663777221
2112,5803.663894030978
2113,7050.6255639799
2114,8950.449722358935
2115,9403.300053045474
2116,11157.644066341307
2117,14128.713850267945
2118,8871.148986705553
2119,6343.195007559003
2120,6845.141999386285
2121,11729.133121648265
2122,10282.987668892338
2123,9236.645241219754
2124,9333.493834626168
2125,10055.894291730207
2126,8190.163075247979
2127,6495.653755216021
2128,10731.741124242282
2129,7555.838209809536
2130,8401.493597409373
2131,8194.4358788355
2132,4399.473970674424
2133,11902.331306621762
2134,7657.771392862244
2135,6969.978520217972
2136,6117.098514840875
2137,6960.262009285025
2138,7670.103198665845
2139,10796.475569531694
2140,7357.480660477751
2141,5580.169955579157
2142,5908.131735309871
2143,6081.526590299645
2144,5126.139383226849
2145,8301.948170184944
2146,21131.351316351203
2147,5926.696544024567
2148,6160.1848191568
2149,7970.884783698602
2150,6054.7161270077795
2151,6152.805938847937
2152,6897.471090412717
2153,6027.372758301885
2154,7840.256183671279
2155,8356.639976522403
2156,5255.0609594645775
2157,9502.796624125811
2158,6724.019242034132
2159,6560.544318891401
2160,8840.111705964817
2161,9178.474556462736
2162,10570.502011227045
2163,7197.754001140065
2164,8582.120101949682
2165,5969.6238359696945
2166,8794.038027473822
2167,15929.736973988993
2168,11352.037537796308
2169,7447.821046262818
2170,5782.899699447661
2171,6251.127860469629
2172,7263.156191600114
2173,5777.3325107323935
2174,10401.721889533106
2175,8505.920381703836
2176,6140.633713797742
2177,10715.766167704378
2178,5806.291818593015
2179,7200.526406584078
2180,9070.983625189127
2181,8802.58764737917
2182,8461.209506339435
2183,5842.278511440541
2184,6915.792772480235
2185,7950.456665292738
2186,11002.549064915627
2187,9515.23015983174
2188,7492.138916574201
2189,5999.307050933592
2190,6785.7915220652
2191,7006.434973725436
2192,5362.752435675488
2193,8658.199111235981
2194,8118.020027205608
2195,7209.344622193565
2196,7650.499648757537
2197,7784.213385453218
2198,7926.270018009908
2199,7135.785888441824
2200,7625.35274023925
2201,8256.171166805709
2202,7206.334741151783
2203,10087.882129249409
2204,7214.3153186974805
2205,6331.785755392154
2206,12315.93832687143
2207,6032.964863454152
2208,5138.433139590585
2209,10307.424391779989
2210,9795.7583124852
2211,13660.668685053664
2212,6650.568299857545
2213,7245.3728623442275
2214,6685.229402919032
2215,9216.408353197961
2216,7070.624988836885
2217,8919.645368167641
2218,4381.305257134807
2219,7873.892162237507
2220,7306.332667251566
2221,6974.674894916905
2222,5914.591441140313
2223,8122.419005676069
2224,9587.586308542543
2225,6669.727007932517
2226,11429.993236812334
2227,8582.157590794597
2228,9048.974527790368
2229,6397.242850681625
2230,7951.80224355072
2231,6872.16097737522
2232,11200.000165570895
2233,8695.487974792279
2234,5683.031695717509
2235,8619.96918037898
2236,9042.724975841942
2237,8031.661834967985
2238,6821.289213417998
2239,5165.544438727788
2240,9150.866833505073
2241,7460.120913909211
2242,9546.886322030225
2243,8096.355560324755
2244,7513.061534460551
2245,9408.815016322706
2246,8754.48311831439
2247,8596.146923713155
2248,8278.485821284674
2249,7553.588808318499
2250,9492.480325297722
2251,11427.494342150183
2252,9965.42925894116
2253,6125.575121833359
2254,7052.188636758586
2255,5996.91661805135
2256,0.0
2257,10108.805884941845
2258,5791.32984531592
2259,10100.380806625437
2260,5692.41224672914
2261,8946.533772683852
2262,8235.521307946332
2263,11102.543212180733
2264,6489.566969059729
2265,6811.963696104088
2266,6958.839896002753
2267,9072.92554626185
2268,6360.959038911603
2269,8888.430369544032
2270,9332.02018345975
2271,11374.289955339258
2272,7983.60496067981
2273,8174.77010526202
2274,6716.0928852155275
2275,5747.831495884782
2276,6820.509146348956
2277,11673.737301856438
2278,10772.110561108348
2279,6659.613701548513
2280,16400.491489181433
2281,8255.72308219268
2282,6609.269896472413
2283,8137.973612254694
2284,9016.192910166996
2285,12249.01716093059
2286,8033.684460959904
2287,8751.772470956103
2288,8958.498493970765
2289,7663.817686967878
2290,8269.089117924445
2291,6467.6030410746025
2292,6171.452403575859
2293,5803.726112932632
2294,5708.691068499065
2295,6320.790016514472
2296,9767.09884773112
2297,18943.518118981465
2298,7662.62293376266
2299,6353.716041487445
2300,9207.162491195017
2301,5366.420805931172
2302,7507.768450245369
2303,4184.937065571149
2304,11379.751549996396
2305,6667.460996077593
2306,7609.965236729005
2307,14525.202009116654
2308,12988.91770073308
2309,7864.949472954726
2310,8177.198176567239
2311,4546.0238369541075
2312,7502.319122351095
2313,6785.869865539737
2314,8964.149573579138
2315,6160.323630663222
2316,5880.355680575197
2317,6758.369772891249
2318,7327.7363256583685
2319,7416.637780027576
2320,7846.220092653395
2321,4758.40644188739
2322,8665.59303659091
2323,8963.72426034361
2324,9263.230955691117
2325,6591.261115872224
2326,5966.55486192904
2327,8672.703895983903
2328,5185.122264652826
2329,10247.698046292284
2330,6735.417466476606
2331,6375.659955889231
2332,8252.808985306705
2333,6962.979114545135
2334,6425.082045443474
2335,7807.672366146461
2336,7943.009375687699
2337,10939.738218414124
2338,11388.722869575438
2339,6892.191587517216
2340,6009.04272089718
2341,7286.682012997267
2342,6927.506187519631
2343,6521.3676439974315
2344,7464.36639340886
2345,7247.963630798317
2346,10731.60731990253
2347,9193.479983560532
2348,7563.4012047319975
2349,8507.226784253375
2350,6908.383643167675
2351,10711.744073857444
2352,7577.459846423663
2353,15050.132599938426
2354,7691.836133867613
2355,6660.373313629924
2356,7096.036765596858
2357,5335.084042923529
2358,8546.419812006054
2359,20048.200694913332
2360,4967.7732640959675
2361,5634.0475784529635
2362,11235.41846717604
2363,8373.700482169885
2364,8111.970841715029
2365,8585.504378397929
2366,6964.689963922623
2367,6124.790125477973
2368,5323.915144026674
2369,10410.624252626323
2370,7075.0891652095615
2371,7459.893777054222
2372,7407.399988339703
2373,5911.311354090963
2374,8688.027585628397
2375,7680.521636872863
2376,5041.762913328416
2377,10085.82519081544
2378,9884.669820047317
2379,5793.693532413174
2380,8434.232114758815
2381,7752.697913391766
2382,6071.2318948495
2383,9542.10997577955
2384,6916.863689846125
2385,8542.239498149902
2386,6274.400830216884
2387,6707.405685112746
2388,7265.959044850291
2389,0.0
2390,8659.61298874316
2391,6388.818010358812
2392,7034.689286635679
2393,6238.822004715884
2394,6933.834775989393
2395,7248.627576912383
2396,7889.807383282343
2397,8694.774197935601
2398,8440.58395001859
2399,7875.312761145366
2400,7223.755672250658
2401,8645.635313740728
2402,9974.642202637562
2403,9923.469668826687
2404,8298.34765355409
2405,5100.680412328417
2406,6923.068320945388
2407,7663.616054798
2408,6081.348059814975
2409,12027.987830245085
2410,7484.086024300807
2411,9221.222488555948
2412,12294.956990427521
2413,7505.036283425272
2414,5918.717974813717
2415,14585.108508580539
2416,10987.996898985706
2417,6704.788345466021
2418,10126.424507297725
2419,10665.772066196787
2420,7047.788156256548
2421,7759.201474205544
2422,8263.9303160584
2423,7290.479530834975
2424,6813.659381991492
2425,7910.035393918221
2426,6885.416526671637
2427,9319.445966372003
2428,8355.568101344552
2429,7651.487232272092
2430,8841.604099994978
2431,7302.007798115133
2432,8605.317708007498
2433,7490.5095996396185
2434,10087.329891595118
2435,7813.888921188283
2436,7531.843302167286
2437,7958.998253531281
2438,8329.692424402281
2439,9863.928734814735
2440,7170.390274556196
2441,6402.154835384539
2442,7336.780802291087
2443,7576.329362127228
2444,8338.14843292281
2445,6028.835400762498
2446,5765.0237138820185
2447,8708.222938546036
2448,6866.346639111451
2449,7409.79541194995
2450,8828.913959159818
2451,7302.364961082863
2452,8009.466518212928
2453,5725.908802993442
2454,4735.07340981931
2455,8304.679687713182
2456,7337.698159244659
2457,8328.665461375125
2458,11494.771570560317
2459,9758.539195983742
2460,6022.6858806358205
2461,9360.177134942805
2462,5530.760409553785
2463,4539.602552901252
2464,8086.711203341957
2465,12722.535594867397
2466,9537.988945702695
2467,8865.427275797229
2468,5894.348478979513
2469,8265.50703044322
2470,11016.105062160283
2471,9537.093234452639
2472,9286.01407520029
2473,6192.933818586143
2474,5588.555177822861
2475,6080.543070146953
2476,6862.652819425043
2477,7308.595794904999
2478,6369.594946132516
2479,6746.899959609087
2480,5447.425143139492
2481,7146.078331071889
2482,9694.55475410958
2483,6750.818960331169
2484,7784.670186636719
2485,8112.469296457516
2486,6043.057400304358
2487,7080.643613192649
2488,9566.282937217931
2489,9316.847073470957
2490,7018.693483909549
2491,5225.116809142838
2492,15721.541842188342
2493,8232.605657434717
2494,6801.336946104672
2495,10577.0700800351
2496,10281.089880689682
2497,8615.37789150746
2498,7739.419831968826
2499,8108.644002471529
2500,11179.392533972226
2501,15694.517551935696
2502,7429.096567093222
2503,6079.021488714255
2504,6025.491516199915
2505,8115.02780395158
2506,7430.923282650471
2507,9814.188484191844
2508,10332.073247272601
2509,6848.313463434748
2510,5634.889408826699
2511,7647.353377798503
2512,8848.586731365485
2513,6179.5784212018325
2514,8359.410568314895
2515,5322.81235799379
2516,8906.52073242926
2517,11290.107418700285
2518,8366.72092746246
2519,9984.80379988995
2520,7478.822568377583
2521,5707.802332433797
2522,7308.538600512939
2523,9062.381410439559
2524,9063.546144425834
2525,8122.667125161881
2526,7981.75031863785
2527,8002.889149927951
2528,6226.703838106095
2529,10659.046936559682
2530,5804.679884473031
2531,11493.23984012826
2532,7272.347804180078
2533,5930.862211582648
2534,8118.117654147555
2535,7373.892817709705
2536,8623.06011488778
2537,9619.257772584506
2538,6058.2651125367565
2539,5591.866610725956
2540,7947.268445356448
2541,11170.977798518517
2542,9600.30582733192
2543,7016.035981854332
2544,7818.405616182352
2545,7908.056358474148
2546,7773.666572403567
2547,6829.275663054065
2548,11269.771632135687
2549,9729.818370200152
2550,13222.493692702783
2551,5378.831501805107
2552,6829.81163854663
2553,0.0
2554,9716.471283743122
2555,6462.023793862895
2556,11370.844793677423
2557,7503.606942495015
2558,6847.950736920998
2559,6415.32707359321
2560,7017.32366375992
2561,6296.529535975853
2562,7454.05002436997
2563,5845.110693861099
2564,6392.110723018884
2565,11784.573758265928
2566,7785.7759402020165
2567,22672.617197522788
2568,8024.191702774061
2569,7500.703165420431
2570,10638.129822001849
2571,12455.02098598849
2572,9268.664571716074
2573,9905.831829152059
2574,8025.963633665622
2575,11089.278452131286
2576,10629.461447488819
2577,8198.27215480457
2578,7928.426460437782
2579,9723.898632802735
2580,9806.697880486054
2581,9382.918307944594
2582,9799.91505506478
2583,8745.21172727914
2584,7568.14965967481
2585,9945.934029726322
2586,13070.652295400385
2587,13943.353990390717
2588,13700.230317884607
2589,10335.66223131549
2590,9139.3131756675
2591,8362.469207819242
2592,7235.8109461527565
2593,10484.84858159046
2594,14315.80131952867
2595,10759.756349638199
2596,8864.755888940379
2597,8623.15698041902
2598,7397.483320281917
2599,9225.506545671164
2600,13127.956409176953
2601,9741.256762003244
2602,7739.475007765931
2603,9291.173973256324
2604,10181.875740608692
2605,6755.333886720757
2606,9873.127419170485
2607,7423.96949642476
2608,10829.558588052301
2609,9911.355601822503
2610,7833.192752420019
2611,9500.891406910523
2612,10108.403052823793
2613,8820.042060681208
2614,9545.845095052362
2615,9350.496967553136
2616,14837.825009800425
2617,8721.610776110194
2618,11785.66315905763
2619,10101.104654275334
2620,11552.069192809931
2621,9588.01361917276
2622,13022.343401683445
2623,8175.864368608229
2624,7550.234058394165
2625,9238.15626810468
2626,8400.832656233935
2627,12575.776126029103
2628,10142.860179245707
2629,8164.575211918955
2630,9957.946929367468
2631,8404.67092796289
2632,13316.508553433738
2633,6873.504446048662
2634,15844.330422619843
2635,8463.10012294021
2636,8471.534698114752
2637,10987.982663190549
2638,8435.606000261332
2639,8956.68052913811
2640,10444.375805735837
2641,9899.244864686121
2642,10136.716178570547
2643,8227.280865971885
2644,10421.26205684661
2645,10427.500666094844
2646,9688.065222417352
2647,7861.588751631155
2648,9924.46312511658
2649,14274.114972006944
2650,9091.277329443912
2651,6677.198450625495
2652,9560.931731423345
2653,8422.401617126969
2654,9133.894724370635
2655,9373.848550476174
2656,7040.910912650107
2657,9904.809952535896
2658,9076.821436457063
2659,9416.3450905286
2660,9243.790797664913
2661,7203.922596007369
2662,8815.05745490229
2663,9517.681474742381
2664,10278.082054677801
2665,11159.671376178416
2666,7580.310294098847
2667,7724.155184186597
2668,9795.022048107827
2669,9333.913749320192
2670,8420.520945045575
2671,10020.2680916883
2672,10272.725264744131
2673,10295.192943231976
2674,8674.747147510807
2675,7480.764014214718
2676,9398.82750580122
2677,11032.835194083698
2678,11109.459327539655
2679,11394.960677622228
2680,10920.882596804508
2681,9003.660439176916
2682,11129.726897749933
2683,9386.366939388556
2684,11120.95389249585
2685,11585.531658607884
2686,9659.808894163209
2687,12230.323842109381
2688,10275.411850047138
2689,11069.708632903043
2690,8672.905696287518
2691,10675.876786432338
2692,10295.397609954582
2693,9486.350698718037
2694,7349.8366689000295
2695,8934.237393504929
2696,10485.783329464593
2697,8849.217541540997
2698,8638.454326947773
2699,11364.01298851204
2700,9294.01635512603
2701,9196.414602757048
2702,8853.367174120027
2703,8334.363090766672
2704,10064.063694249551
2705,9838.998448871349
2706,9991.864673827356
2707,8814.715755920728
2708,8715.033801592843
2709,9330.216406311105
2710,6643.808105781771
2711,8800.314825441943
2712,7824.173227176148
2713,10511.829114182521
2714,9342.62956369024
2715,8454.025150213141
2716,12434.284368456625
2717,8778.002378342768
2718,9633.427533633218
2719,13331.307453946076
2720,9517.513374159838
2721,9828.05864846198
2722,10238.77039923591
2723,8156.8219233753625
2724,7693.743589224898
2725,8365.857094286053
2726,10442.362930330473
2727,14872.598569307198
2728,8406.060102995607
2729,6198.439378629258
2730,7604.22782855874
2731,10125.532273862884
2732,10425.943549151047
2733,9307.472951168578
2734,9842.971691834431
2735,7503.83287123285
2736,8381.096545426466
2737,5752.536796514352
2738,8130.247316974275
2739,8459.571801079926
2740,9843.318893037696
2741,9821.679028673465
2742,8891.76185663428
2743,10631.284015675976
2744,13288.81173112922
2745,10041.957019875357
2746,7855.359186652943
2747,12239.330373340503
2748,15593.533743917495
2749,8625.895402328235
2750,11339.391271991786
2751,7908.906812249532
2752,8742.653588692197
2753,6995.035543244533
2754,10866.691742899333
2755,8411.127429289087
2756,10671.587310450845
2757,9306.543255951856
2758,11672.436995588376
2759,11098.883756428599
2760,7966.259336581558
2761,11441.668704358555
2762,21795.005670841016
2763,15301.461094378987
2764,9350.142762047572
2765,7071.165208074912
2766,9149.75723089179
2767,12922.025151321506
2768,9205.251656913944
2769,12289.050916707138
2770,18948.28729195236
2771,7431.205027569972
2772,7561.314636352293
2773,10677.179019926896
2774,8099.867162714411
2775,14375.674203173512
2776,10534.291406007733
2777,10089.606360361659
2778,6475.318126447626
2779,9955.18990649446
2780,9296.431455220138
2781,9899.816472993887
2782,13525.715840895
2783,8398.238418946565
2784,8442.069964615055
2785,9920.548175307276
2786,7966.640663675809
2787,7791.641436911888
2788,9441.333912659233
2789,8531.945298963145
2790,9008.269003838279
2791,10463.266113029358
2792,8482.32114997532
2793,8621.861971727134
2794,9516.340910736351
2795,9644.298958672216
2796,11072.654420992476
2797,9156.123737954736
2798,11811.02315540873
2799,8379.701595203642
2800,6447.473822644708
2801,10325.194412535147
2802,9554.90727021291
2803,8646.34270315053
2804,7536.97514352702
2805,12532.150753903552
2806,10059.994205848903
2807,9937.367078461748
2808,9782.086329905029
2809,8472.960762700593
2810,7896.247750922357
2811,6931.138184453082
2812,13372.497616190392
2813,8413.627655252349
2814,9881.44237451803
2815,18566.002969152916
2816,9587.077734652205
2817,8831.32333978825
2818,7706.793061380517
2819,8012.3093306014225
2820,10108.931571026102
2821,7280.2403599035815
2822,7914.802995558742
2823,11931.791065232164
2824,7995.675339942757
2825,20059.770639026865
2826,16826.393608835137
2827,6903.069795660861
2828,10120.579453589211
2829,8583.93276724085
2830,9472.75765886302
2831,8858.136237213552
2832,12223.701944104296
2833,9418.384926368437
2834,12373.179595507492
2835,10060.088875693042
2836,9867.086237492369
2837,8330.524294418326
2838,11971.633031469084
2839,10144.79389205306
2840,9067.554280811828
2841,8838.211118014304
2842,7822.324504079541
2843,11692.767779101563
2844,11340.025938969176
2845,8674.059583952692
2846,13339.265178615773
2847,9291.093681935623
2848,12007.500500875467
2849,7277.302350843826
2850,8381.21440304211
2851,8936.375693451326
2852,14526.561533717837
2853,9138.837058351926
2854,10412.51344912799
2855,9830.1718612847
2856,11095.389825692244
2857,8109.3293069529755
2858,11256.408530859311
2859,9642.919112426493
2860,7456.038020265812
2861,17351.7596295452
2862,19566.954750892102
2863,10340.694804744022
2864,10424.903264899502
2865,12058.391713392622
2866,14100.918734955661
2867,13006.7326191591
2868,9535.288597580195
2869,10691.552408324169
2870,8764.907821723402
2871,10895.607537572418
2872,6966.553578629228
2873,9872.351682520477
2874,9162.582958920304
2875,8690.659239430186
2876,10193.022638838365
2877,8697.096550683813
2878,8361.663746774555
2879,9583.158865210566
2880,6897.842940824149
2881,7541.729393198886
2882,9373.643086161514
2883,10137.622766241338
2884,11239.223059664475
2885,11671.918941958087
2886,11027.578997441227
2887,9591.472746018148
2888,9148.974032713688
2889,12911.55544605135
2890,9543.34766918061
2891,8064.46409076078
2892,9666.707196446707
2893,10632.574256441887
2894,7326.177485861801
2895,10340.669469726437
2896,6562.18808243868
2897,8352.841111528753
2898,12606.833728861548
2899,8315.201900461103
2900,8609.391504968864
2901,10702.753637004664
2902,11402.780849652769
2903,14237.788380433674
2904,8683.852175041855
2905,11472.001706599329
2906,6673.097876237156
2907,8253.217461642049
2908,8832.698738101948
2909,7403.469555231014
2910,10621.33175240221
2911,8500.052497062246
2912,8533.394110837735
2913,10624.970337259236
2914,15202.90851772413
2915,10679.694145430622
2916,8313.766327058687
2917,8216.626967640805
2918,10143.0511109332
2919,10063.3772510841
2920,10023.000112734564
2921,8433.661235221818
2922,9269.767335485829
2923,14353.392091197722
2924,8170.708267092268
2925,9647.425811817495
2926,9869.543872644877
2927,10698.787959739499
2928,15748.492804476402
2929,8564.818197512468
2930,16547.833813838053
2931,9591.337198431327
2932,7846.797701662672
2933,6738.399475799614
2934,9863.058091804352
2935,9267.250689422213
2936,7901.079138358792
2937,9028.925753105914
2938,8715.608155806307
2939,7638.725964796143
2940,9920.43948910405
2941,8768.409571865079
2942,10204.6898997519
2943,10066.532045167682
2944,10552.07047501038
2945,11719.284152649529
2946,8369.779439711088
2947,10713.485364308992
2948,8425.337829509244
2949,9410.840867358658
2950,8610.829190691415
2951,8897.833650202034
2952,14783.176538901103
2953,9136.513191536993
2954,7679.455364659841
2955,9721.211174611995
2956,11233.634322175398
2957,10209.319833279269
2958,9671.406174342914
2959,10457.027698067131
2960,8181.480334193841
2961,7987.573002431414
2962,9421.766796613714
2963,11886.084374195392
2964,9869.34907450166
2965,9416.291642521815
2966,9197.339910249519
2967,8796.590575329723
2968,7436.342918247779
2969,8474.821183138853
2970,10867.135699555358
2971,10944.82627889552
2972,12370.872435968933
2973,15274.117126182073
2974,10324.66901743665
2975,7704.099796660322
2976,8259.04255968889
2977,12759.20753202352
2978,11641.833297597905
2979,10524.860722470428
2980,10752.520931509542
2981,11541.078467637153
2982,9924.97250506628
2983,7981.205159689523
2984,12493.310742292793
2985,9474.454259431774
2986,9761.623171072037
2987,9877.82951071196
2988,6455.3554237500975
2989,13316.002994670302
2990,9360.411189125849
2991,8459.342212131094
2992,7049.08274811302
2993,8284.050644528877
2994,8716.616725790436
2995,12607.394061608005
2996,8936.012597632935
2997,7111.575092707391
2998,8025.617360640353
2999,7822.561162966433
3000,6483.411349737669
3001,9910.100095975122
3002,20386.29017826005
3003,7830.880401324275
3004,7786.191560614241
3005,9798.333362976584
3006,7766.02997015637
3007,7994.919211640717
3008,8423.76072261515
3009,7529.373244170981
3010,9860.849998920263
3011,9773.519574460215
3012,7284.2131948501465
3013,11091.583781766647
3014,8991.013165390996
3015,7972.080347404661
3016,10448.263631755008
3017,10653.210740001052
3018,12280.807841202854
3019,8644.359759115607
3020,10044.233742227501
3021,7872.027714281392
3022,9852.533088645912
3023,15905.803455125013
3024,14208.46306862321
3025,8967.153295265345
3026,7248.514340528133
3027,7840.341397915254
3028,8551.36615034221
3029,7370.834110023174
3030,12097.54993095888
3031,10150.906119033018
3032,8333.315855957333
3033,11997.00887945867
3034,7337.656346695899
3035,8912.951137364696
3036,11160.995730344466
3037,10543.07753886202
3038,9782.376179181518
3039,7506.938617856981
3040,8469.420275516435
3041,9584.163564308994
3042,12490.487268142708
3043,11012.024889516413
3044,8876.325331528462
3045,7594.837247865047
3046,8751.252984399378
3047,8865.675358975494
3048,6934.752872305188
3049,9878.804287382927
3050,9589.611145994555
3051,8876.833952352614
3052,9252.780443313584
3053,9264.749611527983
3054,9664.759876532195
3055,8901.845903705382
3056,9154.580425526812
3057,10226.710146684058
3058,9658.843710563153
3059,11502.35223877468
3060,9405.252160428372
3061,8018.0613932273745
3062,14001.65462740218
3063,7828.174315719825
3064,6608.43865804117
3065,11663.486809886557
3066,11289.524130049334
3067,14554.58622466746
3068,7962.466063276103
3069,8716.96398113316
3070,8332.47315996569
3071,10415.738769859116
3072,8592.43037098291
3073,10612.27158279009
3074,5606.513680911615
3075,9605.724534741106
3076,8992.877777222078
3077,8522.435331947583
3078,7584.791787582562
3079,9462.369820498472
3080,11517.69909598717
3081,8059.651820907985
3082,12987.513699859654
3083,9979.114444997917
3084,10831.275998274752
3085,8184.750221056553
3086,9462.606823179776
3087,8212.851756600712
3088,13852.487158217225
3089,10209.506941356613
3090,7255.681126214215
3091,9641.178820494391
3092,10695.86161627953
3093,9700.53108443981
3094,8144.787915815945
3095,6610.441659719215
3096,11088.383641758564
3097,9036.71131914308
3098,11341.569661007727
3099,9868.374145072281
3100,8540.593205636906
3101,11305.856092701286
3102,10358.249080049238
3103,10444.045088380752
3104,10030.005661028454
3105,9130.17921355236
3106,10429.866143075182
3107,12885.479188554611
3108,11418.227928798316
3109,7736.484476443178
3110,8962.946896805253
3111,7407.828062307535
3112,0.0
3113,11338.404313590023
3114,7781.16743937439
3115,11836.69596410162
3116,7624.689581624289
3117,10987.98584553202
3118,9544.360812676574
3119,12825.145582604697
3120,7825.806264299921
3121,8667.699947893214
3122,9087.682041590393
3123,9991.57543899912
3124,7982.362745878167
3125,10252.838743231896
3126,10776.636708197462
3127,12614.133464958932
3128,9586.082391138436
3129,9800.946543560489
3130,8220.442523471062
3131,7130.756566636237
3132,8223.701159045955
3133,13183.676807795195
3134,12225.72758184712
3135,8335.19122221778
3136,16055.695277880799
3137,9458.608822737848
3138,8317.119712464519
3139,9403.910497193709
3140,10601.956097293225
3141,14338.59775264899
3142,9711.583515121547
3143,10283.764323694411
3144,10573.438892262595
3145,9493.957032461416
3146,9945.57684192325
3147,8163.675381908647
3148,7972.30653944678
3149,8021.725648770974
3150,7489.921502150144
3151,8045.513552422371
3152,11605.387626072725
3153,19925.294742720704
3154,9293.81449439162
3155,8002.103122286403
3156,10388.59331445178
3157,7280.696585404675
3158,9254.867880528653
3159,5696.21597150394
3160,11975.933306957004
3161,8661.588116891653
3162,9091.65413979576
3163,17212.653295554548
3164,14124.428969985429
3165,9636.976778777036
3166,9667.122271269378
3167,6044.228267808471
3168,8791.683929083734
3169,7839.018430601818
3170,10875.364109129921
3171,8055.496477906673
3172,7568.333998862468
3173,8548.51161712611
3174,9053.790173546044
3175,9141.36131593547
3176,9571.90879660739
3177,6089.4564478263965
3178,10304.659415454562
3179,10624.083649690214
3180,10880.440955701933
3181,8358.861007316737
3182,7601.99587633908
3183,10248.57738461086
3184,6950.61755314537
3185,12108.10829032836
3186,8261.081426154717
3187,8291.304501995557
3188,9636.179936605491
3189,8643.84876742651
3190,7975.455049758316
3191,9293.85836233877
3192,9867.457188758463
3193,12368.75536782142
3194,12974.093997217076
3195,8424.1834402555
3196,7566.524795722874
3197,8904.964953582496
3198,8737.799824276997
3199,7989.3038283432315
3200,9272.020326225987
3201,8382.93039534666
3202,12511.324810461616
3203,10715.328601464476
3204,8827.88299958437
3205,9980.323799020563
3206,8658.051596079516
3207,12134.646098229361
3208,8730.624361535049
3209,16299.952355453246
3210,9184.490550100094
3211,8129.624158962252
3212,8861.532300036426
3213,6679.5257769405935
3214,10157.00502517701
3215,21764.796248760536
3216,6593.759139837047
3217,7065.413081042404
3218,12799.578296478929
3219,10084.332433110627
3220,9451.365277764306
3221,10098.135545953859
3222,8732.41211684204
3223,7872.761108755443
3224,6970.2349045219535
3225,11912.217398074734
3226,8782.01065461969
3227,9021.806866470566
3228,9022.649093577573
3229,7837.662859848903
3230,10346.727587670031
3231,9128.236079985043
3232,6610.204864899488
3233,11801.038150092423
3234,11088.66542543194
3235,7409.0925192072655
3236,10126.606223000414
3237,9174.463660264233
3238,7227.928537039341
3239,11267.798679733569
3240,8300.569885927473
3241,10186.716790540611
3242,7771.845637346312
3243,8322.654790350616
3244,8752.468012217943
3245,0.0
3246,10131.980154244817
3247,7408.564263046346
3248,8642.468926403228
3249,7822.2541689807285
3250,8746.596580635985
3251,8821.337297708733
3252,9218.524822094076
3253,10387.995831961434
3254,9961.37436239242
3255,9510.838250129898
3256,9187.918864965062
3257,10305.173497903059
3258,11547.026273461031
3259,11428.726273403867
3260,9963.679669729769
3261,6608.3648442344465
3262,8350.033065720922
3263,9274.659425511978
3264,7829.578498179724
3265,13640.986533179415
3266,9376.52215649574
3267,10572.323072551022
3268,13646.057574422595
3269,9419.909628275898
3270,7604.022858087786
3271,15727.500885870917
3272,12301.737779692761
3273,8371.331636678728
3274,11351.386337798975
3275,12326.72445056141
3276,8925.50101504947
3277,8831.489902597565
3278,9815.845408928306
3279,8868.474882663904
3280,8396.264000390565
3281,9492.2006068702
3282,8275.993728441414
3283,11100.985853768472
3284,9918.924090243743
3285,9243.18045167182
3286,10732.833505254306
3287,8736.88451520268
3288,9772.696563510395
3289,8987.960421916152
3290,11801.18205751734
3291,9351.525983878217
3292,8532.5462213854
3293,9241.914916825019
3294,9961.789549676096
3295,11588.376541459393
3296,8804.155317372411
3297,8072.571849619221
3298,8966.229018325457
3299,9026.64700041014
3300,10005.756982666808
3301,7372.135273717632
3302,7264.602974643695
3303,10429.246907003555
3304,8153.715431410781
3305,8883.165474066429
3306,10557.0096758835
3307,8983.351854589057
3308,9587.13072479547
3309,7358.463112432271
3310,6357.677891270629
3311,9687.863653132737
3312,8830.806197304628
3313,9956.684812258487
3314,13330.94263581921
3315,11579.736491584179
3316,7397.986838091423
3317,10951.577948053655
3318,7194.216015361118
3319,6088.413602951679
3320,10333.034645073358
3321,14144.710731556364
3322,10960.081949671923
3323,10460.132768444208
3324,7968.875649335382
3325,9881.731597938668
3326,12358.156870023755
3327,11534.023743676713
3328,11032.81812053152
3329,7851.069417750389
3330,7254.401936127138
3331,7846.169225524871
3332,8271.564068395626
3333,8765.521987531829
3334,7988.311892662923
3335,8310.255948508273
3336,6976.613317910852
3337,8650.367993475797
3338,11051.901759375616
3339,8643.315357183948
3340,9379.375679283668
3341,9695.272205291316
3342,8147.501424795944
3343,8245.599454481857
3344,11125.434631902688
3345,11008.304848431133
3346,8775.79793866162
3347,6883.252408307083
3348,17608.382953493125
3349,9989.028360599226
3350,8335.45418170578
3351,13379.884989890083
3352,11317.723151065386
3353,10436.870417037684
3354,9190.097417367826
3355,9686.737692726932
3356,12799.791803381722
3357,18338.213612635383
3358,8902.326267722785
3359,7849.157116745131
3360,7693.309044254741
3361,9936.225099552015
3362,9256.410721303235
3363,11134.782871298416
3364,11385.558015961507
3365,8829.77514188271
3366,7415.88708870282
3367,9079.139633962895
3368,10363.411372012963
3369,7808.21320714864
3370,10400.834227843117
3371,6703.492595288042
3372,10765.156095841114
3373,12521.881407882254
3374,10063.57150936357
3375,11501.18408047434
3376,9175.673150278664
3377,7746.318021476451
3378,8707.981943530927
3379,10816.2841433906
3380,10576.519592647479
3381,9815.31341284853
3382,9351.83634091828
3383,9357.046695460534
3384,7541.235903542188
3385,12067.661751203439
3386,7650.641817519002
3387,13082.688928585427
3388,9107.385182946307
3389,7622.214703492054
3390,9715.464479120958
3391,8981.483649822088
3392,10239.27961252117
3393,11318.23843370403
3394,7917.2012681504275
3395,7247.1261891015565
3396,9842.855519014067
3397,12462.681345612951
3398,11408.488644066816
3399,8608.902763460286
3400,9138.547331464551
3401,9232.085608677262
3402,9118.512235712165
3403,8300.000478748068
3404,12825.312199219743
3405,11201.756933123062
3406,14337.541978662486
3407,7373.943110342641
3408,8631.856514541587
3409,0.0
3410,11431.377513918671
3411,8019.644393644453
3412,13538.312731753913
3413,9429.353124670826
3414,8749.748813507946
3415,8239.803227705836
3416,9207.986248834375
3417,8044.19143864767
3418,9903.911986959953
3419,7976.843839241133
3420,8196.53403886674
3421,14370.171389902896
3422,8499.762688401232
3423,22880.465423282916
3424,9751.955360191821
3425,0.0
3426,0.0
3427,0.0
3428,0.0
3429,0.0
3430,0.0
3431,0.0
3432,0.0
3433,0.0
3434,0.0
3435,0.0
3436,0.0
3437,0.0
3438,0.0
3439,0.0
3440,0.0
3441,0.0
3442,0.0
3443,0.0
3444,0.0
3445,0.0
3446,0.0
3447,0.0
3448,0.0
3449,0.0
3450,0.0
3451,0.0
3452,0.0
3453,0.0
3454,0.0
3455,0.0
3456,0.0
3457,0.0
3458,0.0
3459,0.0
3460,0.0
3461,0.0
3462,0.0
3463,0.0
3464,0.0
3465,0.0
3466,0.0
3467,0.0
3468,0.0
3469,0.0
3470,0.0
3471,0.0
3472,0.0
3473,0.0
3474,0.0
3475,0.0
3476,0.0
3477,0.0
3478,0.0
3479,0.0
3480,0.0
3481,0.0
3482,0.0
3483,0.0
3484,0.0
3485,0.0
3486,0.0
3487,0.0
3488,0.0
3489,0.0
3490,0.0
3491,0.0
3492,0.0
3493,0.0
3494,0.0
3495,0.0
3496,0.0
3497,0.0
3498,0.0
3499,0.0
3500,0.0
3501,0.0
3502,0.0
3503,0.0
3504,0.0
3505,0.0
3506,0.0
3507,0.0
3508,0.0
3509,0.0
3510,0.0
3511,0.0
3512,0.0
3513,0.0
3514,0.0
3515,0.0
3516,2979.7137347026837
3517,0.0
3518,0.0
3519,0.0
3520,0.0
3521,0.0
3522,0.0
3523,0.0
3524,0.0
3525,0.0
3526,0.0
3527,0.0
3528,0.0
3529,0.0
3530,0.0
3531,0.0
3532,0.0
3533,0.0
3534,0.0
3535,0.0
3536,0.0
3537,0.0
3538,0.0
3539,0.0
3540,0.0
3541,0.0
3542,0.0
3543,0.0
3544,0.0
3545,0.0
3546,0.0
3547,0.0
3548,0.0
3549,0.0
3550,0.0
3551,0.0
3552,0.0
3553,0.0
3554,0.0
3555,0.0
3556,0.0
3557,0.0
3558,0.0
3559,0.0
3560,0.0
3561,0.0
3562,0.0
3563,0.0
3564,0.0
3565,0.0
3566,0.0
3567,0.0
3568,0.0
3569,0.0
3570,0.0
3571,0.0
3572,0.0
3573,0.0
3574,0.0
3575,0.0
3576,0.0
3577,0.0
3578,0.0
3579,0.0
3580,0.0
3581,0.0
3582,0.0
3583,0.0
3584,2808.535485339627
3585,0.0
3586,0.0
3587,0.0
3588,0.0
3589,0.0
3590,0.0
3591,0.0
3592,0.0
3593,0.0
3594,0.0
3595,0.0
3596,0.0
3597,0.0
3598,0.0
3599,0.0
3600,0.0
3601,0.0
3602,0.0
3603,0.0
3604,0.0
3605,0.0
3606,0.0
3607,0.0
3608,0.0
3609,0.0
3610,0.0
3611,0.0
3612,0.0
3613,0.0
3614,0.0
3615,0.0
3616,0.0
3617,0.0
3618,0.0
3619,0.0
3620,0.0
3621,0.0
3622,0.0
3623,0.0
3624,0.0
3625,14111.10504160506
3626,26371.694806092935
3627,0.0
3628,0.0
3629,0.0
3630,0.0
3631,0.0
3632,0.0
3633,0.0
3634,6864.413373395859
3635,0.0
3636,0.0
3637,0.0
3638,0.0
3639,0.0
3640,0.0
3641,0.0
3642,0.0
3643,0.0
3644,0.0
3645,0.0
3646,0.0
3647,0.0
3648,0.0
3649,0.0
3650,0.0
3651,0.0
3652,0.0
3653,4526.261680780157
3654,0.0
3655,0.0
3656,0.0
3657,0.0
3658,0.0
3659,0.0
3660,0.0
3661,0.0
3662,0.0
3663,3484.8877114942006
3664,0.0
3665,0.0
3666,0.0
3667,0.0
3668,0.0
3669,0.0
3670,0.0
3671,0.0
3672,0.0
3673,0.0
3674,0.0
3675,0.0
3676,0.0
3677,0.0
3678,0.0
3679,0.0
3680,0.0
3681,8139.507277650421
3682,0.0
3683,0.0
3684,0.0
3685,0.0
3686,0.0
3687,0.0
3688,0.0
3689,0.0
3690,0.0
3691,0.0
3692,0.0
3693,0.0
3694,0.0
3695,0.0
3696,0.0
3697,0.0
3698,6725.620168570212
3699,0.0
3700,0.0
3701,0.0
3702,0.0
3703,0.0
3704,0.0
3705,0.0
3706,0.0
3707,0.0
3708,0.0
3709,0.0
3710,0.0
3711,0.0
3712,0.0
3713,0.0
3714,0.0
3715,0.0
3716,0.0
3717,0.0
3718,0.0
3719,0.0
3720,0.0
3721,0.0
3722,0.0
3723,0.0
3724,0.0
3725,0.0
3726,0.0
3727,0.0
3728,0.0
3729,0.0
3730,0.0
3731,0.0
3732,0.0
3733,0.0
3734,0.0
3735,0.0
3736,0.0
3737,0.0
3738,0.0
3739,0.0
3740,0.0
3741,0.0
3742,0.0
3743,0.0
3744,0.0
3745,0.0
3746,0.0
3747,0.0
3748,0.0
3749,0.0
3750,0.0
3751,0.0
3752,0.0
3753,0.0
3754,0.0
3755,0.0
3756,0.0
3757,0.0
3758,0.0
3759,0.0
3760,1966.883282406434
3761,0.0
3762,0.0
3763,0.0
3764,0.0
3765,0.0
3766,0.0
3767,0.0
3768,0.0
3769,0.0
3770,0.0
3771,0.0
3772,0.0
3773,0.0
3774,4050.155948332264
3775,0.0
3776,0.0
3777,0.0
3778,0.0
3779,0.0
3780,0.0
3781,0.0
3782,0.0
3783,0.0
3784,0.0
3785,0.0
3786,0.0
3787,0.0
3788,0.0
3789,0.0
3790,0.0
3791,0.0
3792,0.0
3793,0.0
3794,0.0
3795,0.0
3796,0.0
3797,0.0
3798,0.0
3799,0.0
3800,0.0
3801,0.0
3802,0.0
3803,0.0
3804,0.0
3805,0.0
3806,0.0
3807,0.0
3808,0.0
3809,0.0
3810,0.0
3811,0.0
3812,0.0
3813,0.0
3814,0.0
3815,0.0
3816,0.0
3817,6275.517268886568
3818,0.0
3819,0.0
3820,0.0
3821,0.0
3822,0.0
3823,0.0
3824,0.0
3825,0.0
3826,0.0
3827,2854.2549102395196
3828,0.0
3829,0.0
3830,0.0
3831,3018.3285735140676
3832,0.0
3833,0.0
3834,0.0
3835,0.0
3836,0.0
3837,0.0
3838,0.0
3839,0.0
3840,0.0
3841,0.0
3842,0.0
3843,0.0
3844,0.0
3845,0.0
3846,0.0
3847,0.0
3848,0.0
3849,0.0
3850,0.0
3851,0.0
3852,0.0
3853,0.0
3854,0.0
3855,0.0
3856,0.0
3857,0.0
3858,18527.59985659808
3859,0.0
3860,0.0
3861,0.0
3862,0.0
3863,0.0
3864,0.0
3865,0.0
3866,0.0
3867,0.0
3868,0.0
3869,0.0
3870,0.0
3871,0.0
3872,5834.319570531154
3873,0.0
3874,0.0
3875,0.0
3876,0.0
3877,0.0
3878,0.0
3879,0.0
3880,0.0
3881,0.0
3882,0.0
3883,0.0
3884,0.0
3885,0.0
3886,0.0
3887,0.0
3888,0.0
3889,0.0
3890,0.0
3891,0.0
3892,0.0
3893,0.0
3894,0.0
3895,0.0
3896,0.0
3897,0.0
3898,0.0
3899,0.0
3900,0.0
3901,0.0
3902,0.0
3903,0.0
3904,0.0
3905,0.0
3906,0.0
3907,0.0
3908,0.0
3909,0.0
3910,0.0
3911,0.0
3912,0.0
3913,0.0
3914,0.0
3915,0.0
3916,0.0
3917,0.0
3918,0.0
3919,0.0
3920,0.0
3921,0.0
3922,0.0
3923,0.0
3924,0.0
3925,0.0
3926,0.0
3927,0.0
3928,0.0
3929,0.0
3930,0.0
3931,0.0
3932,0.0
3933,0.0
3934,0.0
3935,0.0
3936,0.0
3937,0.0
3938,0.0
3939,0.0
3940,0.0
3941,0.0
3942,0.0
3943,0.0
3944,0.0
3945,0.0
3946,0.0
3947,10827.58264712934
3948,0.0
3949,0.0
3950,0.0
3951,0.0
3952,0.0
3953,0.0
3954,0.0
3955,0.0
3956,0.0
3957,0.0
3958,0.0
3959,0.0
3960,0.0
3961,0.0
3962,0.0
3963,0.0
3964,0.0
3965,0.0
3966,0.0
3967,0.0
3968,0.0
3969,0.0
3970,0.0
3971,0.0
3972,0.0
3973,0.0
3974,0.0
3975,0.0
3976,0.0
3977,0.0
3978,0.0
3979,0.0
3980,0.0
3981,0.0
3982,0.0
3983,0.0
3984,0.0
3985,0.0
3986,0.0
3987,0.0
3988,0.0
3989,0.0
3990,0.0
3991,2904.533099430903
3992,16376.705828787648
3993,0.0
3994,0.0
3995,0.0
3996,0.0
3997,0.0
3998,0.0
3999,0.0
4000,0.0
4001,0.0
4002,0.0
4003,0.0
4004,0.0
4005,0.0
4006,0.0
4007,0.0
4008,0.0
4009,0.0
4010,0.0
4011,0.0
4012,0.0
4013,0.0
4014,0.0
4015,0.0
4016,0.0
4017,0.0
4018,0.0
4019,0.0
4020,11906.389210462437
4021,0.0
4022,0.0
4023,0.0
4024,0.0
4025,0.0
4026,0.0
4027,0.0
4028,0.0
4029,0.0
4030,0.0
4031,0.0
4032,0.0
4033,0.0
4034,0.0
4035,0.0
4036,0.0
4037,0.0
4038,0.0
4039,0.0
4040,0.0
4041,0.0
4042,0.0
4043,0.0
4044,0.0
4045,0.0
4046,0.0
4047,0.0
4048,0.0
4049,0.0
4050,0.0
4051,0.0
4052,0.0
4053,0.0
4054,0.0
4055,0.0
4056,0.0
4057,0.0
4058,0.0
4059,0.0
4060,0.0
4061,0.0
4062,0.0
4063,0.0
4064,0.0
4065,0.0
4066,0.0
4067,0.0
4068,0.0
4069,0.0
4070,0.0
4071,0.0
4072,0.0
4073,0.0
4074,0.0
4075,0.0
4076,0.0
4077,0.0
4078,0.0
4079,0.0
4080,0.0
4081,0.0
4082,0.0
4083,0.0
4084,0.0
4085,0.0
4086,0.0
4087,0.0
4088,0.0
4089,0.0
4090,2928.7083278367245
4091,0.0
4092,0.0
4093,0.0
4094,2438.9812959920255
4095,0.0
4096,0.0
4097,0.0
4098,0.0
4099,0.0
4100,0.0
4101,0.0
4102,0.0
4103,0.0
4104,0.0
4105,0.0
4106,0.0
4107,0.0
4108,0.0
4109,0.0
4110,0.0
4111,0.0
4112,0.0
4113,0.0
4114,0.0
4115,0.0
4116,0.0
4117,0.0
4118,0.0
4119,0.0
4120,0.0
4121,0.0
4122,0.0
4123,0.0
4124,0.0
4125,0.0
4126,0.0
4127,0.0
4128,0.0
4129,0.0
4130,0.0
4131,0.0
4132,0.0
4133,0.0
4134,0.0
4135,0.0
4136,0.0
4137,0.0
4138,0.0
4139,0.0
4140,0.0
4141,0.0
4142,0.0
4143,0.0
4144,0.0
4145,2774.692226423192
4146,0.0
4147,0.0
4148,0.0
4149,0.0
4150,0.0
4151,0.0
4152,0.0
4153,0.0
4154,0.0
4155,0.0
4156,0.0
4157,0.0
4158,0.0
4159,0.0
4160,9137.924978079021
4161,0.0
4162,0.0
4163,0.0
4164,0.0
4165,0.0
4166,0.0
4167,0.0
4168,0.0
4169,0.0
4170,0.0
4171,0.0
4172,0.0
4173,0.0
4174,0.0
4175,0.0
4176,0.0
4177,0.0
4178,0.0
4179,0.0
4180,0.0
4181,0.0
4182,0.0
4183,0.0
4184,0.0
4185,0.0
4186,0.0
4187,0.0
4188,0.0
4189,0.0
4190,0.0
4191,0.0
4192,0.0
4193,0.0
4194,0.0
4195,0.0
4196,0.0
4197,0.0
4198,0.0
4199,0.0
4200,0.0
4201,0.0
4202,0.0
4203,0.0
4204,0.0
4205,0.0
4206,0.0
4207,0.0
4208,0.0
4209,0.0
4210,0.0
4211,0.0
4212,0.0
4213,0.0
4214,0.0
4215,0.0
4216,0.0
4217,0.0
4218,0.0
4219,0.0
4220,0.0
4221,0.0
4222,0.0
4223,0.0
4224,3360.533186749235
4225,0.0
4226,0.0
4227,0.0
4228,0.0
4229,0.0
4230,0.0
4231,0.0
4232,0.0
4233,0.0
4234,0.0
4235,0.0
4236,0.0
4237,0.0
4238,0.0
4239,0.0
4240,0.0
4241,0.0
4242,0.0
4243,0.0
4244,0.0
4245,0.0
4246,0.0
4247,0.0
4248,0.0
4249,0.0
4250,0.0
4251,0.0
4252,0.0
4253,0.0
4254,0.0
4255,0.0
4256,0.0
4257,0.0
4258,0.0
4259,0.0
4260,0.0
4261,0.0
4262,0.0
4263,0.0
4264,0.0
4265,12401.435000990778
4266,4959.654314911817
4267,0.0
4268,0.0
4269,0.0
4270,0.0
4271,0.0
4272,0.0
4273,0.0
4274,0.0
4275,0.0
4276,0.0
4277,0.0
4278,0.0
4279,0.0
4280,0.0
4281,4931.551615461453
4282,4203.395454159895
4283,6059.590155935106
4284,3929.3694146780226
4285,5897.093110658201
4286,3686.3907819216943
4287,6211.616820215354
4288,6170.787611030488
4289,4210.083433477638
4290,3394.795854735581
4291,6722.634194156913
4292,5617.259329782524
4293,4914.10267021346
4294,5843.3041298078015
4295,4984.408771685182
4296,2942.205900612269
4297,6140.023516922089
4298,7856.344535506902
4299,8768.26252136333
4300,7700.583782819151
4301,6936.798412404215
4302,4048.3908883869303
4303,5958.634229007708
4304,2505.0724854396235
4305,7162.1928030795425
4306,8999.18039147397
4307,7383.872542706669
4308,5470.836454818253
4309,3449.849751889061
4310,4110.738066459796
4311,6078.616898601412
4312,8121.876940802346
4313,5876.492680121639
4314,4939.165054792363
4315,5675.297810953449
4316,6348.1161866151815
4317,2840.6248438117
4318,7126.2715785689325
4319,4436.10175387474
4320,6714.218166084036
4321,6305.639213951573
4322,3940.2799932929606
4323,7069.325069351943
4324,5412.358836717634
4325,4739.379812055653
4326,4486.0001693829145
4327,6339.9580279425045
4328,10508.86141999695
4329,5721.731529354707
4330,6092.351134523547
4331,7292.683536181015
4332,8195.204488784459
4333,6460.5898710173915
4334,6560.664498166292
4335,2905.5192406737197
4336,3421.161768867258
4337,5110.113922033546
4338,5888.7366570158465
4339,8532.057057173926
4340,7159.29050329192
4341,3837.490986774161
4342,6953.653318206219
4343,4701.7015005462035
4344,6368.522879593169
4345,3221.011505597304
4346,10573.644332467737
4347,3997.119702662132
4348,4196.010630867027
4349,6855.918547891535
4350,4936.461041863413
4351,5421.497353880843
4352,4183.9245553783185
4353,5774.129203148762
4354,5619.602415120072
4355,5383.947518198427
4356,7336.931510057077
4357,7311.124506113385
4358,5431.101202323047
4359,3859.384171305361
4360,6440.720077057459
4361,11954.853617423678
4362,5362.200902753807
4363,3054.52298428113
4364,6601.9429439679825
4365,5030.911879033251
4366,6140.973581728753
4367,6966.329251222682
4368,2807.0196662405588
4369,6987.376050753147
4370,5023.641007733855
4371,5732.799956596301
4372,5626.314834525034
4373,3609.49715381903
4374,5657.531054401805
4375,5526.5299701332815
4376,7362.983027696926
4377,6741.734835961003
4378,4428.867417869967
4379,4836.378476814366
4380,6716.360621915642
4381,6233.597207852984
4382,3942.0930074103208
4383,5333.685597619538
4384,5158.272293962344
4385,5820.299516571993
4386,5467.180071823242
4387,3381.896112795584
4388,6049.253632654386
4389,5660.996967372402
4390,6282.98416585733
4391,7811.727723601254
4392,7604.100076467036
4393,5479.462465121452
4394,7434.051530095379
4395,4641.860130564758
4396,4063.750393411713
4397,8020.488544500511
4398,6581.898711361904
4399,7465.069252601137
4400,8734.191114127381
4401,7430.740042699208
4402,5620.905269457258
4403,6134.773986244709
4404,7606.388512506932
4405,4141.801583271247
4406,2662.0405841218194
4407,5678.483371427708
4408,5192.186571388816
4409,5420.459189131706
4410,3818.6661588512293
4411,6289.385010706624
4412,5470.09668778123
4413,5121.387310261893
4414,5608.00401662231
4415,3539.3725970053288
4416,6029.125758305803
4417,6879.955400673495
4418,4469.374050624621
4419,5933.809194459072
4420,3555.113679362705
4421,6447.157332726278
4422,3175.316750966193
4423,4372.3348719402675
4424,4487.279315400062
4425,7405.205427859019
4426,4627.654268266088
4427,4452.27868706604
4428,9799.551839962716
4429,4757.62522759658
4430,5848.555345546284
4431,9981.143042036263
4432,6499.303009607157
4433,6947.962405141444
4434,6194.451891841881
4435,5775.301144586287
4436,5518.877679052382
4437,3716.53436856162
4438,5863.28758730272
4439,7645.6012381543715
4440,4579.466498144254
4441,3186.413427398563
4442,2994.348521530537
4443,7093.01244021464
4444,7703.88535626888
4445,5617.304701733072
4446,6049.006355504397
4447,4937.898089349978
4448,3854.372291596701
4449,2370.078625931137
4450,3523.2719544132487
4451,5433.338212088874
4452,7154.002294343614
4453,5750.362743589357
4454,4882.488837028643
4455,8472.109889265741
4456,7783.453663817654
4457,7279.65858566579
4458,4896.492831040593
4459,7570.820103640062
4460,9330.997486745284
4461,3736.041617060482
4462,6183.866316037231
4463,5143.373428629146
4464,6147.298994674283
4465,3705.4316343047344
4466,5718.478330662767
4467,4984.461306612111
4468,7558.751868333866
4469,6229.120346340209
4470,7524.79183158923
4471,7304.379780827493
4472,5272.807900555071
4473,7570.582744197065
4474,18136.13022697682
4475,9272.567794813565
4476,4880.591699788213
4477,3501.2409754662963
4478,6594.323954375671
4479,7655.082541885231
4480,4004.9255407079445
4481,10434.001910418483
4482,16250.381075222695
4483,3954.9956911799995
4484,3767.8334069417083
4485,9368.540595920154
4486,3789.3421060147307
4487,7412.502758387322
4488,3542.2104358941388
4489,5418.147844570276
4490,0.0
4491,5416.350488042409
4492,6110.239945161659
4493,5291.926682179376
4494,8866.914936661819
4495,6047.116563433236
4496,5919.456674890824
4497,6508.352390038216
4498,5012.151894709654
4499,5319.471012795191
4500,7514.952543800187
4501,4895.070152775999
4502,5706.0190492783295
4503,4730.558001387893
4504,3913.281075453647
4505,4242.5791791185975
4506,4484.1146940357585
4507,5336.998150402781
4508,7992.23224496406
4509,6536.589111838076
4510,7236.535332410496
4511,4554.828368234977
4512,5140.933501728588
4513,3901.854136592247
4514,5391.454680866888
4515,6374.765832934587
4516,3175.518236972344
4517,6724.510324230468
4518,6134.707009495799
4519,6028.2132046412535
4520,5498.221476961161
4521,5198.462047255274
4522,3466.866081771279
4523,3057.0400129036498
4524,8900.292405623568
4525,5313.951614651794
4526,5479.939908586229
4527,12135.231196183497
4528,7041.814825969212
4529,5252.026390479779
4530,5440.2295623967575
4531,3488.402215136912
4532,4792.635224074418
4533,3455.4659362095017
4534,4015.4648366850247
4535,7637.103520463253
4536,5213.655145045264
4537,10446.409042261474
4538,11357.970872139063
4539,5460.053443336703
4540,5128.932561946753
4541,4291.217925421948
4542,5030.215810742718
4543,4816.976049385406
4544,9826.559321329212
4545,6402.033377713301
4546,7232.5844553083525
4547,4737.769412361562
4548,5380.65748093841
4549,6316.115520984022
4550,7171.03511299781
4551,6769.952665188187
4552,4906.848029242094
4553,6411.677173854261
4554,5527.657448230774
4555,8467.391092873291
4556,7315.464741745784
4557,6503.522918885653
4558,7932.774291011946
4559,6544.812447529018
4560,8689.702299077899
4561,3259.412384695629
4562,5379.522593294297
4563,5886.114752152254
4564,8993.134492842344
4565,6354.178684708101
4566,7109.763661403203
4567,6874.362775475872
4568,7562.13662856145
4569,5999.685509701346
4570,6806.925563274755
4571,5698.484803756121
4572,4182.607135384989
4573,11782.004904668262
4574,15905.946612263288
4575,6939.26404969335
4576,7034.40135747983
4577,7620.974868120271
4578,8416.228964772848
4579,7957.641592005954
4580,4750.366327021147
4581,5055.918806675286
4582,5776.752361548994
4583,7947.385331119885
4584,2874.094860801459
4585,5114.046370193506
4586,5804.379750120634
4587,4049.668816135811
4588,5156.586484880797
4589,3997.1901517281067
4590,3487.1244221478046
4591,6432.35776527461
4592,2847.143557790055
4593,3950.5812860654974
4594,5884.1606175499555
4595,5630.983486895241
4596,8102.607896375161
4597,9570.466640653596
4598,6984.303883175517
4599,7272.504598880449
4600,6363.574724803183
4601,9325.780499255845
4602,5180.650908858829
4603,3323.0048234030514
4604,5411.938517262071
4605,9342.808731910573
4606,3809.9048215056805
4607,7131.2180761016125
4608,3634.48118293915
4609,4119.02162924433
4610,6408.768320589115
4611,5383.455960588185
4612,5565.983556360821
4613,8178.641500671746
4614,8510.925431311014
4615,9325.70060288286
4616,4265.400078690054
4617,9040.072526362597
4618,2755.0785329489436
4619,4492.0173679824975
4620,6054.781415488539
4621,4057.335209750848
4622,7945.650016765257
4623,3523.541326851126
4624,5024.884160475336
4625,6204.593198447859
4626,8723.50386419181
4627,8960.6599455045
4628,4217.649246028447
4629,3476.971741320588
4630,6464.600678657525
4631,7350.535410069871
4632,5490.758392291635
4633,5728.298230551206
4634,7837.703192982101
4635,8004.695215519366
4636,5340.755243537975
4637,4651.469819558355
4638,7258.79273263111
4639,6046.588608915324
4640,11829.437427713401
4641,6840.936304376256
4642,12856.883792040417
4643,6195.202049798732
4644,5456.5919088045675
4645,2959.3551337163053
4646,5429.272454552983
4647,5905.726613235838
4648,5461.090575672127
4649,7541.825456308921
4650,5893.9874749472965
4651,3205.1237998051256
4652,7293.563192165038
4653,5044.588559784245
4654,6293.811969429644
4655,7255.637989906391
4656,5872.456445348057
4657,7949.002087253514
4658,5099.289255103471
4659,7059.416381835992
4660,4120.279011446384
4661,6476.196039849822
4662,6295.872640161043
4663,4428.334952804809
4664,8650.348728588722
4665,6689.084240814299
4666,3724.214452170059
4667,4561.073265895496
4668,6802.674742100246
4669,5335.214564010707
4670,4532.438810467582
4671,6077.5602202545115
4672,4875.565559770919
4673,5403.348301293142
4674,6435.846460310862
4675,9209.408194749416
4676,5134.692162914925
4677,4006.9749193558796
4678,5683.400394609475
4679,5967.744054881565
4680,3225.942975988046
4681,4442.710235939335
4682,8317.483966971597
4683,6430.01731803732
4684,9678.910057453077
4685,8285.91815984736
4686,7670.727087841098
4687,4411.225464731717
4688,4225.276732754301
4689,9707.052078000715
4690,7624.4525119742775
4691,6711.242356059712
4692,6264.100729337691
4693,6774.294784377337
4694,4631.989951415437
4695,3748.763669531717
4696,8335.144965748785
4697,6238.719449435256
4698,5813.7554805836135
4699,5266.711632916355
4700,2672.0640930174714
4701,8095.110731947003
4702,6453.364420592858
4703,5382.514856543249
4704,3810.4096318806314
4705,5516.067317160665
4706,5389.213673431263
4707,4942.587945123459
4708,8228.569893448384
4709,4879.979075561611
4710,4256.661013585915
4711,3546.798515819722
4712,3111.634325154571
4713,5362.274088820108
4714,15297.50206903973
4715,3668.3705315947045
4716,5698.618210792704
4717,6036.249523208853
4718,3385.8982376514864
4719,3794.8960907457217
4720,5905.406574894646
4721,3048.875412142699
4722,8783.61147381402
4723,6535.389633930511
4724,2709.4546929257763
4725,8005.504835803919
4726,2935.6562932746187
4727,3984.051995234868
4728,7414.194600508777
4729,7711.685806018558
4730,8141.546036175703
4731,3529.7578889819256
4732,5311.274136352581
4733,4723.39587025351
4734,7103.583196036583
4735,14854.90175377606
4736,10518.994223542479
4737,5649.79385927695
4738,3447.1380815798116
4739,5743.158154920237
4740,4254.171800857883
4741,2871.74122886247
4742,8341.862954547381
4743,5087.108057407386
4744,4977.212270863815
4745,6989.9312931494305
4746,4850.886438389684
4747,4643.431252630608
4748,5705.280015248937
4749,7214.724187008993
4750,6759.653462196475
4751,3278.3899382599243
4752,4067.085171833254
4753,6449.094623381727
4754,8790.505079309653
4755,6583.368322163372
4756,6564.164021119319
4757,2696.253022589748
4758,6952.536892537223
4759,4641.665715684575
4760,2828.0951469970464
4761,5320.967914652264
4762,5310.123274368606
4763,4350.08394090586
4764,6426.808890035161
4765,4991.240641043269
4766,6145.042686095311
4767,6327.463488507385
4768,5909.146714168927
4769,7350.2236849424535
4770,5248.814961714385
4771,8163.639748126865
4772,6030.864102347829
4773,3245.046074499404
4774,10161.738219591156
4775,3563.068879704156
4776,3935.140753247481
4777,6494.615025351482
4778,9315.856786280587
4779,8802.421353362042
4780,4134.354971587913
4781,4564.023810055439
4782,4170.62553603027
4783,6229.82375070188
4784,5506.874504918898
4785,7348.753868538228
4786,2472.033990290128
4787,5530.796195223442
4788,5317.452872247524
4789,5146.03434601086
4790,3219.8712920835333
4791,6905.316346769511
4792,7134.397386142915
4793,4084.5500037098022
4794,7071.457485374456
4795,7405.3687052925925
4796,7269.585641870123
4797,4821.592935010306
4798,4525.601544306278
4799,4161.575601539772
4800,7397.560885086487
4801,5537.169728553626
4802,2823.873527956353
4803,8015.838945348801
4804,6708.22282413975
4805,6646.49558995195
4806,5541.070510535317
4807,2801.3984611169567
4808,8088.7608534865
4809,4065.703437227621
4810,7993.81686384084
4811,5397.165491885825
4812,4687.53912449262
4813,7825.850798072182
4814,5019.896143685165
4815,5348.330578152154
4816,6320.997201990488
4817,4032.9103056884246
4818,6094.651985999914
4819,9733.847418534593
4820,6696.608275240125
4821,3209.6812816178876
4822,5372.153820468419
4823,2736.840753084842
4824,2258.7020902186123
4825,6715.078944419442
4826,4875.295708994966
4827,5943.596460481306
4828,4163.628315923646
4829,5999.871664394396
4830,4609.204201177548
4831,8010.151180457847
4832,5303.13723956827
4833,5355.270831012585
4834,5293.352687277853
4835,6089.4645261346495
4836,5469.491348771529
4837,4965.356916326089
4838,7141.071127127881
4839,9217.906599572842
4840,6868.923279766276
4841,6844.717176056545
4842,5601.658036071535
4843,2885.321048482576
4844,5059.081121150236
4845,8922.359948502668
4846,6200.291227161057
4847,4638.881877632636
4848,13850.10222858434
4849,4973.127927960521
4850,5011.745911428745
4851,4402.842115480927
4852,7563.201273905655
4853,10461.29819456922
4854,6389.450091720717
4855,7373.322262829921
4856,7585.925970274497
4857,5230.046686458681
4858,7026.213698828011
4859,4938.550616949009
4860,3932.3019510795875
4861,4727.461623929864
4862,3241.122729986593
4863,3481.245681523121
4864,7771.003177834838
4865,17415.78650756031
4866,5558.341535403198
4867,2903.410037501398
4868,5680.238094656704
4869,4217.019030247617
4870,6078.253752043305
4871,2058.075754062571
4872,5786.32719276479
4873,5914.645467073768
4874,4386.578437739103
4875,11108.681371972287
4876,11271.382678496759
4877,5154.983156431575
4878,4124.623497757303
4879,3802.1422420634917
4880,5004.009781726342
4881,4548.7590320152685
4882,7651.397636577861
4883,4023.8945717003758
4884,5089.12425923468
4885,3641.873121157988
4886,5967.157182918521
4887,4460.511584056631
4888,6348.989251892398
4889,2555.9740314858686
4890,7145.347973589071
4891,5568.308996423848
4892,5598.23111421376
4893,4703.041099247256
4894,3883.846821750005
4895,5407.66442529796
4896,3215.1211094436426
4897,8258.203722012277
4898,4805.65576881666
4899,3770.609388942012
4900,5544.39158557336
4901,4988.25792565354
4902,5401.736011889221
4903,4979.817926936593
4904,5496.837834418334
4905,7851.075002852848
4906,7179.665390036679
4907,5802.454663380289
4908,4223.169662312194
4909,4306.274881052748
4910,5531.590736670543
4911,5173.230505048223
4912,5347.443363988222
4913,5039.465701992088
4914,9438.243860163502
4915,6954.128929808152
4916,4041.5601170058367
4917,4186.624102312963
4918,4291.424917833288
4919,7386.957140008115
4920,5117.446981153581
4921,9127.75555050265
4922,5810.803980904635
4923,5382.61830014958
4924,3772.9745789652848
4925,2110.036560933077
4926,5397.658403532737
4927,20010.67651833076
4928,2043.6199696614628
4929,4614.902418743399
4930,6771.872804005666
4931,6636.477407151834
4932,5878.873965057339
4933,7406.9479952400925
4934,5199.341690930627
4935,5276.635725444967
4936,3497.017259682977
4937,6815.120609588013
4938,3749.655272391457
4939,5256.942111679527
4940,6328.54840678649
4941,3754.8108391596347
4942,6780.623434972645
4943,6642.337091935462
4944,4077.831577975098
4945,7189.428331330951
4946,6413.85337841982
4947,2507.78121917962
4948,6876.470575222283
4949,6184.9181155038195
4950,4649.468236490343
4951,7906.328197178473
4952,6191.625144750475
4953,7251.654986194787
4954,3904.306055267835
4955,5615.549018777492
4956,4535.064662519437
4957,0.0
4958,6515.6992233178335
4959,3027.0706401648504
4960,5505.512226541517
4961,3417.3700523652624
4962,5890.841125982129
4963,5133.5007284561025
4964,4723.471486763568
4965,5488.764411606099
4966,7074.243508343678
4967,4900.010071222124
4968,6508.547327866272
4969,5600.739250512642
4970,6341.618711088147
4971,7900.39116151183
4972,6427.801246662273
4973,4520.915015301218
4974,4355.4662448195295
4975,5278.721721784964
4976,3771.1127629971793
4977,10652.760635962519
4978,5622.274097310172
4979,6198.186115968133
4980,8941.800644510578
4981,6407.278025955661
4982,2436.67944244555
4983,11863.906723767808
4984,7548.817108222561
4985,6054.7678817144115
4986,7030.717407169642
4987,8200.640498976558
4988,6500.045817203815
4989,5433.0345090473875
4990,4766.970005712614
4991,3848.0129265230216
4992,4040.109941936579
4993,7172.080102006266
4994,3579.8513587194343
4995,7495.205284169111
4996,7022.326198026063
4997,5722.030149527048
4998,6690.738126251163
4999,4952.745320634999
5000,7428.195964680662
5001,4195.498693632833
5002,4849.063320419909
5003,4798.062270404204
5004,3735.274326859612
5005,6187.328867453049
5006,6263.316190361872
5007,6282.026148023792
5008,5802.9399234623
5009,3945.0424182148317
5010,5989.784988942722
5011,5863.0106599284445
5012,6827.029765625254
5013,3266.240242013652
5014,4112.390630599085
5015,7723.913217173082
5016,6292.100148555877
5017,3872.543641050323
5018,7378.524826162742
5019,6294.281624136929
5020,5886.943107735403
5021,4500.986149954721
5022,1950.7381063316218
5023,6111.001279980521
5024,6018.833889928226
5025,5814.479428100485
5026,8030.191006336412
5027,7161.423193672546
5028,3590.4544629359816
5029,6777.260001558736
5030,2925.044226352291
5031,1558.5037303143324
5032,6510.89991192675
5033,8941.93897460521
5034,5939.418029955515
5035,5258.115199677126
5036,2962.5701897572526
5037,4865.495957968441
5038,8563.640389605769
5039,6624.93732560605
5040,8112.237332347552
5041,3273.8329080460476
5042,4627.360267329641
5043,3104.534862427377
5044,5057.243356841943
5045,3895.2259696259707
5046,2937.648904215363
5047,4976.757032918492
5048,2693.8887043490304
5049,5575.4796987290665
5050,5759.494097201045
5051,5165.651254662713
5052,4531.8571369902875
5053,6943.136640390141
5054,4590.00580060398
5055,3929.030733407663
5056,8467.593522743826
5057,7247.457161048058
5058,5858.321157605589
5059,2378.862632460244
5060,6780.28437943476
5061,6896.726702028699
5062,5121.681290504676
5063,8414.921946464707
5064,8928.630726625423
5065,6054.4699307475985
5066,6186.611596316482
5067,5411.859928372071
5068,8375.083695157276
5069,11189.291527111482
5070,3888.8421941449665
5071,4362.559938368366
5072,5679.221869950741
5073,6115.49459457179
5074,5163.89462280737
5075,8382.939482995149
5076,6124.624599004511
5077,5361.253986884647
5078,3026.0298584123775
5079,5532.402053135804
5080,5527.469513902765
5081,3200.8145477461094
5082,6715.223996051428
5083,2974.831663270692
5084,6802.103149197453
5085,6630.996579455772
5086,5352.115040568325
5087,6780.285312343621
5088,4249.3483854448095
5089,4646.795324216653
5090,6121.293240497677
5091,6107.365066330272
5092,7375.78671731965
5093,5820.927606667058
5094,6661.357658861314
5095,5518.032419060737
5096,3246.1606280909855
5097,8554.805255464064
5098,3310.2457072601824
5099,10035.01578856065
5100,5878.199523890497
5101,4948.890227614929
5102,6328.817453247245
5103,4131.669320356589
5104,5376.619477602942
5105,6672.440412028279
5106,3571.13243186659
5107,2962.270441539312
5108,6193.939340783702
5109,6133.123853948142
5110,7429.109941733674
5111,6027.25380704411
5112,5187.689292762189
5113,4531.507754520348
5114,6394.633913458068
5115,3844.969833630235
5116,9641.644899767238
5117,6327.815521150759
5118,11353.537010309348
5119,4626.072448965737
5120,4642.812869087075
5121,9589.63357583644
5122,6510.6948368881585
5123,3079.5330383297664
5124,8917.922684152938
5125,5075.679548828484
5126,5470.879366589108
5127,5439.423539318875
5128,5333.902592335046
5129,3723.2350268961036
5130,4855.543727896672
5131,4218.870876240354
5132,3281.1444054312165
5133,7860.022657570492
5134,5731.831955368958
5135,21417.33060286252
5136,7150.920421382227
5137,4939.449104016115
5138,5822.9530836262165
5139,8138.3809447061585
5140,5153.679622848132
5141,6433.484928728826
5142,4583.359843673574
5143,6923.468152764304
5144,6776.58428095825
5145,4130.113893515684
5146,4541.5019543730905
5147,6923.062554906936
5148,6442.934888957593
5149,6024.372714089124
5150,5979.739519684137
5151,4906.819884504378
5152,3972.5779901240116
5153,6194.552787291956
5154,8312.94317973941
5155,8931.28430113258
5156,8397.148309855274
5157,6796.339763994531
5158,4718.792389613254
5159,5927.9248035825385
5160,3815.1983528150627
5161,7723.706347046836
5162,9060.697993452546
5163,7847.622780875485
5164,5394.813735290252
5165,4622.9318999010775
5166,4412.763604294788
5167,5904.889961908281
5168,8281.05151567162
5169,6006.61990007739
5170,4825.467091277731
5171,5482.634300277611
5172,7094.425696642441
5173,3799.2296963456765
5174,6997.803103347698
5175,4405.39232844957
5176,7019.264967782888
5177,5966.524124950882
5178,5370.70666380441
5179,6940.620563321657
5180,6180.110310970421
5181,4978.222916737949
5182,5902.221291590662
5183,6313.183596137887
5184,10569.300403682775
5185,5433.12142520689
5186,6803.15831767749
5187,7222.14374294713
5188,8137.607024862771
5189,6439.005990415713
5190,7904.887347763085
5191,3963.734361818817
5192,4387.287627580905
5193,5682.345916442102
5194,6103.768819727283
5195,8987.67288199614
5196,6985.272703158803
5197,4781.023695279954
5198,6839.955354691588
5199,5056.101857724051
5200,7863.546314107977
5201,4009.1733052964896
5202,11571.832191586644
5203,4713.685214114371
5204,4988.5806184911935
5205,7290.093693971441
5206,4782.800319515161
5207,5255.273199653694
5208,5686.470367103992
5209,6681.804659405655
5210,6138.644319363287
5211,4913.166213185848
5212,6984.6932616533
5213,7317.895944108253
5214,5632.209933173836
5215,4947.828325249749
5216,6484.218561756486
5217,11514.266719957184
5218,5985.709105848607
5219,4449.879701112587
5220,6674.867463004587
5221,5673.24697300202
5222,6286.9598256341305
5223,6483.020528233737
5224,4038.0977648946937
5225,6981.292549318573
5226,5795.252707987645
5227,5814.8382754724025
5228,6926.242497444228
5229,4575.399824193178
5230,5647.936948269362
5231,5355.48560989923
5232,7229.459660594159
5233,7437.6734496325
5234,4397.53831662846
5235,4886.7644442591
5236,6402.460398165492
5237,6186.545112378379
5238,4736.438821967163
5239,5988.591063717867
5240,6083.747644012485
5241,6851.599863332667
5242,5526.934440581279
5243,4347.798783169731
5244,6043.170131219812
5245,7319.890159936335
5246,6919.161325661263
5247,7965.97408906596
5248,7573.3906510418665
5249,5219.417467298583
5250,7730.870938477169
5251,5507.909522882714
5252,5791.333968462663
5253,8123.607527533542
5254,6106.846743330201
5255,8491.421706895293
5256,7969.9886094898275
5257,7155.152779547873
5258,5980.1499239204995
5259,7161.126440538867
5260,7470.818657524604
5261,5061.990005735732
5262,3705.212288707548
5263,5859.30451599311
5264,6465.554684561009
5265,5366.429428043861
5266,4782.491371820682
5267,7033.124211854556
5268,5631.670753083579
5269,5948.722230298358
5270,5604.252391849064
5271,4735.08289595913
5272,6482.557425620235
5273,6829.246769620856
5274,5952.57547676208
5275,5861.742928513564
5276,4840.248552935617
5277,6538.894789319048
5278,3569.0816829867213
5279,5760.174165580346
5280,4410.226747280845
5281,7374.49600243385
5282,5542.924253252455
5283,4977.1620388955325
5284,9526.22274945316
5285,5247.044319494181
5286,6051.121682919517
5287,10097.524023930708
5288,6477.719129005479
5289,6900.910309666839
5290,6977.928125607857
5291,5819.388045346657
5292,5488.168253627212
5293,4613.879101462395
5294,6631.727840298465
5295,8733.924363526501
5296,5624.039639450115
5297,3175.6845826067897
5298,4573.520359835982
5299,7131.199040535072
5300,7407.037718416716
5301,5384.008517797496
5302,6082.211693760894
5303,4934.146464576733
5304,4889.305612219714
5305,3161.172803745519
5306,4489.174624787393
5307,5827.835523845464
5308,6831.80102531117
5309,6215.06284572277
5310,5528.219912718052
5311,8075.738787235579
5312,8207.884548456665
5313,7248.949160240621
5314,4676.344817619514
5315,8225.777696285764
5316,9300.288061320112
5317,4745.043891082585
5318,6801.2025584769
5319,4974.573279598225
5320,6109.611903635873
5321,3587.85049519804
5322,6182.85184074785
5323,4930.431545524266
5324,8372.759233682624
5325,6207.536465738531
5326,7383.1834809758675
5327,7643.079368164038
5328,5474.6255038157915
5329,7548.1565727130555
5330,16958.424828925734
5331,9353.931906336758
5332,5175.667855584576
5333,3210.010074227888
5334,6476.744245112978
5335,7935.023982790971
5336,5519.926738839118
5337,11188.38058484208
5338,16484.60525505358
5339,4246.976374191993
5340,4546.259344070446
5341,8208.558142812686
5342,4795.514386365439
5343,7601.531891576593
5344,5227.293160144891
5345,6472.845153232907
5346,0.0
5347,5223.145901305477
5348,6207.9091231593275
5349,6498.669194485016
5350,8128.417714223576
5351,6114.7023145354715
5352,5818.753768608408
5353,6487.794608198309
5354,4552.766959080622
5355,4888.580200773177
5356,6733.851941924331
5357,4681.624799900959
5358,5675.30962385316
5359,6001.6342750625445
5360,4863.265419476731
5361,4835.1295378207415
5362,5674.221004055197
5363,6034.2986910629725
5364,7844.742079503115
5365,6823.581856791176
5366,7287.123410856541
5367,5425.759323218298
5368,4641.88563817002
5369,5567.057647958095
5370,6048.020980382958
5371,6204.0797885661095
5372,4072.8629698731165
5373,7637.7132170990535
5374,6237.902864364078
5375,7053.745052395013
5376,6464.347335674806
5377,5167.7526218301045
5378,4550.972760100577
5379,4487.466683415108
5380,8869.582980198396
5381,5017.599717110872
5382,6345.263101153446
5383,13516.332167875635
5384,6964.491394662932
5385,5574.057903526189
5386,5299.6630568943665
5387,4438.386559159997
5388,6013.790763128269
5389,4086.7589749667786
5390,4764.546643422952
5391,8573.01337038924
5392,5350.051377861852
5393,11337.845009458797
5394,11599.221547127643
5395,5429.344017911533
5396,6158.183593084893
5397,5331.884488066329
5398,6084.913119405349
5399,5058.226724373984
5400,9267.597866630096
5401,6563.061632877302
5402,7693.886708915149
5403,5180.240558419813
5404,6435.354789601041
5405,5993.914251951577
5406,7860.621428380131
5407,6781.516095047921
5408,5847.240685287025
5409,6299.130125903304
5410,5621.748494980635
5411,8227.161904961344
5412,8207.813660695185
5413,6211.5929856848825
5414,8712.067426568456
5415,6514.103022103848
5416,8647.943286615986
5417,4754.245907981138
5418,4918.350151665599
5419,5880.03125071768
5420,8965.547365253324
5421,6323.4692592829315
5422,6977.973238871669
5423,6868.279274041298
5424,7515.084533086845
5425,5641.236671615127
5426,6962.331225879951
5427,6414.931569976575
5428,4260.969536338747
5429,12667.002957698724
5430,14659.176891997791
5431,6629.656380815336
5432,6883.8979410060065
5433,7997.662076608853
5434,9039.430735115715
5435,9270.441736944767
5436,5692.9607602509195
5437,6004.789208722654
5438,5750.150573755705
5439,7922.249935272966
5440,3971.984201727918
5441,5510.692418855296
5442,5759.155208189052
5443,4914.091074500313
5444,6162.758765231502
5445,4870.045025723756
5446,4333.611366401869
5447,6461.454082015213
5448,3675.9795781941693
5449,4035.2246297131064
5450,5764.635903985759
5451,5510.177597687811
5452,7997.359857476071
5453,8702.460877382842
5454,7687.110525516538
5455,6929.9154709187615
5456,6332.865299378013
5457,9313.515647255585
5458,6196.816540728882
5459,4192.514574688489
5460,5070.319246669473
5461,8458.476062402186
5462,4647.779451832939
5463,6960.377220761935
5464,3713.4131160909733
5465,4360.272304232908
5466,6328.998810716173
5467,5126.46954012807
5468,5567.9750408278105
5469,8072.170822085409
5470,8601.49823123181
5471,10064.831584156529
5472,5656.696834855174
5473,8852.50777587238
5474,3474.227124978472
5475,4609.85613598994
5476,6048.697914053965
5477,3944.332827791444
5478,7201.501243119309
5479,4785.814283906091
5480,5838.891525824106
5481,7374.29903133579
5482,9224.492255672527
5483,7532.95579078683
5484,4842.235592742226
5485,4520.885267512001
5486,7611.810611292834
5487,7074.948146918537
5488,5607.13937418608
5489,5979.083186895503
5490,6872.295546342636
5491,8554.726854197055
5492,5022.921283599394
5493,5657.642099909061
5494,7228.08330720594
5495,7188.606920918918
5496,11733.453287439592
5497,6520.458035687512
5498,12156.29810901329
5499,6085.893472731354
5500,5600.8545954403
5501,3184.751462228228
5502,5657.91177882526
5503,5645.253647145521
5504,5628.270096423078
5505,7189.359941256833
5506,5555.163431961394
5507,4180.7075565414125
5508,7020.251154143873
5509,5851.8670812740875
5510,6737.856322631602
5511,6900.313819825011
5512,6539.729202108955
5513,7797.096689272581
5514,4989.980678036093
5515,7759.889382770792
5516,4747.671454990456
5517,6141.532291319261
5518,5906.865974224342
5519,5398.925946220142
5520,9026.991050154142
5521,6677.883749652022
5522,4124.914075589468
5523,5524.8984788649495
5524,7520.845887311407
5525,6366.514910771381
5526,5634.324430586954
5527,7114.642553576226
5528,5633.417627911183
5529,5503.922115553557
5530,6252.399333403775
5531,8982.887951838036
5532,4947.77837730535
5533,5501.401932529664
5534,5458.381016287771
5535,5797.0580105130875
5536,4233.078682867853
5537,4796.542464767446
5538,7663.640678050535
5539,7794.511110501992
5540,9652.308269659787
5541,9323.761171350076
5542,7692.268533977691
5543,5448.573035936204
5544,5096.207687737622
5545,10417.046663559235
5546,8075.531307760704
5547,6776.2301420730855
5548,7397.205718258048
5549,7495.577274782769
5550,5083.9797879862435
5551,4667.734095680809
5552,8732.73469045611
5553,5825.91717640067
5554,6624.3334563430135
5555,5761.919388452455
5556,2679.9615815721336
5557,8795.790136330408
5558,6345.559412535845
5559,5482.507925391138
5560,4670.8068784160105
5561,4992.077748102957
5562,6223.06217292603
5563,6780.904144257865
5564,6401.0994878772635
5565,4887.876564116273
5566,4192.292335962838
5567,3887.4973724497913
5568,3832.295965205203
5569,6586.205544753339
5570,16329.89206060581
5571,4279.193093550116
5572,5473.488191139834
5573,6193.207535819175
5574,4420.900777113214
5575,4189.87711809094
5576,5826.220898097032
5577,3449.203813950207
5578,6971.356971138322
5579,6795.690939533271
5580,3603.4395419548023
5581,7759.664927722044
5582,3954.701476546708
5583,4688.708351344468
5584,7435.736046645369
5585,7751.821368625485
5586,8466.08506856698
5587,4952.202200530355
5588,5651.972992982645
5589,4512.85379742706
5590,7236.928195796283
5591,13238.824785294084
5592,9817.250986314933
5593,6043.069653273853
5594,4036.6595976982485
5595,5413.100178360906
5596,5234.498020191323
5597,4035.870742483404
5598,8779.750925260949
5599,5579.248317046922
5600,4777.616858829293
5601,7296.111723451939
5602,4857.552792655296
5603,5572.558854351648
5604,6376.519580490969
5605,6845.610874705166
5606,6631.91063267838
5607,4087.7812855979037
5608,4827.159108146321
5609,6277.516894601954
5610,8844.666072502441
5611,7760.204549386076
5612,6560.523966189314
5613,3850.061524963572
5614,6226.143633464666
5615,5115.317319763669
5616,4353.398307401236
5617,6539.293753887646
5618,6509.7276807632425
5619,5301.418252394583
5620,6256.122845666684
5621,5937.673276457754
5622,6229.607646271935
5623,6239.542364547024
5624,5914.440786490785
5625,6619.914121436979
5626,5168.488341182884
5627,8351.110469058864
5628,5918.773310026682
5629,4466.006664782185
5630,9960.32469460024
5631,4741.020094521598
5632,3817.2776696428687
5633,6944.381976160948
5634,8694.987021806895
5635,8904.27417247717
5636,4830.596967388274
5637,5763.628216450075
5638,4711.595463399538
5639,6476.757711711594
5640,5732.613422488131
5641,7229.229154974031
5642,2363.30315849592
5643,5525.171558541218
5644,5323.766831098586
5645,5139.950844576286
5646,4131.66968350904
5647,6768.300199922082
5648,7096.710295104505
5649,5230.600434664327
5650,7646.811649056999
5651,7140.567770241237
5652,7209.292172569131
5653,5065.477789111417
5654,5649.840095172979
5655,5213.07429484712
5656,7484.425859348581
5657,6572.160196755733
5658,3865.040633508618
5659,8030.827590484049
5660,6716.494226609567
5661,6463.324494798029
5662,5390.280383083096
5663,3901.397740637706
5664,7287.794735479752
5665,5131.793811241655
5666,7987.733362406266
5667,6258.407200151821
5668,4934.4730855023345
5669,7847.425676477645
5670,5681.390818193484
5671,5469.56236253886
5672,6854.631763897458
5673,4987.188048617382
5674,6965.157281592557
5675,9724.693370331277
5676,6952.19520707749
5677,4343.523134283247
5678,5177.7010517715535
5679,3934.348499403976
5680,2848.7238580515473
5681,7710.548060136347
5682,4570.496280408776
5683,7587.854709180717
5684,3969.1755472267782
5685,6570.829480011106
5686,5732.132966835802
5687,7891.886993916446
5688,5370.50525723627
5689,5124.546541425718
5690,5492.060487587014
5691,6739.569218907314
5692,5489.727741028946
5693,6237.93754285324
5694,7595.4753373842605
5695,8481.528930520322
5696,6809.001688906252
5697,6861.205085897068
5698,5780.441846699878
5699,3951.136713446507
5700,5364.232148834455
5701,9057.969451524574
5702,7240.931131717406
5703,5803.195119939808
5704,14705.932429535085
5705,5461.690862189721
5706,4902.845311512917
5707,5332.499155880312
5708,7628.361969046519
5709,10266.880804700406
5710,6454.610786861581
5711,7380.934164010458
5712,7567.058782909292
5713,5785.694325084413
5714,6966.292107967986
5715,4824.064654199426
5716,4736.07724346887
5717,4333.525169387525
5718,3975.4317178913225
5719,4419.369333755588
5720,7795.98046722926
5721,15617.726326482147
5722,5601.800006237762
5723,4987.44060930261
5724,6358.420812116744
5725,3970.327429821613
5726,6336.848553194261
5727,3495.741516677204
5728,7868.693331306932
5729,5756.699383910291
5730,5588.07132356108
5731,11145.350781321991
5732,11786.679618833305
5733,5351.823868520347
5734,6003.338304157754
5735,3802.0492807984497
5736,5250.943742736056
5737,4923.524346514144
5738,7584.660673052092
5739,4045.7821200581234
5740,5007.1909791954495
5741,4483.572414686796
5742,5915.07242613218
5743,5297.113106190289
5744,6332.553620577921
5745,3884.12891559464
5746,6968.2108111682355
5747,6583.312079548891
5748,6422.925810784464
5749,4710.2297210933775
5750,3807.649789342263
5751,6607.268831692597
5752,3716.3832855969054
5753,8226.559975594922
5754,4737.2584309348595
5755,4057.0156077414563
5756,5969.302272991923
5757,4971.822294339063
5758,5188.971995784985
5759,5451.694922945663
5760,5388.45080325236
5761,8417.451819870736
5762,8466.442038351786
5763,5771.74523795512
5764,4720.202822681446
5765,5273.578359321593
5766,5291.497136153797
5767,5177.254476048692
5768,5303.663759119152
5769,5344.579878677183
5770,9402.065408604596
5771,6885.613511146951
5772,5672.790820523478
5773,6079.901039698491
5774,4685.531013724657
5775,8664.91699189018
5776,5109.2070685194985
5777,10784.049268760762
5778,5873.247887795853
5779,5280.040469238653
5780,4664.810054126112
5781,3821.074508970004
5782,6563.788145642558
5783,19104.52107598937
5784,3150.9482946684216
5785,4585.713900626072
5786,8248.639205564852
5787,6483.9445946854175
5788,5857.104659127156
5789,7354.863238453751
5790,5182.90605961615
5791,5095.753070106538
5792,3557.493190253621
5793,7485.277330428776
5794,4975.256010002377
5795,5783.402958878791
5796,6137.042009127977
5797,4383.9923937463
5798,6899.775208588191
5799,6590.252335149121
5800,4120.443931188465
5801,7976.241008622998
5802,7950.791436012701
5803,3640.7713923005276
5804,6883.659197068404
5805,6182.760134976766
5806,4916.298367546328
5807,7889.8925658639955
5808,5988.2360102055945
5809,7442.032488705821
5810,4663.551796640067
5811,5632.64562206989
5812,6001.595468655914
5813,4098.531782391055
5814,6688.421125772627
5815,3741.8735087183045
5816,5651.135739331807
5817,4604.556050593459
5818,5621.116432776258
5819,5516.55019051413
5820,6090.012286115962
5821,5974.035840320145
5822,7027.191412869072
5823,5839.141923613786
5824,6220.930977785017
5825,6030.4798507685955
5826,6744.958873075211
5827,8073.113063966625
5828,6460.197678512741
5829,4506.728305786168
5830,5249.2543949148785
5831,5891.160580864325
5832,4041.278632724256
5833,10491.252378709965
5834,5558.99629851337
5835,6445.120076977847
5836,9271.154706365534
5837,6439.674457806129
5838,3506.301379225605
5839,12323.187107217987
5840,8714.69290787485
5841,6040.581172199361
5842,7138.293728937542
5843,8469.21226532601
5844,5961.103133478392
5845,5469.907346686048
5846,5946.6882692583295
5847,5035.075811196904
5848,4935.218445567707
5849,6801.604907683459
5850,4695.046747459808
5851,6706.2210971647
5852,6946.369564031561
5853,5964.000090355182
5854,6619.129883813352
5855,5644.996666204679
5856,6045.870516401162
5857,4920.8778339786295
5858,6633.592667921436
5859,5962.207280270046
5860,5619.2292710909815
5861,6350.545787995595
5862,6254.162142158558
5863,7231.729405284812
5864,5802.846962197258
5865,4818.037184196542
5866,5960.596470825395
5867,6267.414101700401
5868,6401.682974126515
5869,4515.190827516125
5870,4603.560368047108
5871,6796.093028783351
5872,6354.114652783553
5873,4958.969760625914
5874,7098.4762161233375
5875,6049.161728332987
5876,5855.671575678457
5877,4613.336717072017
5878,2980.040312808125
5879,6159.52239333097
5880,6263.102883449961
5881,5967.501560407706
5882,8347.840933058698
5883,7421.831820415394
5884,4720.3153273612215
5885,7786.646779536441
5886,3590.5558118547347
5887,2706.44911021609
5888,6396.600562229128
5889,9924.212635926699
5890,7385.436206195476
5891,6431.398305450493
5892,3806.545710129369
5893,6048.199630639929
5894,8377.012112441906
5895,6392.639830587431
5896,7708.018036173674
5897,4296.755248335486
5898,4517.904232903501
5899,4151.967768613728
5900,5090.844128053676
5901,5214.503033160063
5902,4114.534383847562
5903,5244.791074020027
5904,3529.3905604775414
5905,6033.209640905514
5906,6677.515738939111
5907,4959.587502657588
5908,5711.575400536003
5909,6765.148951562123
5910,4502.640280267152
5911,4437.069011510707
5912,8291.12674122365
5913,7447.188996423966
5914,5647.511307734403
5915,3478.5354701668757
5916,10279.456276911667
5917,6914.32553958664
5918,5032.092903025699
5919,8651.014166020293
5920,7595.121797822981
5921,6560.371574881338
5922,6120.107499162397
5923,6388.798275109
5924,8233.287412180583
5925,11157.479100858367
5926,4409.311721839395
5927,4455.48379920586
5928,5596.189087378603
5929,6252.869410494292
5930,5641.220625488896
5931,6945.082496155873
5932,7099.964917858933
5933,5293.595632713938
5934,4108.221952733175
5935,5449.169025275599
5936,7232.200963819797
5937,4392.502644432729
5938,6643.948067262777
5939,3304.4875459343034
5940,7223.530612506422
5941,7087.06861064773
5942,6398.8810913233465
5943,7441.7219881365
5944,5956.997201904991
5945,4472.938353238125
5946,6035.230984236916
5947,6403.008509391058
5948,7384.868579893488
5949,6606.533342593368
5950,6501.7426423364805
5951,5507.56881488886
5952,4441.98738420695
5953,8375.286662223141
5954,4234.046648634614
5955,9506.775565897136
5956,6014.548308375509
5957,4775.033256636401
5958,6188.678865444326
5959,5258.6501331554455
5960,6701.494165638346
5961,7539.582042277006
5962,3917.8743558426045
5963,3938.348294523098
5964,6125.576726919808
5965,7132.71804042719
5966,7825.677133034416
5967,5839.690497456044
5968,5619.085745983844
5969,4980.933541458979
5970,6192.970417969661
5971,4837.359451383785
5972,9640.519090176935
5973,7466.148967916243
5974,10924.006339910562
5975,4111.406912557383
5976,5421.7942455587045
5977,10286.046860637078
5978,6865.90806778161
5979,4068.836828301462
5980,9064.515728533312
5981,5504.389966497727
5982,5222.716070395603
5983,4401.0963782719155
5984,5199.718249353644
5985,4870.69219630592
5986,5273.7903948816265
5987,3963.373993581921
5988,4342.506758073425
5989,7819.706584599456
5990,6054.987566115939
5991,19770.590609576346
5992,6696.89782302191
5993,3945.2009426581335
5994,5378.1153256054795
5995,7813.3267124596905
5996,4764.178366325141
5997,5995.387816862125
5998,4193.858587150583
5999,6518.042579715946
6000,6470.306499928975
6001,3914.30331709179
6002,4174.024294062319
6003,5812.169879596033
6004,6192.047470229621
6005,5689.553571233693
6006,5807.782074765213
6007,4205.561248002069
6008,3702.083634926287
6009,5561.571080526489
6010,7867.060244922403
6011,8736.542978420648
6012,8041.079935659097
6013,5786.835013332526
6014,4341.480751406832
6015,4679.261916975836
6016,3552.7489178431506
6017,7216.336177856936
6018,7983.343397636391
6019,7481.521858836283
6020,4511.241161171334
6021,4266.863525704914
6022,4140.238871455027
6023,5168.843033155937
6024,7819.443301987884
6025,5279.657818505104
6026,3772.215267359768
6027,4920.2286928182675
6028,6183.561163879958
6029,3223.6141821480774
6030,6105.254871106849
6031,3333.846071596478
6032,6406.154385588987
6033,5252.546672926201
6034,4629.031267685741
6035,5759.038117591876
6036,5922.592167401415
6037,4718.078609733851
6038,5273.87306285563
6039,5476.566167989536
6040,9359.384082210092
6041,4956.110477237289
6042,6612.703566059166
6043,6475.773544546085
6044,7271.544577908869
6045,5272.953881935503
6046,7407.396501278965
6047,3843.7740512962864
6048,3842.2722827135317
6049,5098.498427823149
6050,4933.14934918946
6051,8394.169894471801
6052,5927.47400660246
6053,4435.665965554561
6054,5833.787798872451
6055,4769.221236536969
6056,7742.256975848574
6057,3663.435296577871
6058,10903.168864240897
6059,4480.594500614556
6060,4701.699997304111
6061,7013.0540952182155
6062,4419.946763057174
6063,4653.740217803794
6064,5497.173619500151
6065,5552.554035615846
6066,4875.927438409862
6067,4170.148021368552
6068,6342.285229156132
6069,6044.688253177337
6070,5355.170334420611
6071,4614.717775714181
6072,6171.82855133379
6073,10375.258023676566
6074,5692.910388540795
6075,4092.428696502958
6076,5554.707163883814
6077,5360.856962579323
6078,5487.615874326926
6079,5719.700277858933
6080,3709.1915182582165
6081,5756.658769212137
6082,5518.970226893614
6083,5128.357672615843
6084,6312.5938389122575
6085,4284.25307778074
6086,4798.214515115414
6087,4938.057208235606
6088,5956.92740307301
6089,7154.706165205092
6090,3749.966314817346
6091,4186.786910619715
6092,5681.967756742274
6093,5267.102818418273
6094,4705.51438817873
6095,5821.1918878958495
6096,5856.496938680972
6097,6324.6270883147345
6098,4777.357993814981
6099,4062.159396755732
6100,5092.20080414114
6101,7037.65030896988
6102,6734.544429807655
6103,6733.320524200391
6104,6354.781952234806
6105,4725.32453030009
6106,6790.6589391697835
6107,5148.294157921019
6108,5496.153036380529
6109,7281.861808661076
6110,5621.329700673368
6111,7942.425335665144
6112,6834.845619660685
6113,6572.725361667861
6114,4816.274994313141
6115,6612.130069308714
6116,6234.7465768919055
6117,4906.848348313742
6118,3506.803771063074
6119,5305.736776389337
6120,6148.9927120667535
6121,4530.66394481407
6122,4475.608721396424
6123,6687.386203135947
6124,5416.985340791937
6125,5276.984619288317
6126,4755.966663974667
6127,4389.344887240521
6128,6133.7102846408425
6129,5842.422359287008
6130,5637.555358887166
6131,4765.464141339941
6132,4533.795601287951
6133,5314.2610092126115
6134,3355.93812531442
6135,5375.0991092282975
6136,3564.8179986673617
6137,6364.406270163415
6138,5336.916811931201
6139,4755.418693562458
6140,8728.706370009646
6141,5076.307792455949
6142,5037.591920207846
6143,9352.1101790199
6144,5545.5056253931525
6145,5665.914625743006
6146,6567.109573407953
6147,4850.119404625786
6148,4294.92559235248
6149,4370.112159917101
6150,6258.26117636579
6151,8311.495935118952
6152,5089.824893854992
6153,2329.8093095449017
6154,3977.9835124696533
6155,5935.219806344874
6156,6264.232296611297
6157,4982.788918058384
6158,5422.144627596527
6159,4070.9589997846183
6160,4578.218658896366
6161,2893.3444153695264
6162,4182.291974363137
6163,4552.407765538982
6164,6022.045185237273
6165,5900.383807354908
6166,5139.368224357654
6167,6792.781136359494
6168,6994.589689549793
6169,6064.272877356592
6170,3947.733350432578
6171,7866.162331324069
6172,8111.994472508803
6173,4537.756311894901
6174,6652.727247809413
6175,3907.0710530003407
6176,5042.109677037987
6177,2874.3258925585246
6178,5968.1664284562075
6179,4102.635689542272
6180,7618.777601061173
6181,5315.5517210805065
6182,6235.69399548605
6183,7288.464264583212
6184,4284.500912671433
6185,6540.6515990880125
6186,15666.922432514248
6187,8150.150616634218
6188,4883.596445188266
6189,2435.542604425888
6190,5248.683014148185
6191,7371.932129761205
6192,5286.844244609185
6193,11232.411134913005
6194,16844.073775536
6195,3855.333106473622
6196,4253.7478736561625
6197,6889.399681133273
6198,4484.58208383038
6199,7210.1267389564455
6200,4950.086172164175
6201,6065.425706039429
6202,3506.311010820886
6203,5073.564323302222
6204,5485.669782077045
6205,5965.546051760541
6206,7397.208113759302
6207,5214.243605955634
6208,4635.407345000622
6209,5894.7600774809525
6210,4018.6336277711594
6211,4615.831397197456
6212,6006.39269426468
6213,4183.172022496509
6214,4792.790405056743
6215,5690.701972527485
6216,4552.3331169416715
6217,4643.2292441587
6218,5353.099100955272
6219,5747.41806987589
6220,6990.4385082493345
6221,5865.155859781178
6222,6963.825055620857
6223,5020.4405916205615
6224,3147.439784882061
6225,5289.850659977379
6226,5780.192592006967
6227,4937.273707128427
6228,3847.069972429243
6229,7332.414679089596
6230,5517.648143183714
6231,6552.086102851162
6232,5948.2133789215095
6233,4478.150781793166
6234,4240.0404575655175
6235,4062.8123991963657
6236,7838.874742253302
6237,4549.4252013452015
6238,6047.67491074193
6239,12618.650522914284
6240,5724.042287369608
6241,5174.422153216027
6242,4358.42538532964
6243,4127.454256624937
6244,5728.289770700084
6245,3658.8370889377106
6246,4328.024969733109
6247,8000.936343004792
6248,4154.256809453928
6249,12646.261234241312
6250,11300.938684364142
6251,4100.130804457478
6252,5807.37963438854
6253,4830.225538522478
6254,5601.186477753233
6255,4759.943861610499
6256,8729.226910361549
6257,5736.843447712281
6258,7294.250958604987
6259,4965.555146128171
6260,5951.6281479489235
6261,5137.443835189395
6262,7643.102674630295
6263,5798.398334027875
6264,5495.253782496235
6265,5017.788463888572
6266,5259.795346609047
6267,7151.683438465549
6268,7633.635917714976
6269,5378.387890859287
6270,8232.800402089426
6271,5234.285623783914
6272,7878.245850093219
6273,4288.282746613793
6274,4567.763452096261
6275,4709.973516077883
6276,8235.415253040943
6277,5084.987013830802
6278,6348.190391858091
6279,5695.0235843595765
6280,6318.450364457897
6281,4743.311248170012
6282,6619.373719048806
6283,6034.772389382199
6284,3512.604873440874
6285,11825.180297277095
6286,13556.60297720348
6287,6114.755231227216
6288,5877.286005762028
6289,7228.963522359221
6290,8345.966991844396
6291,8749.885558687696
6292,5461.098728280773
6293,5544.149591739077
6294,4553.5164051267575
6295,6877.262013159836
6296,3639.6864477372205
6297,5132.274445598665
6298,4768.216273484326
6299,4666.9326256008035
6300,5830.115944240377
6301,4778.336038826681
6302,4154.209233899303
6303,5203.985809482502
6304,3430.0718046380425
6305,3593.7839446631006
6306,4684.694767965467
6307,4641.956130155713
6308,6631.216823901976
6309,7678.68165856361
6310,7416.561580464299
6311,5646.839757391199
6312,5201.063037574798
6313,8550.495897280103
6314,5790.938088377079
6315,3916.275145602269
6316,4610.064169177122
6317,7153.274525326595
6318,4216.485895914701
6319,5826.482646063539
6320,2939.857650017635
6321,4233.2544461157595
6322,6337.993306841599
6323,4627.0628473486295
6324,4513.315906547753
6325,6645.093290809086
6326,7156.594557554292
6327,9872.293206892202
6328,5199.606790998789
6329,7650.312736012452
6330,3264.856985632024
6331,4318.1991496622795
6332,5041.886992533014
6333,3400.0793058007494
6334,6542.417471748909
6335,4622.310024915079
6336,5403.843921617661
6337,6755.185315939097
6338,9043.346174923428
6339,7165.487901104907
6340,4455.66240750006
6341,4373.916379584364
6342,7066.214913358376
6343,6247.703681248468
6344,5336.999555718707
6345,5011.347833348696
6346,5492.806376345184
6347,8328.07802247168
6348,4515.739589089479
6349,5334.8233604905445
6350,5919.608811975314
6351,6635.869743587094
6352,10629.300158111006
6353,5158.866137096917
6354,10447.279440529184
6355,5641.962455440766
6356,4440.845641247107
6357,2883.165098937
6358,5216.009546241792
6359,5202.459698140379
6360,4319.641111111575
6361,5665.67012434901
6362,4773.047808496729
6363,3946.5052002543075
6364,5668.306732647181
6365,5033.748716658288
6366,6510.221624500947
6367,6101.715776551107
6368,6193.570019809958
6369,6692.231846398711
6370,4528.650248122908
6371,7239.6918684964385
6372,4518.494902240461
6373,5315.014329325364
6374,5033.375675494566
6375,5050.204463143341
6376,8911.8065517066
6377,5644.530397542732
6378,3906.3575122296143
6379,5134.33998785618
6380,7025.464287509807
6381,5924.1018842839585
6382,5417.753991247474
6383,6644.713707926626
6384,5358.617943863857
6385,5011.712368269164
6386,5382.393414318679
6387,7544.420809740606
6388,4898.39165027906
6389,5145.160116196516
6390,4710.5553535103945
6391,4538.4364694924825
6392,3792.1560219464814
6393,3991.1832311812727
6394,6844.601977824842
6395,7356.468639963248
6396,8431.199993346663
6397,8848.330758890152
6398,6473.248831580762
6399,5274.706344860452
6400,4628.379557683764
6401,9884.182535743703
6402,7743.03268500641
6403,6481.28823055216
6404,7059.016611469775
6405,6937.298043400821
6406,4877.588353865848
6407,4354.960092458971
6408,8505.099992325451
6409,5089.889916796178
6410,6102.3081467921365
6411,5508.869586755365
6412,2153.460105345504
6413,8237.510904948454
6414,5554.167496672922
6415,4490.874489181565
6416,4386.1714391781625
6417,4099.9183879968095
6418,5618.5387783004235
6419,6585.287932302208
6420,5778.834152135034
6421,3703.377729478551
6422,3629.250653542913
6423,3568.511596535963
6424,3494.1068584169284
6425,5753.797590934478
6426,17273.366986310848
6427,3966.41909032827
6428,4272.386776530529
6429,5610.045897932186
6430,4065.879908242802
6431,3566.284715237877
6432,4557.985255400932
6433,3152.0944303397578
6434,6233.4889319934555
6435,5679.754644390887
6436,3375.8048438241462
6437,7011.396797217053
6438,3772.4252023168733
6439,4421.799103851003
6440,6551.907681129191
6441,6606.07817744681
6442,7892.447544105984
6443,4611.91237814634
6444,5332.987217068824
6445,3727.4292785374437
6446,5889.972696685132
6447,12057.237587886008
6448,9240.489596603897
6449,4862.887116478291
6450,3760.770772958556
6451,4603.666392171477
6452,5057.903609794612
6453,3697.681635695126
6454,8341.70845472221
6455,5260.895669426214
6456,4371.680332941102
6457,5905.0349998623215
6458,3910.3403118894935
6459,5234.369747563374
6460,6209.907925872529
6461,6227.184570107584
6462,5934.622976637942
6463,3796.2505463863163
6464,4553.239166188412
6465,5486.861538144058
6466,7675.495001285429
6467,7045.900397844785
6468,5271.542365931492
6469,3729.7740956021626
6470,5387.445507320959
6471,4878.5141538673415
6472,3976.8221024031436
6473,6160.575355243093
6474,5962.410009447765
6475,4988.644249172745
6476,5079.827256105264
6477,5643.966979301239
6478,5951.946150202502
6479,4976.219203716693
6480,5519.962490675444
6481,5811.8686983873195
6482,4731.7961616198145
6483,7438.753959822949
6484,5302.742187104866
6485,4104.846702137351
6486,8689.603441960864
6487,4218.994784970721
6488,2739.864833227494
6489,6606.370176944781
6490,7564.885824002293
6491,8715.786125555349
6492,4602.9622692576195
6493,5203.248269472386
6494,4524.706346127045
6495,6157.771935797773
6496,4703.438039021877
6497,6225.757776706623
6498,2060.024296968663
6499,4639.039307491234
6500,4471.073707417578
6501,4519.084749888788
6502,3925.2782493886393
6503,5558.229700693873
6504,6345.249135802738
6505,4807.650710581943
6506,7344.65763522531
6507,6340.856381254811
6508,6068.571535194502
6509,4591.811502999451
6510,5431.8787072132745
6511,4799.664934916629
6512,6700.7936322992
6513,6233.971089967459
6514,3593.0122111449396
6515,7362.755601330685
6516,6404.198446466517
6517,5604.531269962295
6518,4626.977643626055
6519,3614.8889265078647
6520,6562.657330267879
6521,4940.6384754686105
6522,6801.3000174115805
6523,5507.497470261114
6524,4615.487309588513
6525,6716.325320309676
6526,5444.587652297157
6527,4862.562732766315
6528,6434.88666751984
6529,4668.835400996673
6530,6544.3359453461335
6531,8814.307439109725
6532,6633.209431163669
6533,4022.2490024241206
6534,4754.23213819181
6535,3726.657121607709
6536,2551.614474441093
6537,7372.358953348074
6538,4069.6008991967296
6539,7085.74480299015
6540,3493.932214336107
6541,6014.990898557859
6542,5524.441589039538
6543,7274.65352820089
6544,4475.26523161
6545,4561.703455738171
6546,4717.575777457855
6547,6426.795215685476
6548,4624.0649666836
6549,5835.986215541187
6550,6891.76005508704
6551,8162.543154606522
6552,5591.173322084366
6553,5627.721342039978
6554,4591.924249796343
6555,3743.997944888923
6556,4689.1590258249735
6557,7972.954987568666
6558,7057.472496177284
6559,5462.408648386504
6560,14415.411531851954
6561,5142.7050862759
6562,4175.314967149218
6563,5035.389772269864
6564,6444.393208663016
6565,9444.778719709722
6566,5525.612234136428
6567,6222.042476629541
6568,6311.929034984494
6569,5474.548796368643
6570,5758.889689261697
6571,3975.843441621652
6572,4397.888136680596
6573,3833.837349017437
6574,3683.9009786797333
6575,4106.59533053375
6576,6749.963911975103
6577,13644.093133964687
6578,5186.796701063102
6579,4632.774359135584
6580,6056.266798285054
6581,3221.64659119566
6582,5338.518998067756
6583,3128.0319779478154
6584,7603.861468984923
6585,4886.94272982272
6586,5124.224861936608
6587,10372.39723796706
6588,11534.88600716596
6589,4903.384579980877
6590,5544.723182134654
6591,2951.365571832066
6592,4931.957966822235
6593,4491.346137598357
6594,6713.688922626007
6595,3542.0795350379844
6596,4290.415868031309
6597,4271.602336167531
6598,4982.061564934031
6599,4994.959092358599
6600,5470.852238457725
6601,3511.1596529478793
6602,6110.775769937084
6603,6226.540217874023
6604,5945.769122117069
6605,4100.245169634063
6606,3375.6579171574463
6607,6158.01350163356
6608,3529.494168324413
6609,7453.606432240007
6610,4218.182749183387
6611,3699.6977912998123
6612,5537.124064076136
6613,4465.21236350542
6614,4449.160857583983
6615,4957.813194546967
6616,5104.087977801415
6617,8079.262713082482
6618,8061.0295037970955
6619,4810.296976794053
6620,4401.850175060738
6621,5107.932506059359
6622,5085.105702033402
6623,4046.0045146128928
6624,4871.67188693434
6625,4912.401669761396
6626,8357.100202173371
6627,6337.689464054838
6628,5270.839493211426
6629,5787.342691688296
6630,4452.317671195133
6631,8197.053679507086
6632,4582.580124357088
6633,10569.980248381757
6634,5262.79756275795
6635,4222.394609732336
6636,4326.6209473378385
6637,3327.37941837053
6638,6251.01414242072
6639,17119.523668537277
6640,2878.919872304743
6641,3732.730532749282
6642,7902.394560630549
6643,5674.569879537951
6644,5588.172438179999
6645,6256.085604490708
6646,4376.691396629153
6647,4388.678698291647
6648,2988.6853713866394
6649,7095.562168141552
6650,4750.73287012398
6651,5445.213852090517
6652,5292.187248584975
6653,4130.94259204921
6654,6161.385386285045
6655,5332.899162704362
6656,3118.704480261092
6657,7425.908196148774
6658,7187.90473532134
6659,3458.495118070691
6660,5824.9975090087255
6661,5338.89253058344
6662,3851.623949048899
6663,6948.03549364573
6664,4833.6134100660565
6665,6738.3172064086
6666,4308.5309277696615
6667,4873.707660225617
6668,5668.745322296963
6669,3547.748606191061
6670,6376.596018608896
6671,3423.5208610975933
6672,5348.981725500117
6673,4266.366943805186
6674,4849.830505741912
6675,5219.440806903681
6676,5583.560739073482
6677,5412.366878992731
6678,6045.023756974951
6679,5584.550267297355
6680,5566.139982384332
6681,5774.36575772362
6682,6272.398247404522
6683,7504.727288968968
6684,5987.056034494951
6685,3387.518456972648
6686,4996.204593217789
6687,5340.827768390101
6688,3799.5615685054277
6689,9526.775529135904
6690,4890.303732116167
6691,6118.2637076678375
6692,8944.29833705552
6693,5529.962126329166
6694,3355.8916243107237
6695,11726.414783768605
6696,8339.497948237344
6697,4999.814528807659
6698,6794.605597545401
6699,7405.275354171809
6700,5039.976174448199
6701,5143.05097737604
6702,5606.398446874315
6703,4810.552671318508
6704,4707.583747437054
6705,5597.965073120876
6706,4383.7631098040265
6707,5952.013175423068
6708,5851.788582453872
6709,5620.3119589630405
6710,5638.724641125963
6711,5197.842051741383
6712,5702.18238500902
6713,4710.019889979942
6714,6475.061198827667
6715,5515.05266580675
6716,5283.660970348396
6717,5982.743460607235
6718,5571.2587551002625
6719,6893.5402984965385
6720,4941.8053088064335
6721,4590.402486065887
6722,4908.886863028534
6723,5294.766979607893
6724,5815.878457143599
6725,4116.109868662705
6726,4206.33949449647
6727,6586.879214258542
6728,5559.6818366767275
6729,4705.919958928825
6730,6108.385067123531
6731,5309.560324167283
6732,5515.960032161639
6733,3729.3560234391507
6734,2686.8658762226587
6735,5532.914816753569
6736,5130.3984183179555
6737,5360.4739741696285
6738,8116.937375145163
6739,6961.04553732223
6740,4407.5413241393835
6741,7082.93149723922
6742,3304.5459285031457
6743,2515.293774443041
6744,5791.921604428201
6745,9694.850932632491
6746,6936.180876136439
6747,6076.377436580088
6748,3643.785694746251
6749,5710.010523851655
6750,8062.511104056518
6751,5662.08414416616
6752,6778.241101819619
6753,3983.981245113641
6754,4203.403224518118
6755,3866.6501095640283
6756,4761.2383627497065
6757,4876.313926371789
6758,3821.3599472621004
6759,4179.571665032122
6760,3322.999126357144
6761,5370.987785986805
6762,6363.0147305537275
6763,4216.839296324406
6764,5298.649769488441
6765,5615.148297015443
6766,4387.743573836065
6767,4228.950572226768
6768,7062.983509123788
6769,6903.116588567178
6770,4860.639507238808
6771,3165.7614669450354
6772,9649.875816642409
6773,5776.363861892246
6774,4061.216427816872
6775,7916.776747042433
6776,7280.6207894375975
6777,6289.914698376745
6778,5127.570940980561
6779,6076.024271887162
6780,7539.45960446411
6781,10813.16064290349
6782,4077.978951371882
6783,3788.4864016147008
6784,4376.054371041172
6785,5792.083127401129
6786,5042.590189832688
6787,6474.772099636716
6788,6761.77581107066
6789,4826.1195864226565
6790,3753.201083862767
6791,5182.796058256492
6792,6899.350817460846
6793,4159.100443011118
6794,5605.1779518530775
6795,3075.1258426401
6796,6083.117653902773
6797,6737.810764901566
6798,5951.726476860051
6799,7134.981974379912
6800,5467.260502138014
6801,3667.4878968119324
6802,4939.845443484131
6803,5942.222226297895
6804,6589.653630504464
6805,6056.200530119143
6806,5719.4624536728
6807,4909.041261623314
6808,3976.2500148570575
6809,7831.214254366367
6810,4004.870095884617
6811,9151.75469702672
6812,5196.951359229562
6813,3969.5828002102066
6814,5682.565680585238
6815,5023.337848766196
6816,6234.680399579591
6817,6918.288367678398
6818,3457.088072749437
6819,3600.1591877348224
6820,5401.428382991932
6821,6965.741567858738
6822,7518.991003929285
6823,4701.495519281962
6824,5268.09382392087
6825,4666.432533073595
6826,5084.756146583416
6827,4499.170344595511
6828,8810.566453421447
6829,6979.838607090866
6830,10673.312630834971
6831,3660.2672345115093
6832,4995.136275668218
6833,10794.865516277881
6834,6241.84784653766
6835,3788.3178674935566
6836,8015.611390677432
6837,5276.755268367073
6838,4182.206529665958
6839,4075.9332073320024
6840,4595.528964441281
6841,4429.057820867924
6842,5008.003290066681
6843,3600.8582084329096
6844,4041.2869833421355
6845,6828.032995151344
6846,5675.7771002617765
6847,18053.341242506678
6848,5581.12420061988
6849,3917.2506627151174
6850,5354.507682586152
6851,7707.300341897264
6852,4740.570723305814
6853,5972.1631740673165
6854,4170.250944131256
6855,6497.185230337901
6856,6449.44915055093
6857,3906.469013632419
6858,4153.166944684275
6859,5787.676128267615
6860,6149.542773019026
6861,5665.945928214366
6862,5762.708992640697
6863,4157.031637262957
6864,3662.3292313569755
6865,5537.077329198072
6866,7843.452601903077
6867,8708.592698477634
6868,8020.222586281053
6869,5756.517439972745
6870,4320.6234020287875
6871,4624.050149915805
6872,3510.2442206325572
6873,7195.478828478891
6874,7954.047805395963
6875,7441.767455266971
6876,4483.290881228317
6877,4246.0061763268695
6878,4119.381522076983
6879,5120.313422416822
6880,7798.585952609839
6881,5255.164067176686
6882,3717.0035002997392
6883,4871.6990820791525
6884,6162.703814501915
6885,3202.7568327700333
6886,6012.464353974889
6887,3278.634304536449
6888,6363.649688378392
6889,5204.017062187086
6890,4523.004897123315
6891,5729.7425253514475
6892,5880.087470190821
6893,4678.32420616454
6894,5250.648420060822
6895,5420.528123748554
6896,9211.604781385904
6897,4906.235554200763
6898,6572.949162489855
6899,6454.916195168042
6900,7243.594297965851
6901,5216.9158376945215
6902,7301.370130716538
6903,3801.6523543102085
6904,3821.4149333354885
6905,5077.6410784451045
6906,4854.672880832095
6907,8301.379377339854
6908,5899.523726659444
6909,4393.161268343966
6910,5778.576031812421
6911,4726.716539326374
6912,7636.230605286148
6913,3639.8276535585455
6914,11145.474843732749
6915,4459.737151236512
6916,4659.195300093516
6917,6992.196745840171
6918,4343.3293880200945
6919,4666.485245140521
6920,5391.147248937725
6921,5497.342268555816
6922,4846.631846169434
6923,4119.251117212672
6924,6249.494712024171
6925,6020.19450184892
6926,5334.312985042567
6927,4572.213078503586
6928,6139.818929039513
6929,10324.361119520689
6930,5669.302745521468
6931,4012.3127598641922
6932,5525.411571643386
6933,5339.999613201279
6934,5394.825357194965
6935,5674.627195734417
6936,3685.5838752388895
6937,5732.165017883719
6938,5495.745584098806
6939,5103.863921287425
6940,6232.477902273497
6941,4263.395728402696
6942,4773.720763786996
6943,4889.527597496491
6944,5947.083851607235
6945,7112.201467994497
6946,3722.0160348743298
6947,4158.836630676698
6948,5633.438146003159
6949,5242.609067089856
6950,4663.392691192654
6951,5770.511763818801
6952,5805.816814603923
6953,6303.76973893669
6954,4728.8283830758655
6955,4041.3020473776883
6956,5067.707052812722
6957,6941.192389524124
6958,6694.790026238344
6959,6724.436739224236
6960,6299.570185174776
6961,4680.251448175574
6962,6717.62147565297
6963,5116.511088035239
6964,5390.126665818102
6965,7209.650622325214
6966,5576.256618548852
6967,7918.817692645816
6968,6805.550027420257
6969,6496.934263811732
6970,4744.063807977279
6971,6588.522426289388
6972,6210.252825563488
6973,4867.09394474443
6974,3464.2990738524804
6975,5284.879427011293
6976,6106.488014856159
6977,4502.713664871054
6978,4454.75137201838
6979,6663.77856011662
6980,5377.2309372226255
6981,5234.479922077722
6982,4699.928619733686
6983,4365.737244221194
6984,6112.852935262798
6985,5817.92860795859
6986,5595.0506616765715
6987,4737.513861396925
6988,4491.290904077357
6989,5289.767257884194
6990,3316.1837217451107
6991,5269.072738665871
6992,3536.8677187243457
6993,6339.912518834997
6994,5297.162408361889
6995,4715.664289993147
6996,8683.63328788513
6997,5036.553388886638
6998,4970.717577895487
6999,9331.252829641857
7000,5489.467581152171
7001,5636.619033502578
7002,6511.454401550973
7003,4755.6282870263785
7004,4270.431841024062
7005,4327.607462706506
7006,6237.403826987746
7007,8287.888292099624
7008,5066.217250835665
7009,2301.8590296018856
7010,3954.3758694503267
7011,5910.7260550164565
7012,6234.936704370869
7013,4974.954614599013
7014,5434.889654933255
7015,4014.920955543638
7016,4538.464255327054
7017,2872.487065991482
7018,4161.434624985089
7019,4497.195998478952
7020,5972.170262200746
7021,5879.526457976864
7022,5115.760581338327
7023,6763.485544119066
7024,6948.294678033532
7025,6009.061110296562
7026,3902.660268308062
7027,7879.575463564479
7028,8063.901203066002
7029,4514.148668875574
7030,6631.869898431369
7031,3879.1207730573246
7032,5014.159397094971
7033,2845.0303003180975
7034,5928.412024886896
7035,4074.6854095992576
7036,7597.920251683129
7037,5259.513676839525
7038,6161.985014955924
7039,7267.606915205168
7040,4212.289726335571
7041,6492.558329645212
7042,15646.065083136204
7043,8097.590323096453
7044,4862.739095810222
7045,2448.287631762615
7046,5192.644969907204
7047,7351.074780383161
7048,5190.386325163429
7049,11236.105639908063
7050,16807.072973251314
7051,3815.5787029043104
7052,4230.140230636835
7053,6833.361636892291
7054,4460.974440811053
7055,7189.269389578401
7056,4844.059801601748
7057,6041.818063020102
7058,0.0
7059,5065.730019842851
7060,5435.7948590405185
7061,5941.938408741214
7062,7328.535513520403
7063,5147.369263643275
7064,4580.195577940593
7065,5852.638380494876
7066,3970.104017032043
7067,4592.223754178129
7068,5929.7753192276
7069,4134.642411757394
7070,4737.578637996714
7071,5678.888367412867
7072,4528.7254739223445
7073,4603.474840589388
7074,5329.491457935945
7075,5704.913372665295
7076,6941.969852827746
7077,5837.266535155688
7078,6942.967706242813
7079,4996.832948601234
7080,3117.1222115222786
7081,5183.824289414953
7082,5748.1829697126905
7083,4881.235662887446
7084,3804.565275218647
7085,7311.557329711551
7086,5506.758237834056
7087,6528.478459831834
7088,5927.356029543465
7089,4467.260876443509
7090,4216.4328145461905
7091,3956.7860286339337
7092,7827.9848369036445
7093,4415.683906419021
7094,6026.817561363886
7095,12597.79317353624
7096,5671.740165438091
7097,5153.564803837983
7098,4258.827615508482
7099,4103.846613605608
7100,5690.138181514839
7101,3637.9797395596665
7102,4307.167620355065
7103,7977.328699985465
7104,4101.954687522411
7105,12649.95573923637
7106,11280.081334986098
7107,4000.5330346363216
7108,5786.522285010496
7109,4806.617895503151
7110,5577.578834733906
7111,4739.086512232455
7112,8679.471796370315
7113,5707.667664517147
7114,7273.393609226943
7115,4925.800742558859
7116,5928.020504929596
7117,5017.266734572138
7118,7546.6447551845395
7119,5746.096212096358
7120,5471.646139476908
7121,4965.486341957055
7122,5211.265735869932
7123,7123.733158522533
7124,7610.028274695649
7125,5305.5064381316715
7126,8209.1927590701
7127,5181.983501852397
7128,7890.990877429944
7129,4264.675103594466
7130,4471.370792401784
7131,4657.671394146366
7132,8186.885642301832
7133,5032.6848918992855
7134,6173.442535261423
7135,5685.180032893802
7136,6266.14824252638
7137,4623.134147552755
7138,6598.516369670762
7139,6011.547746587391
7140,3460.3027515093563
7141,11801.955654482286
7142,13535.745627825436
7143,6041.873778499601
7144,5849.335725819012
7145,7241.708549695949
7146,8322.742349049588
7147,8726.27791566837
7148,5440.241378902729
7149,5520.924948944268
7150,4501.214283195241
7151,6777.664243338678
7152,3616.078804717895
7153,5111.417096220621
7154,4740.265993541309
7155,4624.427928390209
7156,5806.50830122105
7157,4738.581635257369
7158,4133.351884521259
7159,5151.683687550985
7160,3387.567107427449
7161,3545.254333923986
7162,4656.74448802245
7163,4568.2471496255885
7164,6578.914701970459
7165,7605.800205835994
7166,7376.807176894988
7167,5594.537635459682
7168,5148.760915643281
7169,8526.888254260775
7170,5770.080738999035
7171,3895.417796224225
7172,4602.229865717752
7173,7096.075168641476
7174,4192.878252895374
7175,5798.532366120522
7176,2911.907370074619
7177,4212.397096737715
7178,6298.238903272288
7179,4562.094428594518
7180,4428.687741898185
7181,6577.46454543535
7182,7119.897165241487
7183,9851.435857514158
7184,5093.580420436362
7185,7607.808038801857
7186,3243.9996362539805
7187,4285.673364835312
7188,4997.497904575001
7189,3351.549695061635
7190,6521.5601223708645
7191,4601.452675537035
7192,5382.986572239617
7193,6731.57767291977
7194,9022.488825545384
7195,6920.851798547082
7196,4432.054764480733
7197,4341.906757290088
7198,6986.098976719616
7199,6215.1778964215
7200,5316.142206340663
7201,4954.071110239793
7202,5456.108984032378
7203,8307.220673093636
7204,4400.758806138246
7205,5311.215717471217
7206,5872.559397397677
7207,6612.262100567767
7208,10523.27378754858
7209,5101.666780411798
7210,10426.42209115114
7211,5584.685732331862
7212,4383.646284561988
7213,2862.307749558956
7214,5195.152196863748
7215,5153.930087401264
7216,4282.9437187987705
7217,5642.062481329683
7218,4715.771085387825
7219,3922.897557234981
7220,5637.9891592874
7221,5010.141073638961
7222,6470.467220931635
7223,6044.439053442204
7224,6197.113422571525
7225,6664.281566455695
7226,4471.373525014004
7227,7218.834519118394
7228,4478.740498671149
7229,5266.484718586249
7230,4965.74693012083
7231,5010.450059574029
7232,8890.949202328557
7233,5616.580117599716
7234,3866.603108660303
7235,5102.330365561904
7236,7001.85664449048
7237,5903.244534905914
7238,5394.146348228147
7239,6621.106064907299
7240,5335.393301069049
7241,4963.182757530049
7242,5333.863803579564
7243,7507.7234174278
7244,4877.534300901016
7245,5032.868463612587
7246,4653.278630401491
7247,4462.6231405941035
7248,3768.5483789271548
7249,3927.1343973278026
7250,6766.823290343625
7251,7250.442269400822
7252,8419.253539315798
7253,8694.108282244579
7254,6416.0494748956435
7255,5168.679974298026
7256,4604.771914664437
7257,9863.32518636566
7258,7700.5279877958155
7259,6432.758619813045
7260,7035.408968450448
7261,6913.690400381493
7262,4837.833950296536
7263,4334.102743080927
7264,8465.345588756136
7265,5041.360306057063
7266,6081.450797414092
7267,5466.36488954477
7268,2125.509825402488
7269,8213.903261929128
7270,5486.5387512991865
7271,4478.928035150695
7272,4362.563796158835
7273,4026.209407466682
7274,5595.314135505615
7275,6561.680289282881
7276,5653.65198748146
7277,3675.427449535535
7278,3580.7210428037984
7279,3547.654247157919
7280,3470.4992153976023
7281,5717.1001986216725
7282,17236.366184026163
7283,3945.5617409502265
7284,4235.689384217723
7285,5589.188548554142
7286,4042.2722652234756
7287,3538.334435294861
7288,4521.287863088127
7289,3131.237080961715
7290,5970.481710106718
7291,5632.705229813249
7292,3336.050440254835
7293,6954.120074108149
7294,3732.670798747562
7295,4398.191460831676
7296,6494.708324444072
7297,6483.683295402711
7298,7871.59019472794
7299,4588.304735127013
7300,5312.12986769078
7301,3699.478998594427
7302,5862.022416742116
7303,12036.380238507963
7304,9232.655293144528
7305,4798.838282624822
7306,3739.9134235805122
7307,4571.14060734451
7308,5015.398912584017
7309,3674.0739926758
7310,8235.682084159793
7311,5240.03832004817
7312,4323.150722201985
7313,5840.986166008852
7314,3873.6429195766887
7315,5210.762104544047
7316,6170.153522303217
7317,6169.90784699868
7318,5866.994231264206
7319,3775.3931970082726
7320,4510.734468977817
7321,5390.46887844958
7322,7647.544721342412
7323,7022.292754825458
7324,5234.844973618687
7325,3690.019692032854
7326,5330.1687842120555
7327,4857.656804489297
7328,3896.7061657643817
7329,6136.967712223766
7330,5938.802366428438
7331,4967.786899794701
7332,5067.8808020743945
7333,5620.742336506431
7334,5903.416539463387
7335,4931.83011575868
7336,5496.354847656117
7337,5744.2399530135835
7338,4683.2665508806995
7339,7381.477236714046
7340,5235.1134417311305
7341,4081.239059118026
7342,8652.90604964806
7343,4198.137435592676
7344,2711.9145532844786
7345,6585.512827566737
7346,7532.360039175325
7347,8676.031721986035
7348,4563.207865688308
7349,5179.640626453059
7350,4484.951942557734
7351,6136.914586419729
7352,4666.740646709072
7353,6197.807496763607
7354,2072.76932430539
7355,4651.784334827961
7356,4443.123427474561
7357,4491.134469945771
7358,3885.523845819328
7359,5527.9121273340925
7360,6317.298855859722
7361,4765.146013371348
7362,7323.8002858472655
7363,6275.887962500699
7364,6024.182447236488
7365,4497.033396242401
7366,5389.757010227198
7367,4757.543237930553
7368,6626.517489914464
7369,6210.363446948132
7370,3569.7875683501306
7371,7325.754799046
7372,6370.099771548071
7373,5567.833877649488
7374,4639.722670962783
7375,3594.03157712982
7376,6514.127719528764
7377,4919.781126090566
7378,6756.910929453567
7379,5460.448055683477
7380,4594.629960210469
7381,6679.62792799687
7382,5423.730302919113
7383,4834.6124528232995
7384,6395.132263950528
7385,4647.978051618629
7386,6523.478595968089
7387,8777.61004679692
7388,6612.352081785624
7389,4001.391653046077
7390,4705.702527452695
7391,3684.152424397115
7392,2530.757125063049
7393,7348.7513103287465
7394,4012.324176087828
7395,7062.137159970823
7396,3445.4026035969923
7397,5930.3627339082905
7398,5481.936891828943
7399,7253.796178822846
7400,4407.636486236264
7401,4529.177670911204
7402,4730.320804794583
7403,6405.937866307432
7404,4566.788243574696
7405,5729.959844978761
7406,6868.152412067712
7407,8141.685805228478
7408,5579.226868053497
7409,5591.023949727172
7410,4517.725473835392
7411,3720.773302094114
7412,4631.88230271607
7413,8044.113253295185
7414,6951.446125614857
7415,5356.382277824077
7416,14343.61290708833
7417,5121.847736897856
7418,4126.785356410103
7419,5014.532422891819
7420,6432.446754632147
7421,9379.810300955607
7422,5488.914841823623
7423,6185.345084316736
7424,6275.231642671689
7425,5434.794392799331
7426,5746.943235230827
7427,3900.030112723273
7428,4374.280493661269
7429,3766.2086036437013
7430,3663.0436293016896
7431,4085.7379811557057
7432,6722.013632032086
7433,13623.235784586643
7434,5144.292003852507
7435,4498.4447957873945
7436,6035.40944890701
7437,3173.1169804565457
7438,5274.470164214286
7439,3022.0056073853902
7440,7507.403549539167
7441,4829.666006713816
7442,5100.617218917282
7443,10348.789594947733
7444,11497.885204881275
7445,4882.527230602833
7446,5448.2652626888985
7447,2856.964119676932
7448,4911.100617444191
7449,4470.488788220313
7450,6681.16313779904
7451,3514.1292550949684
7452,4222.7871226575735
7453,4231.847932598219
7454,4970.115110903162
7455,4974.101742980555
7456,5442.901958514709
7457,3468.654955737286
7458,6063.726355359447
7459,6202.932574854696
7460,5881.720288263599
7461,4055.856081676048
7462,3347.70763721443
7463,6134.405858614233
7464,3487.3724713383376
7465,7429.99878922068
7466,4208.3391977176125
7467,3633.113072231695
7468,5516.266714698092
7469,4451.693019383072
7470,4398.263953428103
7471,4870.649144682749
7472,5096.253674342044
7473,8055.655070063155
7474,8002.624038298833
7475,4773.599584481248
7476,4380.992825682694
7477,5068.178102490047
7478,5025.475167068521
7479,4018.0542346698767
7480,4843.721606991324
7481,4891.544320383352
7482,8317.34579860406
7483,6316.832114676794
7484,5164.8131226489995
7485,5681.31632112587
7486,4412.563267625821
7487,8173.446036487766
7488,4595.325151693815
7489,10549.122899003713
7490,5226.100170445145
7491,4161.582010486891
7492,4303.0133043185115
7493,3303.7717753512043
7494,6230.156793042676
7495,17070.99405779816
7496,2855.695229509934
7497,3671.9179335038384
7498,7878.786917611222
7499,5687.314906874679
7500,5548.418034610687
7501,6219.3882121779025
7502,4348.741116686137
7503,4292.28603859717
7504,2960.7350914436233
7505,7053.057470930958
7506,4708.228172913386
7507,5421.60620907119
7508,5231.37464933953
7509,4088.437894838614
7510,6038.913137817161
7511,5272.086563458917
7512,3090.754200318076
7513,7402.3005531294475
7514,7081.878364758913
7515,3418.74071450138
7516,5780.608421050712
7517,5302.195138270635
7518,3778.7739479592788
7519,6920.085213702713
7520,4796.916017753251
7521,6714.709563389273
7522,4284.9232847503345
7523,4812.895060980171
7524,5562.718951734537
7525,3473.472463806325
7526,6334.091321398301
7527,3402.6635117195497
7528,5328.124376122073
7529,4242.759300785859
7530,4792.553782633008
7531,5198.583457525637
7532,5559.953096054155
7533,5320.798423501658
7534,5995.438457182664
7535,5542.045570086761
7536,5545.282633006288
7537,5734.611354154308
7538,6251.540898026478
7539,7462.222591758374
7540,5966.198685116907
7541,3326.7058577272037
7542,4953.699896007194
7543,5317.2201253707735
7544,3759.8071649361104
7545,9469.498806027
7546,4841.774121377052
7547,6097.406358289793
7548,8923.440987677477
7549,5509.1047769511215
7550,3323.8820020164467
7551,11729.958186530173
7552,8233.471577674925
7553,4895.211694950184
7554,6773.748248167357
7555,7360.886266213796
7556,4991.446563709084
7557,5122.1936279979955
7558,5582.790803854988
7559,4768.047974107913
7560,4667.829343867742
7561,5567.647499761095
7562,4360.1554667846995
7563,5903.483564683953
7564,5790.975983208426
7565,5599.454609584996
7566,5610.774361182946
7567,5174.234408722056
7568,5681.325035630976
7569,4689.1625406018975
7570,6378.603279381911
7571,5491.445022787423
7572,5177.63459978597
7573,5961.886111229191
7574,5526.869667142249
7575,6869.932655477212
7576,4913.855028863416
7577,4550.648082496576
7578,4872.189470715729
7579,5241.070168019255
7580,5831.225983531463
7581,4092.502225643378
7582,4183.114851701662
7583,6547.12481068923
7584,5511.1522259376125
7585,4658.874201760862
7586,6080.434787180515
7587,5252.28360105838
7588,5495.102682783595
7589,3634.9545712840168
7590,2663.2582332033326
7591,5496.217424440763
7592,5093.70102600515
7593,5373.219001506356
7594,8077.182971575851
7595,6940.188187944186
7596,4386.683974761339
7597,7059.323854219893
7598,3264.7915249338344
7599,2494.436425064997
7600,5804.666631764929
7601,9655.09652906318
7602,6912.573233117112
7603,6052.769793560761
7604,3604.0312911769397
7605,5686.402880832328
7606,8041.653754678474
7607,5634.133864223143
7608,6729.711491080504
7609,3963.1238957355963
7610,4182.545875140074
7611,3826.895705994718
7612,4740.381013371662
7613,4848.1652233950945
7614,3797.752304242775
7615,4118.759065786677
7616,3283.244722787833
7617,5328.866089000729
7618,6342.157381175683
7619,4168.309685585291
7620,5275.042126469114
7621,5565.562997223156
7622,4366.8862244580205
7623,4189.196168657455
7624,7002.170909878343
7625,6882.259239189134
7626,4779.247577197264
7627,3144.9041175669918
7628,9629.018467264365
7629,5715.551262646801
7630,4033.2661478738555
7631,7851.808328288322
7632,7259.763440059553
7633,6269.057348998701
7634,5088.468388121312
7635,6055.166922509118
7636,7511.509324521094
7637,10773.406239334177
7638,4057.1216019938383
7639,3755.9950617143163
7640,4339.356978728367
7641,5771.225778023085
7642,4968.314047447952
7643,6453.914750258672
7644,6738.168168051333
7645,4777.5899756835415
7646,3729.5934408434414
7647,5174.961754797121
7648,6851.1460337720055
7649,4135.492799991791
7650,5595.334400387303
7651,3035.3714390707887
7652,6046.420261589968
7653,6729.976461442195
7654,5928.118833840724
7655,7157.422431332748
7656,5443.652859118687
7657,3610.211173703028
7658,4890.260143691844
7659,5921.364876919851
7660,6540.068330712177
7661,6032.592887099816
7662,5662.185730563896
7663,4921.786288960042
7664,3952.64237183773
7665,7810.356904988323
7666,3965.115692315302
7667,9128.147054007395
7668,5115.559429188018
7669,3912.306077101305
7670,5695.310707921965
7671,5002.480499388153
7672,6211.072756560264
7673,6940.728824631232
7674,3436.2307233713927
7675,3576.551544715496
7676,5352.898772252817
7677,6917.536784169897
7678,7476.486306718691
7679,4664.798126969156
7680,5247.236474542826
7681,4645.5751836955515
7682,5054.438573223635
7683,4475.562701576185
7684,8749.753854176002
7685,6956.230964071539
7686,10629.01716730829
7687,3563.874574817032
7688,4974.278926290174
7689,10757.864713993196
7690,6220.990497159617
7691,3767.4605181155125
7692,7966.026090885145
7693,5237.000864797761
7694,4154.256249722939
7695,4068.0989038726316
7696,4608.273991778007
7697,4405.4501778485965
7698,4968.248886497369
7699,3530.693577844526
7700,4009.27736104786
7701,6797.538104214923
7702,5615.207888272202
7703,18009.433974666616
7704,5507.465239336827
7705,3861.5488498191557
7706,5475.476340325178
7707,8074.44005133843
7708,4827.277338152126
7709,6100.202603679327
7710,4034.926535597203
7711,6687.730394007772
7712,6608.642875846621
7713,3991.6333956790586
7714,4260.990896436443
7715,5731.97431537166
7716,6443.517788102012
7717,5825.139653510057
7718,5986.716125785063
7719,4242.196019309587
7720,3906.9937454493424
7721,5481.375516302116
7722,8002.646327198768
7723,8652.890885581688
7724,8128.0465380332225
7725,5700.8156270767895
7726,4307.82820247994
7727,4537.555414866413
7728,3449.8972443555404
7729,7323.518258090901
7730,8022.43389775817
7731,7735.742470349959
7732,4427.589068332362
7733,4322.675832395357
7734,4332.777865444226
7735,5344.320555561188
7736,7957.77967790553
7737,5397.310899518087
7738,3630.5087652503485
7739,5095.7062152235185
7740,6163.454460439864
7741,3144.54680442893
7742,6217.222146342809
7743,3216.2811726659634
7744,6583.227733095392
7745,5428.024195331452
7746,4443.16617936575
7747,5667.389393480961
7748,6023.999007278453
7749,4953.780988382276
7750,5262.5795347021485
7751,5364.826310852599
7752,9136.653627713507
7753,4929.2131994715555
7754,6739.6353938987795
7755,6457.726113658893
7756,7187.892485069896
7757,5188.868524521993
7758,7697.690193035474
7759,4366.564334875988
7760,3822.1655792734387
7761,5019.431050103998
7762,4779.721727159694
7763,8506.137169707765
7764,5843.821913763489
7765,4378.357616488632
7766,5663.5052862364255
7767,5049.05523317975
7768,7952.003175535628
7769,3278.163658682247
7770,11321.156866433936
7771,4580.804918464926
7772,4940.058828763505
7773,6997.033401541567
7774,4568.031191166427
7775,4716.3558238596415
7776,5489.946691430785
7777,5421.025669479214
7778,4774.323718401221
7779,4343.258250357038
7780,6454.252504392091
7781,5964.492688952964
7782,5339.149640743963
7783,4641.217611699144
7784,6214.818783115836
7785,10548.368252665055
7786,5733.122130894413
7787,3932.4740421066244
7788,5480.794524555784
7789,5344.858324295169
7790,5599.583149562885
7791,5891.983009904252
7792,3567.9133773475764
7793,5676.463204987764
7794,5559.564969471751
7795,5154.429170008511
7796,6152.639184515933
7797,4241.488183586903
7798,4718.018950891041
7799,5453.0796571119035
7800,5891.38203871128
7801,7482.040515830298
7802,3666.3142219783763
7803,4103.134817780743
7804,5857.445279147525
7805,5177.717233131919
7806,4895.206934589477
7807,6011.4472033660995
7808,6093.55793813168
7809,6369.648396862538
7810,4952.8355162202315
7811,4019.3945025618964
7812,5012.005239916767
7813,7091.310269031193
7814,6906.405812554563
7815,6677.826906614716
7816,6240.914488208482
7817,4920.988883520047
7818,6672.45860796894
7819,5191.510942111561
7820,5526.329108433632
7821,7134.699468652812
7822,5881.119118817252
7823,7982.637078018763
7824,6799.687126832048
7825,6717.987512885759
7826,4669.112654304878
7827,6652.3418116623325
7828,6147.899693693002
7829,5498.052319081358
7830,3883.2633835868737
7831,5375.443012901427
7832,6381.294770174157
7833,4447.011851975099
7834,4580.229234413286
7835,6820.18166849902
7836,5574.76943430468
7837,5511.345949948623
7838,4644.226806837731
7839,4248.06674632988
7840,6203.416521152933
7841,5755.575476088104
7842,5899.608815529311
7843,4681.8120485009695
7844,4766.097659395355
7845,5234.065444988239
7846,3513.7222188271635
7847,5198.298567399661
7848,3481.1659058283935
7849,6277.559386964511
7850,5441.190449017072
7851,4886.458586558012
7852,8907.640421029488
7853,5234.091885968692
7854,5175.475370263407
7855,9421.816415531997
7856,5433.765768256216
7857,5574.265901632091
7858,6489.54685673518
7859,4680.677133353977
7860,4205.540007066125
7861,4357.186751017586
7862,6330.026685430782
7863,8947.243470799829
7864,5151.774153833006
7865,2246.157216705934
7866,3948.8554541498947
7867,5855.024242120501
7868,6176.281007404575
7869,5092.419885676529
7870,5484.760233652375
7871,3959.219142647684
7872,4728.459456643382
7873,2877.3457770853734
7874,4166.293336078979
7875,4420.87939940235
7876,6205.2693756315475
7877,5911.129369587942
7878,5013.144108783049
7879,6707.590233739703
7880,6873.343524361131
7881,5946.707978426076
7882,4126.667401452428
7883,7954.575317640802
7884,8008.199390170046
7885,4514.519059014434
7886,6889.664352958539
7887,3823.4189601613675
7888,4958.457584199015
7889,2782.6771684476134
7890,6215.415377586286
7891,4050.335035077485
7892,7661.739637056075
7893,5203.81186394357
7894,6106.283202059969
7895,7360.229773648204
7896,4137.3385726631695
7897,6436.856516749257
7898,15736.628669026344
7899,8009.00712792588
7900,4953.3026817003565
7901,2423.9372572408424
7902,5136.943157011248
7903,7441.638366273295
7904,5078.415538104575
7905,11226.09286963165
7906,17058.049078284945
7907,4045.333673748234
7908,3913.763464058589
7909,6777.659823996336
7910,4144.5976742328085
7911,7279.832975468536
7912,4980.262244217279
7913,6091.52333594695
7914,0.0
7915,5289.737152987217
7916,5458.772504311311
7917,6008.607321431532
7918,7552.542646664769
7919,5352.127056011195
7920,4517.842446070105
7921,6093.573820042175
7922,4194.111150176414
7923,4489.607281622851
7924,6153.782452371966
7925,4358.64954490176
7926,4675.225506126227
7927,5796.306578993004
7928,4538.688634981208
7929,4890.478193288778
7930,5428.72838570381
7931,5945.848812212594
7932,7146.727645195666
7933,5762.315381483287
7934,7096.037026190807
7935,5060.65233397418
7936,3062.11506862829
7937,5158.586045270981
7938,5823.182823789013
7939,4825.533849991491
7940,3804.6082900540587
7941,7437.0351921064575
7942,5518.556239356155
7943,6592.29784520478
7944,5977.414725862759
7945,4390.944277366907
7946,4056.68829581695
7947,3876.947310876365
7948,7769.32913993735
7949,4639.691039563387
7950,6119.440419806922
7951,12688.35675942638
7952,5613.084468471797
7953,5275.2826854117975
7954,4172.332880459089
7955,3949.389327041422
7956,5786.521020778967
7957,3730.602598002705
7958,4357.226316674359
7959,8041.148085358411
7960,4046.2528746264566
7961,12958.03634235767
7962,11311.684246597182
7963,3914.038299586931
7964,5987.068357682196
7965,4870.437280876096
7966,5572.000301426665
7967,4770.689423843534
7968,8884.229588738237
7969,5632.716510844746
7970,7395.111490800758
7971,5214.863367811151
7972,5922.441971622356
7973,5163.029534994903
7974,7811.781168789013
7975,5687.440515130063
7976,5296.2577906347415
7977,4903.133210086568
7978,5370.804648117785
7979,7068.031345626578
7980,7687.353832762771
7981,5480.535965242065
7982,8516.574305829166
7983,5126.281688956442
7984,7835.289064533991
7985,4310.881107193628
7986,4589.530733481265
7987,4601.969581250411
7988,8304.350913379347
7989,4970.331760028799
7990,6219.9785459713285
7991,5629.478219997846
7992,6302.722683252706
7993,4826.5264945164745
7994,6720.234251244577
7995,6075.367131960336
7996,3397.949619638871
7997,12182.269601514161
7998,13743.359429283291
7999,6265.880911643967
8000,5793.633912923056
8001,7186.006736799994
8002,8703.056296081442
8003,8928.36498788374
8004,5561.309146131143
8005,5901.238895976136
8006,4445.512470299285
8007,6721.768932959315
8008,3456.334285988657
8009,5159.526993466693
8010,4688.572651953744
8011,4769.177780241071
8012,5800.508570909265
8013,4925.882917457228
8014,4258.829746916165
8015,5127.765999772498
8016,3318.558216677109
8017,3662.7196050015045
8018,4601.042675126495
8019,4512.545336729633
8020,6572.968858753583
8021,7829.80733898036
8022,7550.347770041195
8023,5532.184503589196
8024,5086.407783772795
8025,8776.300880438808
8026,5991.485166537709
8027,4020.895658619131
8028,4826.236998862118
8029,7040.373355745521
8030,4214.243949624258
8031,5742.830553224567
8032,2856.205557178665
8033,4244.000008348794
8034,6882.983608144063
8035,4786.101561738884
8036,4633.445534266105
8037,6780.85689239907
8038,7064.195352345531
8039,10056.333299417845
8040,5013.741702678798
8041,7715.98563904098
8042,3248.858347347872
8043,4403.138635912827
8044,4941.796091679045
8045,3469.01496613915
8046,6553.163033981943
8047,4722.52044276545
8048,5404.3522689685005
8049,6752.943369648653
8050,9207.325410090218
8051,7126.173132422866
8052,4376.9386459078805
8053,4394.426749702651
8054,6934.869566075156
8055,6379.816096885826
8056,5364.252103586735
8057,5157.463457203512
8058,5400.407171136423
8059,8428.288440322052
8060,4624.765939282612
8061,5471.4268935885975
8062,5796.242798321074
8063,6633.62779729665
8064,11368.79883875306
8065,5036.774946453861
8066,10474.531988397219
8067,5695.499684434846
8068,4318.754450604051
8069,2893.9106611700377
8070,5199.988852565144
8071,5458.792587669664
8072,4125.244978611663
8073,5636.542066029248
8074,4939.778218532191
8075,3835.9324729764817
8076,5582.287346391445
8077,5031.506770367844
8078,6570.347452285226
8079,6268.44618658657
8080,6623.872555135124
8081,6608.579753559739
8082,4582.187477116989
8083,7240.200215847278
8084,4649.534795236014
8085,5490.491851730615
8086,5158.9611411117585
8087,5197.751341773888
8088,9148.743656855733
8089,5560.8783047037605
8090,4153.606461359698
8091,5392.248935785305
8092,7170.133551352872
8093,5955.764527318478
8094,5586.671130278666
8095,6677.686971460623
8096,5151.039412486332
8097,5075.266824145276
8098,5557.87093672393
8099,7431.406818351197
8100,4956.798493830768
8101,5176.463513655964
8102,5216.830690016904
8103,4411.624469008504
8104,3643.0830848875803
8105,3852.1832436554023
8106,6984.17910451346
8107,7247.094587677071
8108,8356.900407445315
8109,8873.245320233107
8110,6339.7328758190415
8111,4933.658009438218
8112,4626.13761139332
8113,9884.69088309455
8114,8097.190400176248
8115,6550.22389089056
8116,7088.165094046555
8117,7163.103026559533
8118,5058.688567720575
8119,4320.80499186597
8120,8604.222733958508
8121,5265.367439201429
8122,6031.902428931701
8123,5593.368939451363
8124,2069.8080125065358
8125,8555.592141729452
8126,5414.859222264924
8127,4423.226222254741
8128,4305.349929401059
8129,3970.5075945707276
8130,5538.1002687478385
8131,6858.618152699017
8132,6217.204047096873
8133,3619.7256366395804
8134,3804.7281759481666
8135,3468.475604145989
8136,3186.6096805774696
8137,5640.7835995450705
8138,17669.36464205994
8139,3825.8782083674528
8140,4173.336252347237
8141,5619.274093039695
8142,4016.448827332925
8143,3482.6326223989086
8144,4465.586050192172
8145,3025.2921820400993
8146,6194.488843251084
8147,5598.479509371715
8148,3426.423479767175
8149,7178.127207252515
8150,4211.767413175153
8151,4343.036866626801
8152,6418.39172536747
8153,6428.372475765338
8154,8155.322700842683
8155,4580.860997758907
8156,5232.951224678846
8157,3643.7771856984746
8158,5806.32060384616
8159,12320.112744622711
8160,9456.662426288893
8161,4723.88712895242
8162,3732.214600696605
8163,4795.147740488876
8164,5168.042519600213
8165,3480.8296825108573
8166,8232.334402436045
8167,5271.7500614251
8168,4547.157855346353
8169,5766.035012336451
8170,3704.6379200028696
8171,5187.215488603941
8172,6786.5062054397595
8173,6373.300193962399
8174,5918.5478870616025
8175,3682.3019005499646
8176,4557.099682844848
8177,5508.628819529062
8178,7591.842908446456
8179,7116.675362988117
8180,5148.350238569294
8181,3833.541386114305
8182,5547.52459838189
8183,4862.223773759451
8184,3699.6175548992533
8185,6328.333184024827
8186,5899.208221440529
8187,5004.795494580735
8188,5012.178989178439
8189,5605.391085498749
8190,6127.423672607753
8191,4876.128302862725
8192,5470.531409765565
8193,5947.632299977303
8194,5246.818610496112
8195,7433.0308925114405
8196,5428.327652722059
8197,3961.6686875140813
8198,8727.888789096349
8199,4181.317390658827
8200,2656.212740388526
8201,6696.384998761257
8202,7756.367172319691
8203,8846.297616584689
8204,4662.818410610656
8205,5140.04648146515
8206,4655.476552691357
8207,6168.2478115995655
8208,4657.242292748152
8209,6142.105683867651
8210,2017.0675114094379
8211,4596.082521932006
8212,4492.994006193681
8213,4435.432657049816
8214,4029.282200043274
8215,5472.210314438137
8216,6261.597042963766
8217,4891.4874538544145
8218,7434.6724570417855
8219,6516.625397845172
8220,5968.4806343405335
8221,4701.791188610321
8222,5533.278704308654
8223,5018.556101566153
8224,6831.275282282384
8225,6184.757558455123
8226,3654.61020902943
8227,7330.3438237086475
8228,6487.565042625585
8229,5512.132064753533
8230,4584.020858066828
8231,3530.612769633781
8232,6738.13485267313
8233,5038.5674231716985
8234,6701.209116557612
8235,5384.131456606875
8236,4667.90146650664
8237,6729.4985067159905
8238,5470.235553305601
8239,4778.910639927344
8240,6661.857549466376
8241,4790.20166118733
8242,6624.268296012962
8243,8721.908233900971
8244,6715.983885652279
8245,4068.9604007139565
8246,4929.709660597061
8247,3717.4905409415123
8248,2577.2623754495407
8249,7565.892014456841
8250,4176.962376552158
8251,7175.05463313265
8252,3669.409736741358
8253,6313.344069852053
8254,5648.754529199449
8255,7354.585878867719
8256,4611.028833199984
8257,4753.18480405557
8258,4674.618991898627
8259,6478.240404413448
8260,4493.203640236555
8261,5796.291722290804
8262,6983.129157782443
8263,8214.957311524646
8264,5516.873736183011
8265,5528.670817856686
8266,4442.774320162991
8267,3766.309584290449
8268,4835.274649679789
8269,8281.543742138465
8270,7114.39599492269
8271,5298.397888254898
8272,14389.149189284673
8273,5225.479540764511
8274,4350.792489554469
8275,5118.164226758475
8276,6370.09362276166
8277,9620.547736300083
8278,5426.561709953136
8279,6109.028485240134
8280,6219.529829775734
8281,5673.032516376323
8282,5691.241422334872
8283,3845.0229698292824
8284,4476.725779940226
8285,3941.2381307540963
8286,3611.8906139597166
8287,4188.400816832206
8288,6666.311819136131
8289,13731.265851959382
8290,5423.1450624853105
8291,4665.401867268684
8292,6139.041252773665
8293,3397.1241136009135
8294,5199.519010541885
8295,2964.0212178162133
8296,7486.664208624893
8297,5022.880217704745
8298,5215.12592152312
8299,10644.064817002167
8300,11570.355328923843
8301,4983.316930647706
8302,5785.3288896021295
8303,2801.262306780976
8304,4984.3721237403615
8305,4473.620222536722
8306,6898.518951968875
8307,3458.4274421990162
8308,4333.491069124077
8309,4444.288768455683
8310,4899.735970047014
8311,5218.790903643588
8312,5387.200145618754
8313,3713.712887820595
8314,5959.046936429519
8315,6289.734031020727
8316,5806.769134591198
8317,4000.1542687800916
8318,3292.005824318478
8319,6287.018579467526
8320,3584.941591562149
8321,7725.274011275108
8322,4152.637384821657
8323,3558.161918559297
8324,5623.327813880675
8325,4395.991206487117
8326,4622.271086572469
8327,5075.4069370506695
8328,5320.26080748641
8329,8265.555406863366
8330,8213.406824508193
8331,4639.653438863691
8332,4313.595328625685
8333,5165.74722271386
8334,5170.389231882307
8335,3962.352421773922
8336,4788.0197940953685
8337,4951.829130857384
8338,8778.556606129458
8339,6446.848983915609
8340,5262.685459333039
8341,5835.222245565078
8342,4633.338335572612
8343,8326.058757341052
8344,4539.62333879786
8345,10935.803694316375
8346,5266.780728102283
8347,4105.8801975909355
8348,4660.084011760439
8349,3397.522557797475
8350,6284.027307328337
8351,17295.001190942516
8352,2916.806111123464
8353,3556.847187927845
8354,8072.839056800648
8355,5631.613093978724
8356,5844.370489320478
8357,6158.382690485851
8358,4293.039303790181
8359,4516.293171741536
8360,2905.0332785476708
8361,7386.145278284286
8362,4809.3255681743
8363,5265.985398420568
8364,5156.987037174993
8365,4288.836784838516
8366,6260.555155386539
8367,5197.69895129438
8368,3035.0523874221226
8369,7602.971117907469
8370,7273.355143722998
8371,3504.7303718689423
8372,5724.906608154757
8373,5215.700403221242
8374,3703.8227942868775
8375,6864.383400806758
8376,4710.421282703858
8377,6842.599436122841
8378,4080.492451583231
8379,4748.003227022235
8380,5504.734562165358
8381,3678.230256174251
8382,6627.916779602845
8383,3408.6929716788864
8384,5334.153836081407
8385,4038.3284676187523
8386,4957.191983097334
8387,5204.61291748497
8388,5590.265420150005
8389,5281.389257774404
8390,5939.736644286709
8391,5718.211848920089
8392,5597.262310534679
8393,5893.970535728754
8394,6257.570357985812
8395,7756.0480499629175
8396,6018.178362645298
8397,3271.0040448312493
8398,5212.743814011886
8399,5445.109998104342
8400,3931.7722103664278
8401,9991.440048680335
8402,5065.781254521419
8403,6103.435818249127
8404,8929.470447636812
8405,5561.084454479513
8406,3456.0503275949595
8407,12140.087894974788
8408,8516.569726280637
8409,4839.509882054229
8410,6779.77770812669
8411,7305.184453317841
8412,5215.45369685345
8413,5128.223087957329
8414,5724.3117077903225
8415,4824.6682698743325
8416,4838.825421107897
8417,5511.94568686514
8418,4309.609168385615
8419,6205.10695295345
8420,5711.584458354061
8421,5605.48406954433
8422,5555.072548286991
8423,5229.925936451763
8424,5687.35449559031
8425,4741.604301507609
8426,6979.227214487015
8427,5503.886529641556
8428,5225.09953595185
8429,5967.915571188524
8430,5471.167854246294
8431,7178.193340402658
8432,4858.153215967462
8433,4721.64415973673
8434,4809.836338845243
8435,5166.119014346854
8436,5775.524170635507
8437,4122.814549739228
8438,4188.175343470841
8439,7034.070560983594
8440,5682.148303177767
8441,5060.6122360845175
8442,6024.7329742845595
8443,5469.639415228215
8444,5501.132142742928
8445,3579.252758388063
8446,2644.4491733674886
8447,5560.725279712281
8448,4959.754880387593
8449,5317.517188610401
8450,8249.14801700616
8451,6992.167865472577
8452,4352.208545149832
8453,7187.213726953461
8454,3407.0353240708155
8455,2580.505086842264
8456,5748.964818868973
8457,9827.061574493493
8458,6953.707691599478
8459,6145.878126094477
8460,4090.9770414713075
8461,5675.0981320004275
8462,8047.683214637813
8463,5578.432051327188
8464,7293.263550695917
8465,3871.49508996647
8466,4188.575335099407
8467,3973.3275616278806
8468,4745.441505140841
8469,4853.225715164273
8470,3777.8240995330675
8471,4161.978325531266
8472,3414.704878647305
8473,5622.691547205272
8474,6348.186841135017
8475,4392.316818729657
8476,5245.051578368631
8477,5509.861184327201
8478,4440.852703852488
8479,4361.161214087764
8480,6946.469096982388
8481,6909.674695110533
8482,4996.603391367099
8483,3095.5563137817344
8484,9975.138156000658
8485,5629.056527597408
8486,3977.5643349779016
8487,8426.963073921583
8488,7199.306692904102
8489,6362.349060320807
8490,5032.766575225357
8491,6062.972494881481
8492,7455.807511625138
8493,10988.744082592633
8494,3996.664854838383
8495,3700.2932488183624
8496,4205.41083311081
8497,5756.7192484366915
8498,5173.071839815872
8499,6448.789158682493
8500,6873.557502568919
8501,5001.5971088279075
8502,3757.527724839755
8503,5738.513814412534
8504,6783.221786249949
8505,4202.154252012318
8506,5539.632587491347
8507,3182.7722628941087
8508,5970.103662513366
8509,7031.5998497116925
8510,6002.40165159589
8511,7249.351824940525
8512,5551.632541191914
8513,3827.566987872866
8514,4834.558330795889
8515,5948.78033284125
8516,6484.366517816222
8517,6202.763761817254
8518,5894.080815659672
8519,4866.084476064087
8520,3898.8714597125495
8521,7904.617584500584
8522,4156.1354478032
8523,9156.08133800371
8524,5318.951776151737
8525,4131.00950144958
8526,5639.60889502601
8527,5049.552044953226
8528,6245.517653749407
8529,7098.293835492807
8530,3409.118329929139
8531,3537.640605120949
8532,5576.905905397183
8533,7290.937618809573
8534,7734.351285797445
8535,4588.481527892554
8536,5273.289612749897
8537,4671.628321902623
8538,4998.73676032768
8539,4506.538954728154
8540,8670.362329321639
8541,7064.2106461447665
8542,10938.481627067133
8543,3787.881707961398
8544,5067.570637612281
8545,10810.258186220297
8546,6365.881689161807
8547,3796.4080478811206
8548,7913.218669547723
8549,5497.760235435048
8550,4117.6447814961875
8551,4292.106037017
8552,4571.662523551255
8553,4503.827252962793
8554,5498.8135684563085
8555,3754.700710988895
8556,4120.29709932484
8557,6741.8362913189685
8558,5708.073301349287
8559,18032.425367595624
8560,5445.112107466341
8561,4342.53799338425
8562,5561.455583312243
8563,8047.899332378718
8564,5152.176760509556
8565,6257.136831439611
8566,4540.607447763787
8567,6678.918252315366
8568,6662.878644890989
8569,5012.59107310516
8570,4473.556003275565
8571,5867.729187018236
8572,7276.170650237532
8573,5704.733100128947
8574,7021.841352332015
8575,5631.20097762859
8576,4799.973328449117
8577,5919.598086263091
8578,8279.026452728835
8579,9100.123613787158
8580,8298.204228870065
8581,6182.310501145259
8582,4835.605717049369
8583,4804.373227492881
8584,4527.495775637217
8585,7503.049864076257
8586,8681.572615985328
8587,8211.389483807146
8588,4958.442356008366
8589,4611.298382732733
8590,4512.8515950437995
8591,6421.533126568748
8592,8015.740791146288
8593,5549.907022140341
8594,3994.066076327814
8595,6174.898932201798
8596,6358.858292169361
8597,3489.9224134649953
8598,7372.903919701619
8599,3643.7048463715064
8600,7542.3432574524
8601,6727.789034911587
8602,4752.074975224325
8603,5822.448731588233
8604,7106.360763472074
8605,5980.813713848665
8606,5700.949630363384
8607,5542.405107349856
8608,9455.261329152125
8609,5832.12969473444
8610,8079.388539830343
8611,6573.526630829088
8612,7418.580261273305
8613,5743.12989207463
8614,7948.331719667707
8615,5389.147578414397
8616,4563.002370661217
8617,5458.78295146952
8618,5081.144229523835
8619,9709.383098933466
8620,6033.199258058799
8621,5680.225193774051
8622,6027.0625973138895
8623,5961.097180415907
8624,7961.279774773235
8625,3729.661929766277
8626,11335.013023794778
8627,4657.637036602459
8628,5873.619850848143
8629,7174.0766183956475
8630,5563.312164932593
8631,4924.66227461309
8632,5852.836853858608
8633,5910.676608878487
8634,5030.239385676913
8635,5480.876509891688
8636,7439.631767667649
8637,6424.251297220653
8638,5334.181016538937
8639,5674.634075705159
8640,6569.16029961962
8641,12079.136771666745
8642,5875.567914161433
8643,4169.970566973304
8644,5619.430315856515
8645,5517.029846905019
8646,6842.821591831434
8647,7045.316721334827
8648,3953.2299814033954
8649,6063.3948971583695
8650,5791.4070042015155
8651,5282.656706852048
8652,6390.135709382604
8653,4526.769657802866
8654,4814.872952511729
8655,6637.07166769777
8656,6184.248236836758
8657,8068.894381055585
8658,3834.388785142147
8659,4390.257428003174
8660,7037.31427442344
8661,5321.50237222491
8662,5917.077242924202
8663,6870.154285002112
8664,7045.406718086746
8665,6618.721615796318
8666,6152.74626386521
8667,4229.687715072888
8668,5399.310677726971
8669,8285.496703794426
8670,7716.435606684004
8671,7035.437955599851
8672,6592.773936043807
8673,5908.864401590291
8674,7139.643141988195
8675,5538.878972778099
8676,5966.214093451595
8677,7617.966236942481
8678,6724.405958157658
8679,8350.561219912588
8680,6824.614863567512
8681,7765.683529575643
8682,4935.3254644933295
8683,7020.265953556166
8684,6293.393470736937
8685,6460.541427799664
8686,4946.940047164111
8687,5529.695884986858
8688,7336.150257061454
8689,4751.0423659967855
8690,4661.789704378402
8691,6803.52368739145
8692,6387.206144891455
8693,6290.956779451814
8694,5108.816230262607
8695,4626.409864548452
8696,6488.740241924564
8697,6033.586351988005
8698,6670.705914054278
8699,4951.7236400520505
8700,5720.953146282652
8701,5493.957435907451
8702,4145.977161085842
8703,5540.1688377646215
8704,3702.9921480239886
8705,6548.596777027165
8706,6393.187194993884
8707,5745.165668194025
8708,9919.933325870225
8709,6157.719521428811
8710,6823.70307777662
8711,9703.01156828729
8712,5720.731798013376
8713,5893.1897025183935
8714,6804.806935200164
8715,4636.81009031781
8716,4492.642376899905
8717,5277.468702482458
8718,6391.015615134834
8719,9151.778585046493
8720,5328.575756341923
8721,2793.444671375273
8722,4350.3670190583125
8723,6073.8516876630965
8724,6338.509863651229
8725,6027.7557003160655
8726,5619.911531540365
8727,4368.284923764345
8728,5698.657441748299
8729,3154.484165649215
8730,4556.541676248936
8731,4678.554261677501
8732,7319.093245640874
8733,6136.166484381874
8734,5241.51310505594
8735,6645.514630329581
8736,7372.083037591488
8737,6298.567426261401
8738,5313.8338531608915
8739,8301.94334830734
8740,8279.236780232699
8741,4768.024011686523
8742,6952.32512044019
8743,4300.883395349527
8744,5435.922019387175
8745,3072.265715688137
8746,7070.667558878638
8747,4305.326097440808
8748,7941.535912104879
8749,5653.860889938727
8750,6455.33227062434
8751,7505.133319326292
8752,4388.629263828717
8753,6529.822983449031
8754,17371.341544366976
8755,8647.300293816354
8756,5100.473567467028
8757,3268.523092119743
8758,5463.796286878983
8759,7801.9995142707685
8760,6456.365351431127
8761,10850.15967501753
8762,15830.95793266793
8763,5150.924211418481
8764,4091.9610804741096
8765,6880.600613581944
8766,4475.047929534788
8767,7949.03826186473
8768,5576.256739635992
8769,6443.387507963687
8770,0.0
8771,6361.978869228597
8772,6511.693606108217
8773,6390.791571468031
8774,8926.58656542862
8775,6375.410537661415
8776,4906.869749088115
8777,6906.01053062895
8778,5228.05076263075
8779,4645.029733880847
8780,7027.400632622658
8781,5316.268296053834
8782,5172.798347917863
8783,6202.04637937881
8784,5056.775259174439
8785,5913.370810029182
8786,5776.680406854801
8787,7002.8799881070645
8788,8043.14990720785
8789,6119.170955480906
8790,7266.1201120658125
8791,5262.760900435999
8792,3186.963120803258
8793,5641.470589083581
8794,6065.542842500782
8795,5107.975636445811
8796,4902.880683845684
8797,7679.398297529571
8798,5597.99720911295
8799,6590.087432455188
8800,6527.510343972974
8801,4721.841670624718
8802,4351.563837688085
8803,4273.880726006916
8804,8138.348223096304
8805,5472.337550140552
8806,6277.983439212945
8807,13165.969683069403
8808,5899.506813919615
8809,5183.754499174917
8810,4389.354665931024
8811,4425.4581710110315
8812,6179.140712634125
8813,3690.124537790307
8814,4573.078226215687
8815,7678.147684257567
8816,4502.563995805316
8817,11357.929974938284
8818,11140.60688780108
8819,4116.70112447361
8820,6140.011116155738
8821,5010.395827679317
8822,5845.525342688863
8823,5023.215414551686
8824,9725.925290457408
8825,5633.564215795459
8826,7377.857205262098
8827,6161.338485736809
8828,6195.9670128845555
8829,6349.070789935837
8830,8488.648105446655
8831,5686.091606698217
8832,5310.933157961999
8833,5170.293929313793
8834,6107.496387512293
8835,7699.0914669049935
8836,7575.010807412252
8837,6688.09629503148
8838,8640.445939745974
8839,5449.678329870935
8840,8535.781804757751
8841,4251.664651374635
8842,5419.31702266152
8843,5140.177010330411
8844,9491.922158766512
8845,5390.291083076941
8846,6276.772195490228
8847,5921.995641669413
8848,6587.6446385980535
8849,6007.972524239874
8850,6713.6202944691595
8851,6244.430565821277
8852,3699.9259142949636
8853,12125.256779740894
8854,14922.759496377408
8855,7268.03423406652
8856,6063.194745199043
8857,7494.105645307433
8858,8878.46885419796
8859,8927.807868957807
8860,5504.2963243578715
8861,6234.555188205069
8862,4923.492469658709
8863,7124.75608493698
8864,3797.4547075106357
8865,5496.13115127023
8866,4935.744286778729
8867,5649.806213151299
8868,6145.444382127053
8869,6090.319688542409
8870,4354.413495073517
8871,5850.154047239454
8872,4192.393001673255
8873,4742.443736519097
8874,4884.064746810112
8875,4983.559567765267
8876,6988.332956584189
8877,8943.691634181258
8878,8770.743154341919
8879,5850.1638952096355
8880,5514.315740006595
8881,9021.866497901781
8882,6073.467249393377
8883,4057.2138390597484
8884,6471.88817880026
8885,7121.572015595393
8886,4117.376442686429
8887,5990.002188049552
8888,3443.520306069474
8889,4467.657921775423
8890,8573.22528720076
8891,5812.388129652201
8892,5771.132833253677
8893,7946.171625585595
8894,7561.365497588081
8895,10691.515666647347
8896,5537.458598894877
8897,8343.96127512279
8898,3519.0036800765197
8899,5368.156392184766
8900,5321.603085811549
8901,4452.974104335511
8902,6717.449745096796
8903,4685.087487635119
8904,5854.770222547975
8905,7027.809901116486
8906,10249.20701654298
8907,7883.313565402204
8908,4458.601523502502
8909,4474.309509127991
8910,7035.998404198873
8911,7646.797475478846
8912,5849.316241006676
8913,6213.011150363642
8914,5755.652965942954
8915,9097.841202231775
8916,5808.612082054772
8917,5783.997376187368
8918,6064.614698886023
8919,6998.19950118246
8920,11310.780953891868
8921,5386.749248264139
8922,10931.803990112807
8923,6609.841941314796
8924,4668.728752414329
8925,3549.2417744833438
8926,5535.583390408452
8927,6230.662610629204
8928,4392.405697838887
8929,5571.101275547997
8930,5998.457062144115
8931,3896.5675371865086
8932,5778.798953593577
8933,5433.379995536588
8934,7362.1875349532165
8935,7445.687922095531
8936,7195.666354444281
8937,6845.111059621482
8938,5496.529733996938
8939,7299.315683013523
8940,5425.680229100865
8941,6854.085107936876
8942,6408.792512071243
8943,6706.684692769706
8944,10117.834581980283
8945,6082.647015256228
8946,4755.901637432407
8947,5421.470270466553
8948,7064.3823877424475
8949,6108.70728579202
8950,5700.411569127792
8951,6869.748380268108
8952,5166.317649423174
8953,5793.991267252201
8954,6592.50777782757
8955,7484.368067240051
8956,5081.2174500646315
8957,5516.314047154951
8958,6347.4214733591925
8959,4675.452790723465
8960,3942.8645284391177
8961,4401.381876117771
8962,7997.235739229659
8963,7458.463593421463
8964,8357.857312401482
8965,9363.736237829793
8966,6580.981441878675
8967,5053.856717097052
8968,4805.716261363051
8969,9903.136237083654
8970,9135.999429045065
8971,7130.170276854537
8972,7134.129812809435
8973,7098.135416119053
8974,6154.728819649826
8975,4516.9411113866045
8976,9454.484804778465
8977,6373.906332571631
8978,6317.656663161846
8979,6337.434445301711
8980,2865.660108302092
8981,8490.397818831407
8982,6513.898753895118
8983,4700.318449496428
8984,4220.760335229261
8985,4735.4265164512235
8986,5417.151343974015
8987,6934.007207004283
8988,7136.04362051747
8989,4199.365472150583
8990,5006.40894762036
8991,3771.819116557153
8992,3521.5272317230565
8993,5943.200123373549
8994,16757.287610415304
8995,4079.514718739328
8996,4411.780354766983
8997,6177.298395253149
8998,4146.069619709697
8999,3732.303751769132
9000,4760.312089813024
9001,3442.751196511879
9002,7261.619710904267
9003,5852.950279511319
9004,4430.3803627796815
9005,8211.499335572273
9006,5151.151564289133
9007,4421.6753144748045
9008,6720.8082491959485
9009,6593.008377890206
9010,8596.204253753951
9011,4739.337711466581
9012,5567.341692015471
9013,4052.8665435599637
9014,6286.361404356192
9015,12431.570022097621
9016,11020.2867908327
9017,5024.563742173903
9018,3699.0906588936373
9019,5917.634244047857
9020,6113.443429075544
9021,3837.2663085049217
9022,8598.005223756145
9023,5857.513610413262
9024,5629.353629183295
9025,6172.443311274099
9026,3777.863149599396
9027,5251.332586378345
9028,8079.9954712564095
9029,7426.037090431508
9030,6778.399789966819
9031,4115.084899169392
9032,5294.724539375314
9033,6540.843793279286
9034,7966.137555188425
9035,7301.56554045274
9036,5366.241614773152
9037,4729.643058490781
9038,6651.417586630926
9039,5016.287841379742
9040,3941.4607714233025
9041,6176.557410511606
9042,6136.477429896574
9043,5129.057719468095
9044,5402.188319063047
9045,5918.464859675104
9046,7065.8567074172315
9047,5092.866860270425
9048,5661.686221883686
9049,7879.552959484518
9050,6163.437267888534
9051,8413.256651996033
9052,6569.942946443554
9053,4284.0120601791095
9054,9039.964750860383
9055,4497.660831977915
9056,3116.9093031432017
9057,7085.891625396774
9058,8450.500884644389
9059,10108.547064048847
9060,5538.940788993117
9061,5377.3156899211945
9062,5546.245060486372
9063,6327.8285849832655
9064,4836.890796301852
9065,6397.531066542972
9066,1858.7101141499359
9067,5021.612733096806
9068,4651.210686753538
9069,4780.025659864028
9070,4943.0072972338685
9071,5666.749123023565
9072,6512.790178845773
9073,6028.022963399708
9074,7988.2291348211
9075,7629.391519510855
9076,6538.510640153451
9077,5678.016151348923
9078,6407.861301836645
9079,5978.061273813415
9080,9256.498969295673
9081,6153.309705826163
9082,3768.2321051535478
9083,7833.05241503435
9084,7441.752289685295
9085,5680.737869028851
9086,4906.494235332267
9087,3496.6439796786176
9088,7865.574504674555
9089,5092.923751579079
9090,7283.620990863649
9091,5850.41463939271
9092,4852.2399161561425
9093,7098.211153683904
9094,6069.396981978795
9095,5278.07065223461
9096,7727.830532884408
9097,4844.557989594711
9098,6895.023314701041
9099,8794.487900316515
9100,7147.761553457865
9101,4248.124203325423
9102,5965.290687118456
9103,4640.0853784238925
9104,3046.048784442303
9105,7423.109493444853
9106,5240.43067520763
9107,7614.301597229553
9108,4726.509838111235
9109,7471.5855660791785
9110,6441.856034153596
9111,7534.4712026048655
9112,5837.215921156782
9113,5697.517590740912
9114,4976.703232608042
9115,6443.981556851288
9116,5587.137454286429
9117,5942.927485437715
9118,7132.807648658636
9119,8408.800096816527
9120,5828.775513643635
9121,5942.575791483704
9122,4728.46832263748
9123,3952.178088450245
9124,5567.2547622503225
9125,8579.211783405744
9126,7232.939698842112
9127,5643.818188818546
9128,13546.730753976659
9129,5453.585352995717
9130,5482.5600483272365
9131,5316.654786513569
9132,6743.5853452164265
9133,10921.10446486948
9134,5798.725362153097
9135,6428.748873306978
9136,6622.198763396099
9137,6624.69856497997
9138,6031.954796988196
9139,4097.709541746658
9140,4695.886865039336
9141,4812.098065461519
9142,3973.362234152089
9143,4388.308978248123
9144,6976.27216806707
9145,14205.330193412934
9146,6734.300023277556
9147,5835.883543541026
9148,6253.025750846504
9149,4788.484371623473
9150,5638.511666380999
9151,3158.881419422288
9152,8856.028424945442
9153,6256.885916267763
9154,5462.492914256992
9155,11270.153150705326
9156,10998.76125487358
9157,5419.6730439404755
9158,6668.1576926668295
9159,3576.307638431397
9160,5233.98728719557
9161,4680.380555964109
9162,8807.639467321029
9163,3673.5454244491007
9164,5711.421825451958
9165,5436.428708382344
9166,5427.31377490089
9167,5418.699065059504
9168,5656.073284287635
9169,4912.944087582749
9170,6385.841850621709
9171,6586.1611551971355
9172,6240.284060018238
9173,4455.709479092939
9174,3484.061069811834
9175,6628.570157761572
9176,4535.170125618703
9177,8351.362344978257
9178,4366.256663368103
9179,3971.129413210424
9180,5732.753759763165
9181,4610.242348085015
9182,5743.413938345298
9183,5961.7327617043065
9184,6452.514583654013
9185,8388.944700061518
9186,8434.84568697963
9187,4959.373826930535
9188,4531.78998257437
9189,6259.181996931917
9190,6102.2095717497905
9191,4488.712114794031
9192,5152.287957995813
9193,5226.489012206294
9194,9872.727240362787
9195,6491.885660263856
9196,5370.447776203457
9197,6021.989427512997
9198,5585.004384176259
9199,8598.62547484059
9200,4853.534390256667
9201,11327.239966316101
9202,5367.6474350990375
9203,4239.356693577785
9204,4900.7641717080305
9205,3591.6289849421682
9206,6552.362068468102
9207,17937.71817656374
9208,3104.415897193269
9209,3664.4457439534995
9210,8274.631557341967
9211,5857.724861441142
9212,6621.238294310244
9213,6542.72899683085
9214,4594.142945426118
9215,5501.040448375488
9216,3107.967270126266
9217,8358.11313466365
9218,5708.107121820062
9219,5597.491119060621
9220,5363.598220057187
9221,5279.837317426738
9222,7238.729668742541
9223,5517.128533195657
9224,3349.995673138191
9225,7908.365166513861
9226,7429.766017750077
9227,4368.867099178489
9228,6288.995855185428
9229,5372.363648331045
9230,3924.048328198517
9231,7133.256539475639
9232,5011.819043495336
9233,7008.210717566961
9234,4411.998172223283
9235,4954.614409904429
9236,5745.072912887923
9237,4931.5591521612105
9238,7864.233948728298
9239,3360.992899182501
9240,5390.4330564683205
9241,4391.3532631072885
9242,6267.05963994516
9243,5511.239723071745
9244,5768.647552089373
9245,5971.591691544247
9246,6054.128848226443
9247,6484.259667842834
9248,5777.147634271826
9249,6999.773508247401
9250,6829.440563022341
9251,8974.939815852309
9252,6323.0306806187255
9253,3501.689242933566
9254,5823.898494509545
9255,5855.503219634403
9256,4882.000744422975
9257,11051.229761504299
9258,6169.193523567373
9259,6572.36310051107
9260,9398.397729898752
9261,5872.723696403978
9262,3639.7725787438494
9263,13229.817512912517
9264,8623.276286694145
9265,5327.453469744468
9266,6948.095739849956
9267,7610.793860949151
9268,6375.655556622926
9269,5318.338214616233
9270,5945.9662966390115
9271,5692.12295692019
9272,5630.769138452687
9273,5882.597438268895
9274,4344.396722793629
9275,7462.2331780800405
9276,5932.783568660925
9277,5805.0561521743675
9278,5735.727428210554
9279,5551.964900190985
9280,5913.691632583246
9281,4917.048608949165
9282,8007.848855652717
9283,5625.322152414055
9284,5216.966058918764
9285,5915.101026633952
9286,5636.6464682366195
9287,7443.118229408987
9288,5236.149041247373
9289,5513.587877081521
9290,5030.7760870166785
9291,5431.452777997692
9292,6175.317900606352
9293,4265.464273510416
9294,4229.798688175002
9295,8003.832269956563
9296,7260.273288057194
9297,5954.042166820413
9298,6224.50026159758
9299,6597.417318624073
9300,5634.452367415179
9301,3754.9915025417545
9302,2765.471022693628
9303,5661.591986709035
9304,5240.591453776127
9305,5639.242760869283
9306,9424.118146970237
9307,7419.213701721801
9308,4460.884457368998
9309,7299.748529117725
9310,4791.801378406649
9311,2627.733504767513
9312,6147.5373272769475
9313,10828.132463600623
9314,6934.941613104899
9315,6376.651353571258
9316,4928.999723360197
9317,5927.39043432569
9318,8082.086846540311
9319,6121.282825545537
9320,8620.002958235218
9321,4004.815314638721
9322,4253.980299224357
9323,4862.301323522217
9324,4956.314073274975
9325,5048.72421204527
9326,3894.9584139382896
9327,4383.17743583813
9328,4312.616875539209
9329,6508.29381171791
9330,6648.050232886052
9331,5495.72908777561
9332,5475.824805845413
9333,5880.392628489568
9334,4498.4849473441855
9335,5197.679204665121
9336,7163.463913074814
9337,7191.313559400114
9338,6212.015796336363
9339,3228.876538453986
9340,10155.023479737805
9341,5734.701363560553
9342,4177.331622290924
9343,9566.06013976271
9344,7336.069953668607
9345,6939.613038033736
9346,5203.914430090582
9347,6271.663216139611
9348,7727.127044930396
9349,12634.164531422979
9350,4402.448230284036
9351,4080.055991063319
9352,4416.412795880497
9353,6183.765084685915
9354,6183.0299599051505
9355,6410.873215480461
9356,6566.041637889587
9357,6094.6632175141995
9358,3956.8323539440576
9359,6841.966407453237
9360,7032.68588071055
9361,4343.549823091329
9362,5902.030185846507
9363,3788.6833382469586
9364,6148.796322237038
9365,8181.320620407929
9366,6220.386222550409
9367,7642.394386968593
9368,5769.617112146433
9369,5104.56239032481
9370,5086.5268830612185
9371,6214.004513857565
9372,6842.617832999588
9373,6416.544038557335
9374,7030.977357683623
9375,5219.216696464158
9376,4043.8782887345214
9377,8384.76107015141
9378,5061.376888465822
9379,9430.12486563813
9380,6489.126901575531
9381,5446.071650857151
9382,6330.534836667969
9383,5134.567216495238
9384,6445.535711465355
9385,7366.462557496524
9386,3491.9350590129293
9387,3705.660968628761
9388,6728.745256823143
9389,7691.245807562648
9390,8683.976287542373
9391,4993.46266101839
9392,5534.209139691092
9393,4936.4353837647295
9394,5262.967091318094
9395,4626.225848722847
9396,9006.862419195844
9397,7366.623972653543
9398,11258.290749523127
9399,4929.625885479988
9400,5425.95489202341
9401,9850.381968976562
9402,6585.191331598775
9403,3852.446015537502
9404,8449.46402105263
9405,6584.901493707256
9406,4582.242026136025
9407,5292.8174364866645
9408,5186.8963993544385
9409,4807.828534050776
9410,6716.834026202865
9411,4983.861099741481
9412,4435.110430043457
9413,7553.331173234293
9414,5729.199390406419
9415,18558.689334601342
9416,5864.558826526971
9417,0.0
9418,0.0
9419,0.0
9420,0.0
9421,0.0
9422,0.0
9423,0.0
9424,0.0
9425,0.0
9426,0.0
9427,0.0
9428,0.0
9429,0.0
9430,0.0
9431,0.0
9432,0.0
9433,0.0
9434,0.0
9435,0.0
9436,0.0
9437,0.0
9438,0.0
9439,0.0
9440,0.0
9441,0.0
9442,0.0
9443,0.0
9444,0.0
9445,0.0
9446,0.0
9447,0.0
9448,0.0
9449,0.0
9450,0.0
9451,0.0
9452,0.0
9453,0.0
9454,0.0
9455,0.0
9456,0.0
9457,0.0
9458,0.0
9459,0.0
9460,0.0
9461,0.0
9462,0.0
9463,0.0
9464,0.0
9465,0.0
9466,0.0
9467,0.0
9468,0.0
9469,0.0
9470,0.0
9471,0.0
9472,0.0
9473,0.0
9474,0.0
9475,0.0
9476,0.0
9477,0.0
9478,0.0
9479,0.0
9480,0.0
9481,0.0
9482,0.0
9483,0.0
9484,0.0
9485,0.0
9486,0.0
9487,0.0
9488,0.0
9489,0.0
9490,0.0
9491,0.0
9492,0.0
9493,0.0
9494,0.0
9495,0.0
9496,0.0
9497,0.0
9498,0.0
9499,0.0
9500,0.0
9501,0.0
9502,0.0
9503,0.0
9504,0.0
9505,0.0
9506,0.0
9507,0.0
9508,2979.7137347026837
9509,0.0
9510,0.0
9511,0.0
9512,0.0
9513,0.0
9514,0.0
9515,0.0
9516,0.0
9517,0.0
9518,0.0
9519,0.0
9520,0.0
9521,0.0
9522,0.0
9523,0.0
9524,0.0
9525,0.0
9526,0.0
9527,0.0
9528,0.0
9529,0.0
9530,0.0
9531,0.0
9532,0.0
9533,0.0
9534,0.0
9535,0.0
9536,0.0
9537,0.0
9538,0.0
9539,0.0
9540,0.0
9541,0.0
9542,0.0
9543,0.0
9544,0.0
9545,0.0
9546,0.0
9547,0.0
9548,0.0
9549,0.0
9550,0.0
9551,0.0
9552,0.0
9553,0.0
9554,0.0
9555,0.0
9556,0.0
9557,0.0
9558,0.0
9559,0.0
9560,0.0
9561,0.0
9562,0.0
9563,0.0
9564,0.0
9565,0.0
9566,0.0
9567,0.0
9568,0.0
9569,0.0
9570,0.0
9571,0.0
9572,0.0
9573,0.0
9574,0.0
9575,0.0
9576,2930.601674710275
9577,0.0
9578,0.0
9579,0.0
9580,0.0
9581,0.0
9582,0.0
9583,0.0
9584,0.0
9585,0.0
9586,0.0
9587,0.0
9588,0.0
9589,0.0
9590,0.0
9591,0.0
9592,0.0
9593,0.0
9594,0.0
9595,0.0
9596,0.0
9597,0.0
9598,0.0
9599,0.0
9600,0.0
9601,0.0
9602,0.0
9603,0.0
9604,0.0
9605,0.0
9606,0.0
9607,0.0
9608,0.0
9609,0.0
9610,0.0
9611,0.0
9612,0.0
9613,0.0
9614,0.0
9615,0.0
9616,0.0
9617,14111.10504160506
9618,26371.694806092935
9619,0.0
9620,0.0
9621,0.0
9622,0.0
9623,0.0
9624,0.0
9625,0.0
9626,7025.770335729601
9627,0.0
9628,0.0
9629,0.0
9630,0.0
9631,0.0
9632,0.0
9633,0.0
9634,0.0
9635,0.0
9636,0.0
9637,0.0
9638,0.0
9639,0.0
9640,0.0
9641,0.0
9642,0.0
9643,0.0
9644,0.0
9645,4526.261680780157
9646,0.0
9647,0.0
9648,0.0
9649,0.0
9650,0.0
9651,0.0
9652,0.0
9653,0.0
9654,0.0
9655,3484.8877114942006
9656,0.0
9657,0.0
9658,0.0
9659,0.0
9660,0.0
9661,0.0
9662,0.0
9663,0.0
9664,0.0
9665,0.0
9666,0.0
9667,0.0
9668,0.0
9669,0.0
9670,0.0
9671,0.0
9672,0.0
9673,8261.57346702107
9674,0.0
9675,0.0
9676,0.0
9677,0.0
9678,0.0
9679,0.0
9680,0.0
9681,0.0
9682,0.0
9683,0.0
9684,0.0
9685,0.0
9686,0.0
9687,0.0
9688,0.0
9689,0.0
9690,6725.620168570212
9691,0.0
9692,0.0
9693,0.0
9694,0.0
9695,0.0
9696,0.0
9697,0.0
9698,0.0
9699,0.0
9700,0.0
9701,0.0
9702,0.0
9703,0.0
9704,0.0
9705,0.0
9706,0.0
9707,0.0
9708,0.0
9709,0.0
9710,0.0
9711,0.0
9712,0.0
9713,0.0
9714,0.0
9715,0.0
9716,0.0
9717,0.0
9718,0.0
9719,0.0
9720,0.0
9721,0.0
9722,0.0
9723,0.0
9724,0.0
9725,0.0
9726,0.0
9727,0.0
9728,0.0
9729,0.0
9730,0.0
9731,0.0
9732,0.0
9733,0.0
9734,0.0
9735,0.0
9736,0.0
9737,0.0
9738,0.0
9739,0.0
9740,0.0
9741,0.0
9742,0.0
9743,0.0
9744,0.0
9745,0.0
9746,0.0
9747,0.0
9748,0.0
9749,0.0
9750,0.0
9751,0.0
9752,1966.883282406434
9753,0.0
9754,0.0
9755,0.0
9756,0.0
9757,0.0
9758,0.0
9759,0.0
9760,0.0
9761,0.0
9762,0.0
9763,0.0
9764,0.0
9765,0.0
9766,4050.155948332264
9767,0.0
9768,0.0
9769,0.0
9770,0.0
9771,0.0
9772,0.0
9773,0.0
9774,0.0
9775,0.0
9776,0.0
9777,0.0
9778,0.0
9779,0.0
9780,0.0
9781,0.0
9782,0.0
9783,0.0
9784,0.0
9785,0.0
9786,0.0
9787,0.0
9788,0.0
9789,0.0
9790,0.0
9791,0.0
9792,0.0
9793,0.0
9794,0.0
9795,0.0
9796,0.0
9797,0.0
9798,0.0
9799,0.0
9800,0.0
9801,0.0
9802,0.0
9803,0.0
9804,0.0
9805,0.0
9806,0.0
9807,0.0
9808,0.0
9809,6275.517268886568
9810,0.0
9811,0.0
9812,0.0
9813,0.0
9814,0.0
9815,0.0
9816,0.0
9817,0.0
9818,0.0
9819,2854.2549102395196
9820,0.0
9821,0.0
9822,0.0
9823,3018.3285735140676
9824,0.0
9825,0.0
9826,0.0
9827,0.0
9828,0.0
9829,0.0
9830,0.0
9831,0.0
9832,0.0
9833,0.0
9834,0.0
9835,0.0
9836,0.0
9837,0.0
9838,0.0
9839,0.0
9840,0.0
9841,0.0
9842,0.0
9843,0.0
9844,0.0
9845,0.0
9846,0.0
9847,0.0
9848,0.0
9849,0.0
9850,18527.59985659808
9851,0.0
9852,0.0
9853,0.0
9854,0.0
9855,0.0
9856,0.0
9857,0.0
9858,0.0
9859,0.0
9860,0.0
9861,0.0
9862,0.0
9863,0.0
9864,5834.319570531154
9865,0.0
9866,0.0
9867,0.0
9868,0.0
9869,0.0
9870,0.0
9871,0.0
9872,0.0
9873,0.0
9874,0.0
9875,0.0
9876,0.0
9877,0.0
9878,0.0
9879,0.0
9880,0.0
9881,0.0
9882,0.0
9883,0.0
9884,0.0
9885,0.0
9886,0.0
9887,0.0
9888,0.0
9889,0.0
9890,0.0
9891,0.0
9892,0.0
9893,0.0
9894,0.0
9895,0.0
9896,0.0
9897,0.0
9898,0.0
9899,0.0
9900,0.0
9901,0.0
9902,0.0
9903,0.0
9904,0.0
9905,0.0
9906,0.0
9907,0.0
9908,0.0
9909,0.0
9910,0.0
9911,0.0
9912,0.0
9913,0.0
9914,0.0
9915,0.0
9916,0.0
9917,0.0
9918,0.0
9919,0.0
9920,0.0
9921,0.0
9922,0.0
9923,0.0
9924,0.0
9925,0.0
9926,0.0
9927,0.0
9928,0.0
9929,0.0
9930,0.0
9931,0.0
9932,0.0
9933,0.0
9934,0.0
9935,0.0
9936,0.0
9937,0.0
9938,0.0
9939,10827.58264712934
9940,0.0
9941,0.0
9942,0.0
9943,0.0
9944,0.0
9945,0.0
9946,0.0
9947,0.0
9948,0.0
9949,0.0
9950,0.0
9951,0.0
9952,0.0
9953,0.0
9954,0.0
9955,0.0
9956,0.0
9957,0.0
9958,0.0
9959,0.0
9960,0.0
9961,0.0
9962,0.0
9963,0.0
9964,0.0
9965,0.0
9966,0.0
9967,0.0
9968,0.0
9969,0.0
9970,0.0
9971,0.0
9972,0.0
9973,0.0
9974,0.0
9975,0.0
9976,0.0
9977,0.0
9978,0.0
9979,0.0
9980,0.0
9981,0.0
9982,0.0
9983,2904.533099430903
9984,16376.705828787648
9985,0.0
9986,0.0
9987,0.0
9988,0.0
9989,0.0
9990,0.0
9991,0.0
9992,0.0
9993,0.0
9994,0.0
9995,0.0
9996,0.0
9997,0.0
9998,0.0
9999,0.0
10000,0.0
10001,0.0
10002,0.0
10003,0.0
10004,0.0
10005,0.0
10006,0.0
10007,0.0
10008,0.0
10009,0.0
10010,0.0
10011,0.0
10012,11914.804722720097
10013,0.0
10014,0.0
10015,0.0
10016,0.0
10017,0.0
10018,0.0
10019,0.0
10020,0.0
10021,0.0
10022,0.0
10023,0.0
10024,0.0
10025,0.0
10026,0.0
10027,0.0
10028,0.0
10029,0.0
10030,0.0
10031,0.0
10032,0.0
10033,0.0
10034,0.0
10035,0.0
10036,0.0
10037,0.0
10038,0.0
10039,0.0
10040,0.0
10041,0.0
10042,0.0
10043,0.0
10044,0.0
10045,0.0
10046,0.0
10047,0.0
10048,0.0
10049,0.0
10050,0.0
10051,0.0
10052,0.0
10053,0.0
10054,0.0
10055,0.0
10056,0.0
10057,0.0
10058,0.0
10059,0.0
10060,0.0
10061,0.0
10062,0.0
10063,0.0
10064,0.0
10065,0.0
10066,0.0
10067,0.0
10068,0.0
10069,0.0
10070,0.0
10071,0.0
10072,0.0
10073,0.0
10074,0.0
10075,0.0
10076,0.0
10077,0.0
10078,0.0
10079,0.0
10080,0.0
10081,0.0
10082,2928.7083278367245
10083,0.0
10084,0.0
10085,0.0
10086,2438.9812959920255
10087,0.0
10088,0.0
10089,0.0
10090,0.0
10091,0.0
10092,0.0
10093,0.0
10094,0.0
10095,0.0
10096,0.0
10097,0.0
10098,0.0
10099,0.0
10100,0.0
10101,0.0
10102,0.0
10103,0.0
10104,0.0
10105,0.0
10106,0.0
10107,0.0
10108,0.0
10109,0.0
10110,0.0
10111,0.0
10112,0.0
10113,0.0
10114,0.0
10115,0.0
10116,0.0
10117,0.0
10118,0.0
10119,0.0
10120,0.0
10121,0.0
10122,0.0
10123,0.0
10124,0.0
10125,0.0
10126,0.0
10127,0.0
10128,0.0
10129,0.0
10130,0.0
10131,0.0
10132,0.0
10133,0.0
10134,0.0
10135,0.0
10136,0.0
10137,2774.692226423192
10138,0.0
10139,0.0
10140,0.0
10141,0.0
10142,0.0
10143,0.0
10144,0.0
10145,0.0
10146,0.0
10147,0.0
10148,0.0
10149,0.0
10150,0.0
10151,0.0
10152,9137.924978079021
10153,0.0
10154,0.0
10155,0.0
10156,0.0
10157,0.0
10158,0.0
10159,0.0
10160,0.0
10161,0.0
10162,0.0
10163,0.0
10164,0.0
10165,0.0
10166,0.0
10167,0.0
10168,0.0
10169,0.0
10170,0.0
10171,0.0
10172,0.0
10173,0.0
10174,0.0
10175,0.0
10176,0.0
10177,0.0
10178,0.0
10179,0.0
10180,0.0
10181,0.0
10182,0.0
10183,0.0
10184,0.0
10185,0.0
10186,0.0
10187,0.0
10188,0.0
10189,0.0
10190,0.0
10191,0.0
10192,0.0
10193,0.0
10194,0.0
10195,0.0
10196,0.0
10197,0.0
10198,0.0
10199,0.0
10200,0.0
10201,0.0
10202,0.0
10203,0.0
10204,0.0
10205,0.0
10206,0.0
10207,0.0
10208,0.0
10209,0.0
10210,0.0
10211,0.0
10212,0.0
10213,0.0
10214,0.0
10215,0.0
10216,3360.533186749235
10217,0.0
10218,0.0
10219,0.0
10220,0.0
10221,0.0
10222,0.0
10223,0.0
10224,0.0
10225,0.0
10226,0.0
10227,0.0
10228,0.0
10229,0.0
10230,0.0
10231,0.0
10232,0.0
10233,0.0
10234,0.0
10235,0.0
10236,0.0
10237,0.0
10238,0.0
10239,0.0
10240,0.0
10241,0.0
10242,0.0
10243,0.0
10244,0.0
10245,0.0
10246,0.0
10247,0.0
10248,0.0
10249,0.0
10250,0.0
10251,0.0
10252,0.0
10253,0.0
10254,0.0
10255,0.0
10256,0.0
10257,12401.435000990778
10258,4959.654314911817
10259,0.0
10260,0.0
10261,0.0
10262,0.0
10263,0.0
10264,0.0
10265,0.0
10266,0.0
10267,0.0
10268,0.0
10269,0.0
10270,0.0
10271,0.0
10272,0.0
10273,4931.551615461453
10274,4203.395454159895
10275,6059.590155935106
10276,3929.3694146780226
10277,5897.093110658201
10278,3686.3907819216943
10279,6211.616820215354
10280,6100.28228627475
10281,4210.083433477638
10282,3394.795854735581
10283,6722.634194156913
10284,5617.259329782524
10285,5037.2909103256625
10286,6015.432018422511
10287,4984.408771685182
10288,2942.205900612269
10289,6140.023516922089
10290,7856.344535506902
10291,8768.26252136333
10292,7700.583782819151
10293,6936.798412404215
10294,4048.3908883869303
10295,5958.634229007708
10296,2505.0724854396235
10297,7162.1928030795425
10298,8999.18039147397
10299,7546.523809066991
10300,5470.836454818253
10301,3571.9159412597087
10302,4110.738066459796
10303,6200.68308797206
10304,8121.876940802346
10305,5876.492680121639
10306,4939.165054792363
10307,5675.297810953449
10308,6348.1161866151815
10309,2840.6248438117
10310,7126.2715785689325
10311,4436.10175387474
10312,6714.218166084036
10313,6305.639213951573
10314,3940.2799932929606
10315,7069.325069351943
10316,5412.358836717634
10317,4739.379812055653
10318,4486.0001693829145
10319,6339.9580279425045
10320,10508.86141999695
10321,5721.731529354707
10322,6092.351134523547
10323,7292.683536181015
10324,8195.204488784459
10325,6460.5898710173915
10326,6560.664498166292
10327,2835.013915917981
10328,3421.161768867258
10329,5110.113922033546
10330,5888.7366570158465
10331,8532.057057173926
10332,7159.29050329192
10333,3837.490986774161
10334,6953.653318206219
10335,4969.122810974079
10336,6368.522879593169
10337,3221.011505597304
10338,10573.644332467737
10339,4119.18589203278
10340,4209.348511837759
10341,6855.918547891535
10342,4936.461041863413
10343,5421.497353880843
10344,4183.9245553783185
10345,5774.129203148762
10346,5619.602415120072
10347,5383.947518198427
10348,7336.931510057077
10349,7311.124506113385
10350,5431.101202323047
10351,3859.384171305361
10352,6440.720077057459
10353,11954.853617423678
10354,5362.200902753807
10355,3054.52298428113
10356,6601.9429439679825
10357,5030.911879033251
10358,6140.973581728753
10359,7308.6190617393895
10360,2807.0196662405588
10361,6987.376050753147
10362,5023.641007733855
10363,5732.799956596301
10364,5626.314834525034
10365,3609.49715381903
10366,5657.531054401805
10367,5456.0246453775435
10368,7362.983027696926
10369,6741.734835961003
10370,4358.362093114229
10371,4836.378476814366
10372,6716.360621915642
10373,6233.597207852984
10374,3942.0930074103208
10375,5428.979019432705
10376,5158.272293962344
10377,5820.299516571993
10378,5467.180071823242
10379,3381.896112795584
10380,6049.253632654386
10381,5660.996967372402
10382,6282.98416585733
10383,7821.812348494539
10384,7604.100076467036
10385,5479.462465121452
10386,7434.051530095379
10387,4641.860130564758
10388,4063.750393411713
10389,8020.488544500511
10390,6581.898711361904
10391,7465.069252601137
10392,8734.191114127381
10393,7430.740042699208
10394,5620.905269457258
10395,6134.773986244709
10396,7535.883187751194
10397,4071.296258515509
10398,2591.535259366081
10399,5800.549560798357
10400,5192.186571388816
10401,5420.459189131706
10402,3818.6661588512293
10403,6289.385010706624
10404,5488.541429610756
10405,5121.387310261893
10406,5608.00401662231
10407,3539.3725970053288
10408,6029.125758305803
10409,6879.955400673495
10410,4469.374050624621
10411,5933.809194459072
10412,3555.113679362705
10413,6447.157332726278
10414,3274.7820525762204
10415,4372.3348719402675
10416,4487.279315400062
10417,7405.205427859019
10418,4640.99214923682
10419,4601.555991091201
10420,10490.529725349088
10421,4757.62522759658
10422,5848.555345546284
10423,9981.143042036263
10424,6499.303009607157
10425,6947.962405141444
10426,6194.451891841881
10427,5775.301144586287
10428,5518.877679052382
10429,3720.6669641401213
10430,5863.28758730272
10431,7645.6012381543715
10432,4701.532687514902
10433,3186.413427398563
10434,2994.348521530537
10435,7093.01244021464
10436,7703.88535626888
10437,5617.304701733072
10438,6049.006355504397
10439,4937.898089349978
10440,3854.372291596701
10441,2370.078625931137
10442,3523.2719544132487
10443,5433.338212088874
10444,7154.002294343614
10445,5750.362743589357
10446,4882.488837028643
10447,8472.109889265741
10448,7783.453663817654
10449,7279.65858566579
10450,4896.492831040593
10451,7570.820103640062
10452,9330.997486745284
10453,3736.041617060482
10454,6183.866316037231
10455,5143.373428629146
10456,6147.298994674283
10457,3705.4316343047344
10458,5718.478330662767
10459,4984.461306612111
10460,7558.751868333866
10461,6229.120346340209
10462,7524.79183158923
10463,7304.379780827493
10464,5272.807900555071
10465,7570.582744197065
10466,18136.13022697682
10467,9272.567794813565
10468,4880.591699788213
10469,3501.2409754662963
10470,6594.323954375671
10471,7655.082541885231
10472,4004.9255407079445
10473,10434.001910418483
10474,16250.381075222695
10475,4008.979573391996
10476,3767.8334069417083
10477,9368.540595920154
10478,3789.3421060147307
10479,7412.502758387322
10480,3542.2104358941388
10481,5418.147844570276
10482,4660.5701663669415
10483,5446.660217898713
10484,6110.239945161659
10485,5291.926682179376
10486,8866.914936661819
10487,6047.116563433236
10488,5919.456674890824
10489,6603.645811851383
10490,5012.151894709654
10491,5319.471012795191
10492,7716.957237968069
10493,4895.070152775999
10494,5706.0190492783295
10495,4730.558001387893
10496,3913.281075453647
10497,4263.528085542033
10498,4926.679761048274
10499,5336.998150402781
10500,7992.23224496406
10501,6536.589111838076
10502,7236.535332410496
10503,4554.828368234977
10504,5140.933501728588
10505,3901.854136592247
10506,5391.454680866888
10507,6496.832022305235
10508,3204.4948735930616
10509,6654.00499947473
10510,6134.707009495799
10511,6028.2132046412535
10512,5498.221476961161
10513,5198.462047255274
10514,3588.932271141927
10515,3057.0400129036498
10516,8900.292405623568
10517,5313.951614651794
10518,5479.939908586229
10519,12135.231196183497
10520,7041.814825969212
10521,5381.569363333218
10522,5562.295751767406
10523,3488.402215136912
10524,4792.635224074418
10525,3455.4659362095017
10526,4015.4648366850247
10527,7637.103520463253
10528,5279.44245971806
10529,10568.475231632121
10530,11357.970872139063
10531,5487.950818621063
10532,5128.932561946753
10533,4452.57488775569
10534,5030.215810742718
10535,4816.976049385406
10536,9826.559321329212
10537,6402.033377713301
10538,7232.5844553083525
10539,4737.769412361562
10540,5380.65748093841
10541,6316.115520984022
10542,7171.03511299781
10543,6769.952665188187
10544,4906.848029242094
10545,6411.677173854261
10546,5527.657448230774
10547,8467.391092873291
10548,7315.464741745784
10549,6503.522918885653
10550,7932.774291011946
10551,6544.812447529018
10552,8689.702299077899
10553,3259.412384695629
10554,5379.522593294297
10555,5886.114752152254
10556,8993.134492842344
10557,6354.178684708101
10558,7109.763661403203
10559,6902.260150760232
10560,7562.13662856145
10561,5999.685509701346
10562,6806.925563274755
10563,5698.484803756121
10564,4182.607135384989
10565,11782.004904668262
10566,15905.946612263288
10567,6939.26404969335
10568,7156.467546850478
10569,7641.923774543707
10570,8416.228964772848
10571,7957.641592005954
10572,4872.432516391796
10573,5055.918806675286
10574,5776.752361548994
10575,7947.385331119885
10576,2874.094860801459
10577,5114.046370193506
10578,5804.379750120634
10579,4049.668816135811
10580,5156.586484880797
10581,4158.547114061852
10582,3487.1244221478046
10583,6593.714727608352
10584,2847.143557790055
10585,3950.5812860654974
10586,5884.1606175499555
10587,5630.983486895241
10588,8102.607896375161
10589,9570.466640653596
10590,6984.303883175517
10591,7272.504598880449
10592,6363.574724803183
10593,9325.780499255845
10594,5180.650908858829
10595,3361.0623414657653
10596,5411.938517262071
10597,9342.808731910573
10598,3809.9048215056805
10599,7131.2180761016125
10600,3634.48118293915
10601,4119.02162924433
10602,6338.262995833377
10603,5383.455960588185
10604,5688.04974573147
10605,8178.641500671746
10606,8510.925431311014
10607,9325.70060288286
10608,4265.400078690054
10609,9233.995455270035
10610,2755.0785329489436
10611,4492.0173679824975
10612,6054.781415488539
10613,4057.335209750848
10614,7945.650016765257
10615,3645.607516221774
10616,5024.884160475336
10617,6204.593198447859
10618,8723.50386419181
10619,8960.6599455045
10620,4147.143921272709
10621,3476.971741320588
10622,6464.600678657525
10623,7350.535410069871
10624,5490.758392291635
10625,5850.364419921854
10626,7837.703192982101
10627,8004.695215519366
10628,5340.755243537975
10629,4651.469819558355
10630,7258.79273263111
10631,6046.588608915324
10632,11829.437427713401
10633,6840.936304376256
10634,12856.883792040417
10635,6195.202049798732
10636,5456.5919088045675
10637,2959.3551337163053
10638,5429.272454552983
10639,5905.726613235838
10640,5461.090575672127
10641,7541.825456308921
10642,5893.9874749472965
10643,3327.1899891757735
10644,7293.563192165038
10645,5044.588559784245
10646,6460.21971592833
10647,7255.637989906391
10648,5872.456445348057
10649,7949.002087253514
10650,5099.289255103471
10651,7059.416381835992
10652,4215.572433259552
10653,6476.196039849822
10654,6295.872640161043
10655,4428.334952804809
10656,8650.348728588722
10657,6689.084240814299
10658,3724.214452170059
10659,4561.073265895496
10660,6802.674742100246
10661,5335.214564010707
10662,4532.438810467582
10663,6077.5602202545115
10664,4875.565559770919
10665,5403.348301293142
10666,6435.846460310862
10667,9209.408194749416
10668,5134.692162914925
10669,4006.9749193558796
10670,5612.895069853737
10671,5967.744054881565
10672,3225.942975988046
10673,4567.560990520181
10674,8317.483966971597
10675,6430.01731803732
10676,9678.910057453077
10677,8285.91815984736
10678,7670.727087841098
10679,4411.225464731717
10680,4225.276732754301
10681,9707.052078000715
10682,7624.4525119742775
10683,6711.242356059712
10684,6264.100729337691
10685,6896.360973747986
10686,4631.989951415437
10687,3748.763669531717
10688,8501.552712247474
10689,6242.698250638898
10690,5813.7554805836135
10691,5266.711632916355
10692,2672.0640930174714
10693,8095.110731947003
10694,6453.364420592858
10695,5382.514856543249
10696,3810.4096318806314
10697,5516.067317160665
10698,5389.213673431263
10699,4942.587945123459
10700,8158.064568692646
10701,4879.979075561611
10702,4418.017975919657
10703,3546.798515819722
10704,3111.634325154571
10705,5362.274088820108
10706,15297.50206903973
10707,3668.3705315947045
10708,5698.618210792704
10709,6036.249523208853
10710,3385.8982376514864
10711,3794.8960907457217
10712,5905.406574894646
10713,3048.875412142699
10714,8874.127272090926
10715,6535.389633930511
10716,2730.4035993492125
10717,8005.504835803919
10718,2865.1509685188803
10719,3984.051995234868
10720,7414.194600508777
10721,7711.685806018558
10722,8141.546036175703
10723,3529.7578889819256
10724,5311.274136352581
10725,4723.39587025351
10726,7103.583196036583
10727,14854.90175377606
10728,10518.994223542479
10729,5649.79385927695
10730,3512.925396252607
10731,5865.224344290886
10732,4254.171800857883
10733,2871.74122886247
10734,8341.862954547381
10735,5087.108057407386
10736,5007.52200072012
10737,6989.9312931494305
10738,4850.886438389684
10739,4643.431252630608
10740,5634.774690493199
10741,7214.724187008993
10742,6759.653462196475
10743,3278.3899382599243
10744,4148.109159364355
10745,6449.094623381727
10746,8790.505079309653
10747,6583.368322163372
10748,6564.164021119319
10749,2696.253022589748
10750,6952.536892537223
10751,4641.665715684575
10752,2828.0951469970464
10753,5250.462589896526
10754,5310.123274368606
10755,4350.08394090586
10756,6426.808890035161
10757,4991.240641043269
10758,6145.042686095311
10759,6327.463488507385
10760,5909.146714168927
10761,7532.075352707769
10762,5178.309636958647
10763,8163.639748126865
10764,6030.864102347829
10765,3245.046074499404
10766,10161.738219591156
10767,3584.0177861275924
10768,3935.140753247481
10769,6494.615025351482
10770,9315.856786280587
10771,8802.421353362042
10772,4134.354971587913
10773,4564.023810055439
10774,4337.033282528954
10775,6229.82375070188
10776,5506.874504918898
10777,7348.753868538228
10778,2401.528665534389
10779,5530.796195223442
10780,5317.452872247524
10781,5146.03434601086
10782,3310.3870903604384
10783,6905.316346769511
10784,7134.397386142915
10785,4084.5500037098022
10786,7071.457485374456
10787,7405.3687052925925
10788,7269.585641870123
10789,4943.659124380954
10790,4525.601544306278
10791,4161.575601539772
10792,7397.560885086487
10793,5659.235917924274
10794,2823.873527956353
10795,8015.838945348801
10796,6708.22282413975
10797,6646.49558995195
10798,5541.070510535317
10799,2816.5331760075787
10800,8088.7608534865
10801,4065.703437227621
10802,7993.81686384084
10803,5397.165491885825
10804,4687.53912449262
10805,7825.850798072182
10806,5019.896143685165
10807,5348.330578152154
10808,6392.111526676007
10809,4032.9103056884246
10810,6094.651985999914
10811,9733.847418534593
10812,6696.608275240125
10813,3209.6812816178876
10814,5372.153820468419
10815,2736.840753084842
10816,2258.7020902186123
10817,6715.078944419442
10818,4875.295708994966
10819,5943.596460481306
10820,4163.628315923646
10821,5999.871664394396
10822,4609.204201177548
10823,8010.151180457847
10824,5464.494201902013
10825,5534.111608302247
10826,5293.352687277853
10827,6089.4645261346495
10828,5469.491348771529
10829,4965.356916326089
10830,7141.071127127881
10831,9217.906599572842
10832,6868.923279766276
10833,6844.717176056545
10834,5601.658036071535
10835,2885.321048482576
10836,5059.081121150236
10837,8922.359948502668
10838,6200.291227161057
10839,4638.881877632636
10840,13850.10222858434
10841,4994.076834383957
10842,5011.745911428745
10843,4524.908304851575
10844,7563.201273905655
10845,10640.138971858893
10846,6389.450091720717
10847,7373.322262829921
10848,7585.925970274497
10849,5389.122563032715
10850,7026.213698828011
10851,4938.550616949009
10852,3932.3019510795875
10853,4727.461623929864
10854,3241.122729986593
10855,3603.311870893769
10856,7771.003177834838
10857,17415.78650756031
10858,5558.341535403198
10859,2903.410037501398
10860,5802.304284027352
10861,4378.375992581359
10862,6078.253752043305
10863,2058.075754062571
10864,5786.32719276479
10865,5914.645467073768
10866,4386.578437739103
10867,11108.681371972287
10868,11279.798190754418
10869,5154.983156431575
10870,4124.623497757303
10871,3802.1422420634917
10872,5004.009781726342
10873,4548.7590320152685
10874,7809.157318242933
10875,4023.8945717003758
10876,5250.481221568422
10877,3648.0692547143744
10878,5967.157182918521
10879,4460.511584056631
10880,6471.055441263046
10881,2555.9740314858686
10882,7145.347973589071
10883,5568.308996423848
10884,5598.23111421376
10885,4703.041099247256
10886,3883.846821750005
10887,5407.66442529796
10888,3431.768381238417
10889,8258.203722012277
10890,4805.65576881666
10891,3770.609388942012
10892,5708.4662100742125
10893,4988.25792565354
10894,5401.736011889221
10895,4979.817926936593
10896,5496.837834418334
10897,7851.075002852848
10898,7179.665390036679
10899,5802.454663380289
10900,4223.169662312194
10901,4306.274881052748
10902,5537.78687022693
10903,5173.230505048223
10904,5347.443363988222
10905,5039.465701992088
10906,9438.243860163502
10907,6954.128929808152
10908,4041.5601170058367
10909,4186.624102312963
10910,4370.482136718006
10911,7386.957140008115
10912,5117.446981153581
10913,9127.75555050265
10914,5810.803980904635
10915,5382.61830014958
10916,3772.9745789652848
10917,2110.036560933077
10918,5397.658403532737
10919,20010.67651833076
10920,2043.6199696614628
10921,4614.902418743399
10922,6771.872804005666
10923,6758.543596522482
10924,5878.873965057339
10925,7406.9479952400925
10926,5321.407880301275
10927,5276.635725444967
10928,3497.017259682977
10929,6815.120609588013
10930,3749.655272391457
10931,5256.942111679527
10932,6328.54840678649
10933,3761.006972716022
10934,6780.623434972645
10935,6642.337091935462
10936,4077.831577975098
10937,7189.428331330951
10938,6413.85337841982
10939,2507.78121917962
10940,6876.470575222283
10941,6184.9181155038195
10942,4649.468236490343
10943,7906.328197178473
10944,6191.625144750475
10945,7251.654986194787
10946,3904.306055267835
10947,5615.549018777492
10948,4535.064662519437
10949,3734.436415197115
10950,6515.6992233178335
10951,3149.1368295354982
10952,5505.512226541517
10953,3417.3700523652624
10954,5890.841125982129
10955,5133.5007284561025
10956,4723.471486763568
10957,5488.764411606099
10958,7074.243508343678
10959,4900.010071222124
10960,6630.61351723692
10961,5600.739250512642
10962,6341.618711088147
10963,7900.39116151183
10964,6427.801246662273
10965,4520.915015301218
10966,4361.662378375916
10967,5278.721721784964
10968,3789.5575048267024
10969,10652.760635962519
10970,5622.274097310172
10971,6198.186115968133
10972,8941.800644510578
10973,6407.278025955661
10974,2436.67944244555
10975,11863.906723767808
10976,7548.817108222561
10977,6054.7678817144115
10978,7030.717407169642
10979,8200.640498976558
10980,6473.467946980468
10981,5433.0345090473875
10982,4766.970005712614
10983,3848.0129265230216
10984,4196.015840804942
10985,7172.080102006266
10986,3579.8513587194343
10987,7495.205284169111
10988,6983.584458199737
10989,5722.030149527048
10990,6812.804315621811
10991,4952.745320634999
10992,7428.195964680662
10993,4195.498693632833
10994,4810.321580593583
10995,4798.062270404204
10996,3735.274326859612
10997,6187.328867453049
10998,6263.316190361872
10999,6282.026148023792
11000,5802.9399234623
11001,4067.1086075854796
11002,5989.784988942722
11003,5863.0106599284445
11004,6827.029765625254
11005,3266.240242013652
11006,4112.390630599085
11007,7685.171477346756
11008,6292.100148555877
11009,3872.543641050323
11010,7378.524826162742
11011,6294.281624136929
11012,5886.943107735403
11013,4521.935056378157
11014,1950.7381063316218
11015,6111.001279980521
11016,6018.833889928226
11017,5814.479428100485
11018,8030.191006336412
11019,7161.423193672546
11020,3590.4544629359816
11021,6798.208907982172
11022,3086.4011886860326
11023,1558.5037303143324
11024,6274.763830160002
11025,8966.57984999112
11026,5939.418029955515
11027,5258.115199677126
11028,2923.828449930926
11029,4865.495957968441
11030,8578.775104496392
11031,6624.93732560605
11032,8073.495592521226
11033,3273.8329080460476
11034,4627.360267329641
11035,3104.534862427377
11036,5057.243356841943
11037,3895.2259696259707
11038,2937.648904215363
11039,4976.757032918492
11040,2693.8887043490304
11041,5581.675832285453
11042,5759.494097201045
11043,5165.651254662713
11044,4531.8571369902875
11045,6943.136640390141
11046,4590.00580060398
11047,3929.030733407663
11048,8467.593522743826
11049,7247.457161048058
11050,5858.321157605589
11051,2500.928821830892
11052,6902.350568805408
11053,6896.726702028699
11054,5121.681290504676
11055,8376.180206638379
11056,8928.630726625423
11057,6054.4699307475985
11058,6186.611596316482
11059,5411.859928372071
11060,8383.499207414936
11061,11189.291527111482
11062,4010.9083835156143
11063,4362.559938368366
11064,5700.170776374177
11065,6115.49459457179
11066,5163.89462280737
11067,8382.939482995149
11068,6124.624599004511
11069,5334.6761166613005
11070,3148.0960477830254
11071,5493.660313309478
11072,5527.469513902765
11073,3200.8145477461094
11074,6715.223996051428
11075,2974.831663270692
11076,6802.103149197453
11077,6630.996579455772
11078,5474.181229938973
11079,6780.285312343621
11080,4249.3483854448095
11081,4646.795324216653
11082,6121.293240497677
11083,6107.365066330272
11084,7375.78671731965
11085,5942.9937960377065
11086,6661.357658861314
11087,5518.032419060737
11088,3246.1606280909855
11089,8554.805255464064
11090,3310.2457072601824
11091,10035.01578856065
11092,5878.199523890497
11093,4948.890227614929
11094,6328.817453247245
11095,4131.669320356589
11096,4917.184183826068
11097,6672.440412028279
11098,3571.13243186659
11099,2962.270441539312
11100,6193.939340783702
11101,6133.123853948142
11102,7917.994659205275
11103,6027.25380704411
11104,5148.947552935863
11105,4531.507754520348
11106,6394.633913458068
11107,3844.969833630235
11108,9641.644899767238
11109,6327.815521150759
11110,11359.733143865735
11111,4707.041539869312
11112,4642.812869087075
11113,9589.63357583644
11114,6510.6948368881585
11115,3079.5330383297664
11116,8917.922684152938
11117,5249.895520947646
11118,5470.879366589108
11119,5439.423539318875
11120,5333.902592335046
11121,3845.3012162667515
11122,4816.801988070346
11123,4218.870876240354
11124,3403.2105948018648
11125,7860.022657570492
11126,5731.831955368958
11127,21417.33060286252
11128,7150.920421382227
11129,5877.9277797384775
11130,8291.653674026662
11131,9998.83133872143
11132,6707.6114392845475
11133,7787.028287070318
11134,6029.018553365837
11135,8453.404499163304
11136,8305.23266253673
11137,6223.5793442852355
11138,6191.228077383248
11139,8068.967618857476
11140,7739.12313063579
11141,8033.778321574361
11142,7795.104389344481
11143,6690.149076228948
11144,5643.853579368897
11145,7504.985036268616
11146,10408.569970482284
11147,11208.84617127445
11148,10837.326666686859
11149,8019.476788603866
11150,6829.5436119812
11151,7086.5466707424
11152,5423.5549769412655
11153,8980.372860761345
11154,11439.982880189376
11155,9273.147988841838
11156,6592.735411033171
11157,6386.730608440847
11158,5507.995041308447
11159,7206.658511034534
11160,10794.398829087533
11161,7650.195659415433
11162,6180.101121281806
11163,7148.68726330656
11164,8424.0718610082
11165,5076.152382477874
11166,8215.00513410932
11167,5500.340889135713
11168,8671.431376882834
11169,7513.552985082029
11170,6271.822035464381
11171,7718.9168370437765
11172,7742.431132830281
11173,6130.047741707813
11174,7501.279637692208
11175,7595.424762334093
11176,12970.517340568686
11177,6977.7881370769555
11178,8922.906555936423
11179,8714.269217796218
11180,9583.1612766445
11181,7608.525716353434
11182,10284.485458386967
11183,5757.8315951559525
11184,5707.422584897426
11185,7227.298446534668
11186,7202.838890505482
11187,10116.867282015348
11188,8044.977408557405
11189,6122.926814753204
11190,8006.833804507981
11191,6721.086010643932
11192,10669.12705377495
11193,5196.903790591531
11194,13431.24208329181
11195,6279.975340047513
11196,6446.6494721833005
11197,8835.046224064004
11198,6376.979123544795
11199,6960.926996528917
11200,7602.400969667077
11201,7999.361042408576
11202,8243.07259832464
11203,6284.324128729419
11204,8300.967179297766
11205,8529.53303662344
11206,7661.99222518675
11207,6251.25505827051
11208,7740.063481631854
11209,12257.183991491913
11210,7043.104938898497
11211,4880.423992204326
11212,8006.484330202055
11213,6594.954689742326
11214,7260.485706660781
11215,7639.194498221482
11216,5240.243816104
11217,8070.989445734685
11218,6919.4821380259855
11219,7485.6365343331545
11220,7633.969741262183
11221,5606.25877118545
11222,6960.773488056781
11223,7152.350760957184
11224,8567.317793438671
11225,8993.322907559965
11226,6070.706278692464
11227,5936.96274671217
11228,7927.922054894189
11229,7427.267661819449
11230,6182.592528412538
11231,7575.802437324657
11232,7802.545331090771
11233,8355.524350085678
11234,6964.561899373625
11235,5694.669689752943
11236,7056.301427689794
11237,8854.651090339245
11238,8636.257667095604
11239,9696.356522800206
11240,8888.119417162483
11241,6909.393303507127
11242,8985.798187461338
11243,6843.239170500514
11244,8043.46143146251
11245,9339.224058021611
11246,7496.481178139281
11247,9961.883323625016
11248,9497.48597982822
11249,8648.72673976481
11250,7265.512780251753
11251,8517.961036282555
11252,8768.932401415403
11253,6712.365646304287
11254,5221.0705216933175
11255,6965.332340141723
11256,7953.084406578535
11257,6822.1495486136655
11258,6235.459205979271
11259,8696.167546838078
11260,7097.42952793277
11261,7435.911240691162
11262,6685.4416141320435
11263,6120.561944783903
11264,7926.4639653225495
11265,8002.818948467958
11266,7588.890175720112
11267,7098.927152021184
11268,6151.140094633867
11269,7628.59168573516
11270,4783.277773354921
11271,6549.049045152672
11272,5785.84227124818
11273,8474.28209711562
11274,7046.010077322286
11275,6409.65704106652
11276,11117.269365452192
11277,6433.56383090579
11278,7899.977316451678
11279,10662.848711274677
11280,7611.138983577505
11281,7999.93248750714
11282,8449.06016505157
11283,7462.496258266412
11284,6285.046747998747
11285,6180.609913100796
11286,8164.261698180007
11287,11216.351496609645
11288,6875.538114925602
11289,4512.465778838887
11290,5793.747219560534
11291,8498.428407291769
11292,8822.130993993613
11293,7358.5871796444135
11294,8077.134192838927
11295,5795.4565652558995
11296,6374.9502520721
11297,4071.5113095834154
11298,5745.581415694301
11299,6937.841190443177
11300,8131.228794341997
11301,7500.781530824092
11302,6867.818475995353
11303,9496.95821414095
11304,10794.00104682807
11305,8338.64605665672
11306,5892.3609484626195
11307,9532.509191756923
11308,12053.378799088534
11309,6411.547461184532
11310,8373.534453410644
11311,6063.989820667473
11312,6897.736597110141
11313,4753.971761753332
11314,8029.8164709025
11315,6384.890165696926
11316,8989.682989602688
11317,7302.225793537933
11318,9358.970730754212
11319,9117.640130552263
11320,6460.2852275981995
11321,9052.570907257183
11322,20275.61869684123
11323,12371.631473788122
11324,7161.907682273209
11325,4716.344489436945
11326,7605.953649841592
11327,10266.933214159193
11328,6671.165464278192
11329,11652.467190546458
11330,18351.14009445517
11331,5449.700077142071
11332,5589.380255582317
11333,9432.35580653763
11334,6126.018808298796
11335,10631.273249922628
11336,7543.207646831472
11337,7703.893499460052
11338,5994.3316649483295
11339,7469.053549920757
11340,7672.492805522484
11341,7732.847093763726
11342,10147.631299198063
11343,7303.090990640959
11344,6833.744965094806
11345,7917.91918088024
11346,6104.094574870819
11347,5888.483537665365
11348,8264.770248511082
11349,6361.463857452802
11350,6828.523884114252
11351,7839.897250284279
11352,6106.34327933367
11353,6501.850393772207
11354,7093.63917082399
11355,7484.368729167711
11356,8972.795689937479
11357,7270.41638803935
11358,8938.544313663824
11359,6545.209750587466
11360,5310.516317516466
11361,7741.010979604222
11362,7399.262362572427
11363,6995.909521676456
11364,5596.451879695616
11365,9635.57715301889
11366,7906.05851166147
11367,8179.3262334578985
11368,7433.268491062512
11369,6657.65556645206
11370,6013.71094994127
11371,5077.460910560754
11372,10848.934696187518
11373,6407.234151919952
11374,7924.1173881751865
11375,15375.312212091336
11376,8145.057989600039
11377,7426.6760890235955
11378,6486.216140823062
11379,5897.609429767412
11380,7955.889787379425
11381,5376.508819117242
11382,5802.085741153284
11383,10595.73954508497
11384,6393.3624126587065
11385,15843.0472992216
11386,14560.546575401453
11387,6169.15781848323
11388,8072.723441698684
11389,6885.836817775749
11390,7490.886015688794
11391,6470.315437392327
11392,10806.225182927006
11393,8113.224230193981
11394,10089.780554506253
11395,7496.45354686916
11396,7885.214594318141
11397,7330.241245930258
11398,9903.594210281191
11399,8258.789268539475
11400,7255.275164078193
11401,7463.435658993726
11402,7181.213401051489
11403,9560.617692240143
11404,9737.375118982205
11405,7468.708457760076
11406,10511.732713724126
11407,7506.402642067193
11408,10903.149888874503
11409,5672.886419469406
11410,6409.629669091731
11411,6974.997846881561
11412,11727.416745397477
11413,7337.414883313983
11414,8669.332526588229
11415,7877.31153253824
11416,9022.624031542475
11417,6982.614805544894
11418,9096.167457808895
11419,7425.4959109775755
11420,5420.721211728233
11421,14767.152685202578
11422,18493.388612933704
11423,8148.779436422208
11424,8278.047955012615
11425,10302.243678997393
11426,11156.95682547377
11427,10720.301541661865
11428,7476.813922961497
11429,7754.937366041719
11430,6890.33383886337
11431,8881.577626995388
11432,5248.4697576176
11433,7413.408786775131
11434,7431.9677682669835
11435,6366.2772214118895
11436,7764.492198299098
11437,6582.442828198204
11438,5986.98453775037
11439,7925.566319323949
11440,4854.400871402844
11441,5695.845918861668
11442,7110.260157185424
11443,7886.450723908804
11444,9250.00088197012
11445,10027.57535972665
11446,9014.84456316754
11447,7967.98336293257
11448,7378.15873773597
11449,10763.375451972679
11450,7462.532548265339
11451,5883.945264099704
11452,6769.045436071973
11453,9646.393777870391
11454,5630.080338580025
11455,8378.566587011635
11456,4354.429883475459
11457,5837.673872747311
11458,8988.729433138551
11459,6054.591908944484
11460,7175.096934943475
11461,9365.283475985108
11462,9741.681496339465
11463,11516.205860885948
11464,6501.76972106449
11465,10529.925430060115
11466,4736.40725913223
11467,6103.20285407763
11468,7130.967964029093
11469,5558.298756406823
11470,8697.601629185789
11471,6517.106348541422
11472,6743.886455121691
11473,8740.276667366052
11474,11719.689169301126
11475,9018.057466141605
11476,6545.255893973821
11477,6050.821613911011
11478,8390.772342247401
11479,8378.847662806762
11480,7385.734583894873
11481,6867.758198285644
11482,7729.450936035003
11483,10991.588964395523
11484,6092.149162018466
11485,6996.855026510319
11486,8194.005041355056
11487,8662.695223047669
11488,13649.595856051443
11489,7475.477784940618
11490,13384.798515229259
11491,7609.728277240376
11492,6555.874344693406
11493,4483.028334078317
11494,7401.899965639717
11495,7443.277095540634
11496,6585.7619016132985
11497,8414.006497619017
11498,6854.591200992221
11499,5683.191792759718
11500,8372.856577189366
11501,6960.3965011743085
11502,8358.341468418832
11503,8299.459838560122
11504,8258.078238009217
11505,9628.69997997836
11506,6609.788030198056
11507,9046.008574325262
11508,6163.8702381010635
11509,7608.883982708863
11510,7170.068471937413
11511,6748.895639744107
11512,11218.336452565045
11513,7504.007277404268
11514,5687.658194151882
11515,7313.285316988571
11516,9161.617012006569
11517,7986.819496850386
11518,7276.673452814811
11519,8470.931653490634
11520,6742.003796867673
11521,7036.058342775835
11522,7717.732929814739
11523,10481.83993754307
11524,7124.97411245401
11525,7085.1050030577835
11526,6897.634613327016
11527,7075.885229931417
11528,5579.865082003327
11529,6898.976326389311
11530,9012.367342772137
11531,8773.020480544348
11532,11056.9606830599
11533,12339.888158461687
11534,8938.349446253422
11535,5951.486508717443
11536,6318.351185951001
11537,11279.98105127593
11538,9458.986224171807
11539,8536.377729582835
11540,8793.79325991604
11541,9415.532517045729
11542,6709.31570241165
11543,5974.350666804519
11544,10379.609718228134
11545,7371.231018318613
11546,8011.633433109908
11547,7236.064093415849
11548,3769.9846079739905
11549,10882.592567055315
11550,7855.334694426742
11551,6585.657749145334
11552,5490.377217760449
11553,6825.697144984119
11554,7362.886856748657
11555,9374.113481331866
11556,7540.5703420625705
11557,5484.7699319219855
11558,6046.197674164104
11559,5278.2565878828955
11560,4923.084468932948
11561,8032.444821974248
11562,17527.95901995536
11563,5606.82280297839
11564,6493.99503864192
11565,7477.485751791698
11566,5888.726827643078
11567,5824.534226636163
11568,6692.867418630857
11569,5161.515405424685
11570,8171.534290529473
11571,8427.331830837866
11572,5092.382732985081
11573,9261.394227744002
11574,5743.587153465376
11575,5940.65205036108
11576,8749.651728931893
11577,9324.08301782519
11578,9813.931904264951
11579,6432.561583006352
11580,7634.213979543482
11581,5999.482233837611
11582,8403.182576341513
11583,14563.454029494826
11584,11491.974020132526
11585,7372.741302908132
11586,5154.985913910123
11587,6408.359185757345
11588,6574.89513506271
11589,5349.064234749934
11590,9771.442317031973
11591,7026.6114721477525
11592,6082.062389757783
11593,9668.632610591472
11594,5871.264629163369
11595,6753.1189997568745
11596,8203.699905625042
11597,8377.204642325223
11598,8441.046764791654
11599,5275.865322688645
11600,6409.769780382818
11601,7770.214625087168
11602,10106.758380608346
11603,9156.28984421232
11604,7643.622039239293
11605,5464.665646753639
11606,7132.613557969787
11607,6439.231567379858
11608,5018.5994325033425
11609,7939.048813209858
11610,7731.871178976621
11611,6819.999711389569
11612,7332.742255258683
11613,7124.3173303168405
11614,7634.156508821954
11615,7258.308905115238
11616,7220.520918042838
11617,9795.794032908461
11618,7091.798165801862
11619,10095.733960929752
11620,7206.72175990019
11621,5756.530569311822
11622,11881.042896060031
11623,5891.862175384061
11624,5082.849583321244
11625,9145.480876067975
11626,9735.436188555375
11627,12133.424962704757
11628,6023.792377245244
11629,6872.2862897774385
11630,6298.944289340345
11631,8235.149268522693
11632,6912.179163343918
11633,8757.011999411387
11634,4370.835018299954
11635,7553.033764825943
11636,6942.920061272865
11637,6627.142400887566
11638,5792.0004192545475
11639,7848.996035852047
11640,8944.02574390426
11641,6206.497636437434
11642,10053.332042895649
11643,8487.244965220798
11644,8704.589824457067
11645,6587.153265066863
11646,7463.632919111134
11647,6609.527378969152
11648,11009.39919182975
11649,8308.564528348079
11650,5339.991039163246
11651,8871.25049382307
11652,8370.862708063525
11653,7901.182076895627
11654,6474.501650289356
11655,4722.988925094942
11656,8904.191571744755
11657,6768.073928482975
11658,9362.935135707146
11659,7841.9820926058
11660,6489.864168668939
11661,9138.441593556785
11662,7624.145082040335
11663,7406.491663909411
11664,8077.0109381515695
11665,6535.859378406087
11666,8547.929940521883
11667,11277.409217636508
11668,8917.779492286505
11669,5682.347958913103
11670,6871.3951604335725
11671,5405.091666369207
11672,4098.0621538554215
11673,9204.000371981423
11674,5779.000907118732
11675,9469.189814986694
11676,5592.212728113002
11677,8671.723574106438
11678,7550.63022044105
11679,10017.229998305873
11680,6959.205023982655
11681,7351.5713536171725
11682,7055.346440883063
11683,8402.42965348545
11684,6638.885335484323
11685,8581.801313915597
11686,8995.323850686338
11687,10334.43950138558
11688,7936.605420001137
11689,8122.102982199142
11690,6805.468247115116
11691,5213.52611682765
11692,6703.823713719505
11693,10661.45592998205
11694,9863.946064760647
11695,6359.644013203387
11696,15369.394300667622
11697,7230.1394706091605
11698,6430.9824557568145
11699,7162.726277177397
11700,8889.25986534859
11701,12852.8732023316
11702,7706.175177778568
11703,8680.430098379316
11704,8827.956679211355
11705,7326.74360146445
11706,8085.822020929556
11707,6293.774464500746
11708,5716.556543883645
11709,5825.458041718276
11710,5100.339598630836
11711,5995.543705070209
11712,9516.466506198241
11713,16629.861675970908
11714,7043.425586666463
11715,5824.9778261616
11716,8236.959786338972
11717,5474.332726800527
11718,7279.424186961386
11719,4260.511968683421
11720,10021.246993281156
11721,6818.9441187426855
11722,6986.242331215251
11723,14034.309727341108
11724,12113.245944279142
11725,7191.484447330654
11726,7373.742279562677
11727,4534.735185738516
11728,6401.962850636767
11729,6305.295619397799
11730,10482.017218521492
11731,6044.12006064232
11732,6368.365376823945
11733,6026.716474881249
11734,7379.158339220374
11735,6721.7713563454445
11736,7919.074813435271
11737,4261.028531747027
11738,8347.233885428597
11739,8177.709145523357
11740,8688.001017091316
11741,6253.635362719471
11742,5689.829613614183
11743,7996.285840657284
11744,5189.203959835243
11745,9756.805764516737
11746,6104.240312264426
11747,5860.958301437817
11748,8180.078963090197
11749,6584.410303157191
11750,6583.097463214774
11751,7684.23379953125
11752,7384.2369093496345
11753,9957.009143884216
11754,10440.731079018766
11755,7048.645614775169
11756,5255.4331312849035
11757,6751.168464430798
11758,6697.209109170005
11759,6779.922684471873
11760,7110.80025638678
11761,6735.596519688442
11762,10939.761967715427
11763,8495.581058147322
11764,6956.844905526902
11765,7537.55999817633
11766,6244.055720577411
11767,10053.934000854868
11768,7001.492138776282
11769,13292.206857358042
11770,7501.933665552525
11771,6585.875322195546
11772,6204.370533847079
11773,4941.232137083677
11774,7949.195685011011
11775,19107.345391594437
11776,4648.444366607476
11777,5730.685063931911
11778,10282.215587387518
11779,8486.837231959693
11780,7193.680678268516
11781,8580.256189863958
11782,6694.252175746594
11783,6107.262246628215
11784,5234.405088786721
11785,8843.091611288852
11786,6451.840459064304
11787,7128.570138590811
11788,7385.418708097504
11789,5660.268154072891
11790,8526.083779262783
11791,7815.6452865593465
11792,5333.979838712002
11793,9524.834466257771
11794,9368.286797566861
11795,5249.760228296291
11796,8250.280928435748
11797,7685.904722853406
11798,6094.384253277705
11799,9098.326909853258
11800,7068.346812511217
11801,8448.470700344145
11802,6008.718976352087
11803,6546.859321326369
11804,6853.018230418733
11805,5042.596231750458
11806,7972.810311821169
11807,5532.416283199097
11808,6567.456309608065
11809,5956.308388768955
11810,6807.6476255554035
11811,6588.672276141715
11812,7467.618213898981
11813,8190.649508509206
11814,8536.997082149486
11815,7311.982610225559
11816,7248.293473658891
11817,7547.155837217303
11818,9054.918782666417
11819,9357.50225001515
11820,7836.727154571687
11821,5623.98611977876
11822,6609.900334027767
11823,7117.488391462606
11824,5551.959828866712
11825,11737.688560161814
11826,7127.492289596109
11827,8273.13776249737
11828,11269.713358446217
11829,6937.298007781804
11830,5245.175403798616
11831,13493.668156974672
11832,10250.210526908428
11833,7072.789339286861
11834,9185.48985146532
11835,10237.139099589007
11836,6929.998676950461
11837,6811.116748146972
11838,7406.7137141779785
11839,6760.732970542407
11840,6357.251213168003
11841,7954.861720654788
11842,5920.935941141059
11843,8089.282351073303
11844,8381.353746024779
11845,7038.110679283116
11846,8456.34848469595
11847,6747.831613318614
11848,7657.411655868996
11849,6267.357887800121
11850,9028.69611083466
11851,7403.888809553986
11852,6998.79925667731
11853,7369.735896538524
11854,7688.864148864588
11855,8934.15546374189
11856,7061.885216590652
11857,6361.653532901931
11858,7277.709228334382
11859,7488.301234649537
11860,7660.721228519908
11861,5499.275643190077
11862,5506.921992725338
11863,8436.31197584407
11864,7176.755417954914
11865,6392.9058755521255
11866,8673.680784814504
11867,7091.775674074722
11868,7326.477599266953
11869,5752.427068321305
11870,4235.024819953971
11871,7993.698670676044
11872,7550.642066474787
11873,7846.421799244432
11874,10372.97775657428
11875,9199.562599972078
11876,5503.2605200460885
11877,8995.85800033757
11878,5283.475563414236
11879,4276.501236466854
11880,8078.438594640849
11881,11678.408692054034
11882,9101.39659803592
11883,7990.664211294578
11884,5575.983717135849
11885,7614.050694947489
11886,9922.038524442763
11887,8102.737909635213
11888,9195.21030116731
11889,5830.5985420879615
11890,5133.66919534894
11891,5770.539028918488
11892,6331.07047702859
11893,6686.563776945783
11894,5559.392334001169
11895,6799.559415019163
11896,4985.205374577917
11897,7228.780863449142
11898,8635.339333598058
11899,6473.326749321998
11900,7171.600845455652
11901,7990.541902972349
11902,5967.279602009248
11903,6053.943550548007
11904,9688.988915790169
11905,8946.97360089293
11906,6967.135481998057
11907,4942.566720031435
11908,13510.612539997182
11909,8442.023404385682
11910,6599.97304820624
11911,10374.714679785726
11912,9293.324006736464
11913,7737.565818019787
11914,7345.500450572623
11915,7407.737466938239
11916,9892.816434439866
11917,14006.676626116303
11918,6557.067276105341
11919,5611.189300509027
11920,6701.550553895415
11921,7514.4938166474985
11922,7326.466635997897
11923,9147.37868722405
11924,9230.218139582896
11925,6844.872560020931
11926,5471.015797495533
11927,7272.681333174827
11928,8387.76418801324
11929,5752.027529546098
11930,8258.628760191692
11931,4764.960121941534
11932,8879.569847699033
11933,9395.283202634077
11934,7764.713710985302
11935,9020.867106837422
11936,7141.491116833284
11937,5842.452687574773
11938,7158.912142996003
11939,8366.17937330575
11940,8764.363946082969
11941,7940.423170005539
11942,7799.300545201742
11943,7530.321068210449
11944,5773.151455048771
11945,9844.27664392682
11946,5424.214222589153
11947,10911.859484770057
11948,7285.662750407968
11949,6089.722331999403
11950,7725.479990998473
11951,6853.863212430021
11952,7751.28047073706
11953,9213.569556336655
11954,4943.340664040343
11955,5380.469039970392
11956,7734.708612308835
11957,9957.533282274102
11958,9268.555071739629
11959,7164.908922583145
11960,7103.110610257903
11961,6933.50048995064
11962,7617.601119087585
11963,6420.842973893043
11964,11019.707551320706
11965,9135.088384419918
11966,12452.797674996493
11967,5409.595368618543
11968,6414.238520293545
11969,10296.696314565725
11970,8275.621064658635
11971,5751.121198783637
11972,10946.58766093088
11973,7013.098286150923
11974,6796.94510825924
11975,5866.17412404348
11976,6688.337536314541
11977,6102.0370717952665
11978,7189.579807479538
11979,5377.624486403957
11980,5861.139260896364
11981,9954.068246898045
11982,7496.463913999325
11983,21400.533051441835
11984,8070.241120874201
11985,5674.899619103841
11986,8228.652605863002
11987,10090.212439304212
11988,6640.674357255637
11989,7742.940753443631
11990,5962.081471336926
11991,8441.988504354942
11992,8392.964459747458
11993,6061.63073110049
11994,6146.314591566558
11995,7853.972445265902
11996,7893.731745594202
11997,8092.968756958945
11998,7981.716440107859
11999,6634.351705257621
12000,5707.4098541116255
12001,7524.502118563794
12002,10356.69661390528
12003,11619.724082675986
12004,10803.82246698476
12005,7905.869539661214
12006,6774.796148268858
12007,6733.781285855042
12008,5430.054425969189
12009,8867.012269811445
12010,11258.525786092556
12011,9312.543100489012
12012,6332.603615386604
12013,6353.226408738764
12014,5558.034482962767
12015,7162.949943783703
12016,10812.308246056258
12017,7425.075186617661
12018,6036.474404408648
12019,7024.214019082703
12020,7992.724958898203
12021,4823.1010427743595
12022,8073.74310655291
12023,5379.979494199142
12024,8524.960983858336
12025,7455.369771053965
12026,5946.581972174977
12027,7648.2181482415535
12028,7890.40902294766
12029,6383.226684764299
12030,7195.495583451257
12031,7654.704835905087
12032,12652.728281806447
12033,6725.36653397143
12034,9160.267001966213
12035,8447.416650047635
12036,9744.431893149116
12037,7338.371109592569
12038,10046.325101735925
12039,5906.820168633251
12040,5556.416818270072
12041,6966.015132409795
12042,6771.075307471869
12043,10226.07156500533
12044,8022.0491352986155
12045,6111.61971496826
12046,7855.040565734005
12047,6768.2560193972995
12048,10807.168205348626
12049,5173.729956367002
12050,13156.588334186074
12051,6369.448801041778
12052,6493.819480936668
12053,8880.570799804844
12054,6426.685518197673
12055,6847.624947374568
12056,7637.955839717761
12057,7799.084442102978
12058,7909.329740855417
12059,6262.262341717579
12060,8100.3389277628985
12061,8152.222847411877
12062,7707.516800927605
12063,6323.640542421326
12064,7750.237645703238
12065,11785.141244588187
12066,7144.3157998307
12067,4953.984990890136
12068,7764.004249374114
12069,6605.12885381371
12070,7059.1565848317805
12071,7542.840197223571
12072,5233.901743961603
12073,7742.253167347594
12074,7037.209235171969
12075,7351.204047363347
12076,7451.333086025651
12077,5637.676199267093
12078,6698.552102927587
12079,6987.344071494409
12080,8424.467924649694
12081,9044.406253072995
12082,5995.896387299575
12083,5682.9298825275655
12084,7881.823513872893
12085,7261.75244669515
12086,6557.164128310489
12087,7742.45389144309
12088,7909.345255699707
12089,8369.377116053694
12090,6878.114785499319
12091,5731.594477833024
12092,6934.499962723927
12093,8951.447892549231
12094,8742.90881920356
12095,9359.600459653975
12096,8565.408220074769
12097,6773.869862190936
12098,8937.713450864401
12099,6806.1879800329
12100,8110.969035810833
12101,9439.96067894749
12102,7437.742517908921
12103,9806.896530634864
12104,9231.3719784663
12105,8496.933500990837
12106,7089.429906164429
12107,8362.974243292412
12108,8635.377081774284
12109,6826.172872882127
12110,5291.610888048678
12111,6814.944836115947
12112,8041.8262403543495
12113,6537.760160432492
12114,6251.140730049093
12115,8672.993712613537
12116,7239.113909543316
12117,7169.47743595119
12118,6496.7216177061355
12119,6097.388110559374
12120,7971.6264025831715
12121,7675.560269582598
12122,7679.173864115268
12123,7017.976272826674
12124,6239.881928409682
12125,7299.855407348069
12126,4926.504009584809
12127,6580.409321629888
12128,5634.787278145754
12129,8322.488858341656
12130,7174.053265941481
12131,6521.9643256738955
12132,10986.71893538555
12133,6596.8779338080085
12134,7637.733758424446
12135,10664.729007299433
12136,7338.491211413668
12137,7880.407918746722
12138,8360.805787345744
12139,7022.679019243365
12140,6188.692447000836
12141,6270.893601495952
12142,8184.804612487343
12143,11116.487242696161
12144,6735.332947570494
12145,4382.65404974672
12146,5651.492465797235
12147,8198.346674820914
12148,8266.826620212953
12149,7234.218516653319
12150,7905.298059370112
12151,5591.834831912274
12152,6469.359332435136
12153,4126.247095701505
12154,5761.262939764123
12155,6591.387455620905
12156,7988.438903644993
12157,7620.582334950654
12158,6801.530962129035
12159,9109.898064984203
12160,10594.747904978236
12161,8049.86727549205
12162,5830.715430652576
12163,9607.373669289642
12164,11524.650941725686
12165,6396.428388289653
12166,8547.623317237229
12167,5837.660280407489
12168,6671.407056850157
12169,4770.578694870483
12170,8171.500852513046
12171,6072.257649726752
12172,8776.52689796716
12173,7069.8067803283975
12174,9282.706719914799
12175,9242.542657623899
12176,6113.70896499417
12177,8807.11880936306
12178,19731.41044136532
12179,12011.398512625901
12180,7349.353902529369
12181,4399.385617488763
12182,7273.789920596144
12183,10107.021596707411
12184,6715.05134571672
12185,11228.219873627759
12186,19135.79724590681
12187,5463.5528431100865
12188,5731.348627662457
12189,8772.76307630671
12190,6137.650680257817
12191,10643.048332880453
12192,7690.997569602742
12193,7690.483630506589
12194,5836.085931603405
12195,7421.654646724631
12196,7483.239262998867
12197,7593.733529279265
12198,10083.387648110685
12199,7105.339552575443
12200,6546.296043206364
12201,7658.935280103333
12202,5870.703667330197
12203,6050.214576584068
12204,7949.870951962298
12205,6210.408864350376
12206,6725.71295832604
12207,7851.5291222433
12208,6214.600911830244
12209,6666.319894012354
12210,7201.896803320564
12211,7531.538737921078
12212,8560.271899646003
12213,7204.117653739798
12214,9228.98100755354
12215,6533.900597229745
12216,4900.0401453406175
12217,7826.49252805397
12218,7453.998148690516
12219,6845.758196701154
12220,5704.70951219219
12221,9652.842789503497
12222,7687.645399255621
12223,8071.676862154062
12224,7457.960075295164
12225,6540.762733607201
12226,6025.342821900291
12227,5069.241959171276
12228,10477.792189690887
12229,6297.629131836583
12230,8020.538776003686
12231,15224.924708065548
12232,8003.597958179277
12233,7506.55796936591
12234,6349.155345043526
12235,5909.2413017264325
12236,7992.95296944532
12237,5342.596511328187
12238,5906.38960844939
12239,10417.672095940507
12240,6093.465345970128
12241,16800.410372131497
12242,14703.772811631328
12243,6026.0889407970335
12244,8024.655132035914
12245,6925.003409217846
12246,7401.168952276691
12247,6494.596749122924
12248,10899.002119914087
12249,7869.626884017269
12250,10169.662434848555
12251,7638.137928479705
12252,7795.497530906038
12253,7140.736778544969
12254,9993.666705961863
12255,8031.699301950975
12256,7225.852435781482
12257,7077.991498698339
12258,6511.57376616388
12259,9279.656551549051
12260,9557.206954242003
12261,7302.469312311374
12262,10355.029863739155
12263,7363.702362978382
12264,10901.716909226174
12265,5789.691460946028
12266,6406.501174692638
12267,6700.837613961108
12268,11558.102799080527
12269,7214.40375302527
12270,8541.391288349158
12271,7788.02552396863
12272,8721.887364632867
12273,6812.799486959702
12274,9156.390186555738
12275,7439.346308623213
12276,5331.922280278853
12277,14247.89419927503
12278,18348.66365262237
12279,8064.512465940125
12280,8065.953345573354
12281,10021.776057443303
12282,10786.057256696513
12283,10593.754941644791
12284,7567.516065485431
12285,7616.861923552222
12286,6589.597171953767
12287,8687.898785557301
12288,5238.7361781209875
12289,7438.171049096499
12290,7087.556934776539
12291,6453.16940245283
12292,7754.413551802053
12293,6896.229874987513
12294,6130.146579741885
12295,7781.227042896388
12296,4942.54372778717
12297,5544.036367068453
12298,7046.649846715228
12299,7623.585370781084
12300,8982.846924268586
12301,9670.762090284301
12302,9149.791651801674
12303,7800.378764568423
12304,7256.989729070916
12305,10394.365280237187
12306,7450.663674153551
12307,5930.270009507567
12308,6848.921546275951
12309,9237.089742514134
12310,5592.7963609018025
12311,8122.388822156058
12312,4375.391743206839
12313,6033.220189124243
12314,9369.608038309452
12315,5913.754711847346
12316,6889.422612694995
12317,8667.066394803975
12318,9192.675324381273
12319,11646.231658115703
12320,6461.11501003737
12321,9733.034196470233
12322,4849.601294279864
12323,6121.794651864284
12324,6783.722773956631
12325,5350.331728206102
12326,8361.082032309461
12327,6676.166264044491
12328,6702.848429155261
12329,8515.172530209373
12330,11996.123945833107
12331,9063.149527570538
12332,6577.788473318953
12333,6297.862304223389
12334,8276.188647608373
12335,8218.569146513599
12336,7518.775001005489
12337,6688.15581019704
12338,7338.49790556575
12339,11087.504307164216
12340,6251.933416885445
12341,6996.600461585883
12342,8010.092604527911
12343,8503.967623955848
12344,13096.024368302427
12345,7009.783388069368
12346,13410.101859741477
12347,7476.046044064102
12348,6291.762892219558
12349,4504.0061452811715
12350,7282.56190755033
12351,7266.8168259571585
12352,6413.275129616098
12353,7343.598774314229
12354,6739.441526904449
12355,5771.553610966695
12356,7916.809657412019
12357,6536.287714798524
12358,8464.757400228622
12359,8167.827744663124
12360,8245.969685650665
12361,9401.551946947278
12362,6373.046945148946
12363,9066.63660103685
12364,6268.7443152915175
12365,7492.150714140145
12366,7024.688278067561
12367,6805.6701903536905
12368,11317.639624372043
12369,7311.8266116328805
12370,5825.471424694224
12371,7245.291000473882
12372,8974.585551194734
12373,7938.416048602979
12374,7252.2715197681355
12375,8395.012386081055
12376,6789.768287314428
12377,6360.527355090644
12378,7594.05582765972
12379,9939.270297164978
12380,7132.8780443436435
12381,7273.319723383561
12382,6768.454188358546
12383,6713.161190630157
12384,5532.951999321976
12385,6806.118810271261
12386,8860.294591923343
12387,8812.303547056514
12388,10731.749908466118
12389,12195.233639580783
12390,8589.031251977685
12391,6194.055150470956
12392,6244.532634137157
12393,11141.126501700419
12394,9531.98363510389
12395,8577.057014300837
12396,8778.16832762184
12397,9251.262863903785
12398,6836.974898231704
12399,5984.140838076762
12400,10486.025650037916
12401,7290.9979967107365
12402,7883.617701799044
12403,7317.064921659209
12404,3872.267724166807
12405,10718.322913913371
12406,7709.954500556894
12407,6537.899638946001
12408,5599.751356762616
12409,6789.186098434496
12410,7152.373040363065
12411,9349.71154828518
12412,7265.763211490586
12413,5177.987907127066
12414,5783.898415513021
12415,5281.834986463155
12416,4907.459536638755
12417,7799.660210561182
12418,18590.432663990887
12419,5616.612974250633
12420,6167.836898368136
12421,7297.5043494827005
12422,5856.270133266753
12423,5664.319353849783
12424,6540.794667782058
12425,5186.970196308316
12426,7792.2357470669085
12427,8100.679370780755
12428,5198.7986647948765
12429,8943.760276345047
12430,5830.259763235375
12431,6067.75238110763
12432,8427.128417842316
12433,8812.483669380445
12434,9643.47461538194
12435,6513.562411249712
12436,7772.027210085824
12437,5810.067580712134
12438,7897.399763568286
12439,14129.160973022312
12440,11232.354844608937
12441,7102.384636170154
12442,5481.888829314476
12443,6202.440136695943
12444,6803.796758352383
12445,5333.439302455741
12446,9810.725383544137
12447,7149.767923520417
12448,5997.524116572853
12449,9100.482696973831
12450,5722.9096365096375
12451,6834.1198280002345
12452,8328.356298968174
12453,8221.321682573493
12454,8072.32230277885
12455,5306.898757971147
12456,6469.900468365358
12457,7555.374760868459
12458,10124.7408490652
12459,8904.204157655206
12460,7491.085635619028
12461,5613.327101392059
12462,7003.711074883493
12463,6524.992575977611
12464,5073.035230800688
12465,7882.894589059383
12466,7578.563085901159
12467,6829.789882661811
12468,7289.618840312715
12469,7224.620611400341
12470,7641.515702658709
12471,6933.712939684773
12472,7148.606796721578
12473,9424.095961106505
12474,7035.000491755705
12475,9820.33709941604
12476,7053.233981824226
12477,5717.934781161069
12478,11549.048838820512
12479,5763.846444073199
12480,4785.01065689436
12481,9130.033251345876
12482,9420.226655601688
12483,12236.204963744503
12484,6130.2083090550395
12485,6705.915921039763
12486,6446.105802008302
12487,8238.727667102941
12488,6678.633505790696
12489,8513.045394080878
12490,4245.14116644548
12491,7269.824210045523
12492,6745.472408873203
12493,6569.517991137239
12494,5919.659615074602
12495,7687.666767673202
12496,8894.61305271785
12497,6189.043946041435
12498,10192.68712805732
12499,8397.600126647207
12500,8448.876834409173
12501,6386.552115481471
12502,7514.620415151258
12503,6601.614052725045
12504,10846.025003643384
12505,8292.939596053893
12506,5390.52679129365
12507,8739.82631420912
12508,8357.925857642162
12509,7619.000045692028
12510,6188.539989135248
12511,4977.30565195105
12512,8823.958550136875
12513,6813.823327953772
12514,9061.509438039184
12515,7784.065973184864
12516,6493.442567249198
12517,8874.898332209468
12518,7709.906090638088
12519,7471.591644423598
12520,8062.761875460335
12521,6540.070905279458
12522,8521.118182515462
12523,10943.634480047083
12524,9055.592722828838
12525,5901.899368039935
12526,6737.778816230047
12527,5466.349172572772
12528,4123.51694473905
12529,9188.375439687217
12530,5625.785167196375
12531,9361.089487036128
12532,5406.821964598547
12533,8507.340872083816
12534,7611.887726644615
12535,9879.51416324278
12536,6754.989255225541
12537,7136.407909219309
12538,6750.173374928287
12539,8508.84558529523
12540,6418.187365611195
12541,8613.983926779938
12542,8685.618146629124
12543,10338.017899965827
12544,7804.775559063453
12545,7773.626885668789
12546,6449.60912435929
12547,5425.577283301699
12548,6497.597248081016
12549,10461.449113352848
12550,9905.339046875046
12551,6435.292874479348
12552,15379.404285864983
12553,7233.71786918942
12554,6355.691589892488
12555,7188.181068061027
12556,8590.298752291812
12557,12686.847212325189
12558,7574.16880894337
12559,8380.350064726972
12560,8457.83457861328
12561,7349.648702689129
12562,8004.6468670617605
12563,6022.16444555511
12564,5797.557372127005
12565,5673.449862637878
12566,5131.373033913337
12567,6005.333876342452
12568,9283.11989025787
12569,16390.550496449767
12570,7033.918315178186
12571,5969.486540599829
12572,8257.369947001354
12573,5323.900911245387
12574,7162.332040152708
12575,4484.128424705548
12576,10104.82891037353
12577,6666.40771512242
12578,6916.405447830794
12579,13655.365762226189
12580,12161.204897445867
12581,7146.225394369181
12582,7342.856718398897
12583,4216.765541379328
12584,6539.776081179109
12585,6267.126988722026
12586,10190.677365603031
12587,5735.950482523021
12588,6231.2221631674265
12589,6171.1161902641725
12590,7212.5374765371635
12591,6742.181517007835
12592,7597.5156469472995
12593,4354.69945826968
12594,8217.962803744931
12595,8143.501458342569
12596,8430.281730300087
12597,5940.033105596495
12598,5470.983640961697
12599,7941.040088838262
12600,5336.3654725032
12601,9377.86179940182
12602,6045.482133235659
12603,5724.187856899883
12604,8141.910332414425
12605,6466.053191622518
12606,6476.908677949958
12607,7545.90777025313
12608,7337.711680345423
12609,10038.009972127566
12610,10357.88271895813
12611,6896.109211154903
12612,5259.644658158276
12613,6919.573241109014
12614,6824.868304990059
12615,6170.215076262993
12616,7042.167515770337
12617,6697.42788901267
12618,10300.292794970586
12619,8341.666589295211
12620,6989.027518391254
12621,7589.991579249465
12622,6367.212171950076
12623,9980.080266711775
12624,6930.916336353183
12625,13400.702011473115
12626,7332.269296134707
12627,6510.260278227712
12628,6188.745601552886
12629,5030.305249328173
12630,7958.985856283253
12631,18057.474901747202
12632,4698.98011873788
12633,5326.541232752252
12634,10244.321081442979
12635,8187.610387613567
12636,7352.563654969482
12637,8238.714546292653
12638,6592.486845039573
12639,6042.5713187613765
12640,5134.845144155461
12641,8917.952770634707
12642,6496.266203185737
12643,7112.945206296618
12644,7250.473125313272
12645,5741.268982316251
12646,8242.044369934838
12647,7315.5281045063075
12648,5279.25165261831
12649,9368.51123202355
12650,9155.98173845506
12651,5336.432838066291
12652,7948.855230767808
12653,7454.029828648477
12654,5734.596651992989
12655,9015.144277744414
12656,6915.810408890951
12657,8138.764996286959
12658,5976.262281975763
12659,6416.9089033406
12660,6936.6034168890465
12661,4910.120301111477
12662,8066.481238343822
12663,5536.627810072469
12664,6587.8664702704555
12665,5940.683456474762
12666,6678.74514246911
12667,6614.127067025346
12668,7355.176245096516
12669,7983.7620208004955
12670,8003.668962952509
12671,7391.441583849578
12672,7073.020108910683
12673,7647.411538074516
12674,8903.291672029014
12675,9194.61250870387
12676,7766.765746131887
12677,5578.562577331106
12678,6690.901162271127
12679,6961.165157228396
12680,5666.612558550075
12681,11415.595154535802
12682,7072.39856313519
12683,8268.845567681428
12684,11384.366088129567
12685,6774.879817240403
12686,5286.934155176537
12687,13237.29012127105
12688,10171.312588671379
12689,6789.258686286878
12690,9298.600726529332
12691,9930.438178826513
12692,6872.935923105091
12693,6806.824553331042
12694,7388.988066288044
12695,6805.15871466384
12696,6463.667144977798
12697,7272.126106213068
12698,5932.2164779793575
12699,7944.7326362504655
12700,8044.008754838806
12701,7016.986722385055
12702,8330.104927460952
12703,6694.686577095333
12704,7636.287698970934
12705,6450.509522041446
12706,9112.65414523078
12707,7350.743773330705
12708,7079.66628876399
12709,7324.497743644244
12710,7618.735506889786
12711,8918.530531447694
12712,6663.920711407225
12713,6468.069464711726
12714,7157.321000354224
12715,7220.5409297697315
12716,7537.9938597443925
12717,5494.204262576672
12718,5528.891054206337
12719,8496.047045319077
12720,6985.732305835066
12721,6473.906703795486
12722,8429.65391482613
12723,6994.557713857071
12724,7309.330230244215
12725,5567.855293166702
12726,4264.414557862588
12727,7774.452617358393
12728,7175.1735917345
12729,7606.647227851097
12730,10498.44399256292
12731,9367.847708794992
12732,5513.050691318331
12733,8686.152296280361
12734,5402.961713749033
12735,4277.514406986614
12736,7760.918534132379
12737,11805.41678266201
12738,9046.150846216886
12739,7958.2075169182535
12740,5682.172585752563
12741,7598.425762653296
12742,9930.101690551448
12743,7965.139456666781
12744,9118.386281486015
12745,5840.388713360204
12746,5141.732361457636
12747,5819.271999809238
12748,6324.028886218701
12749,6670.9388446515895
12750,5588.782071909786
12751,6489.840752287317
12752,5112.864570397971
12753,6972.055042216817
12754,8643.402499706744
12755,6380.390137961897
12756,7081.2393889021705
12757,7597.777238817388
12758,5909.673554494083
12759,6202.194905166256
12760,9218.081674082012
12761,8796.910771276147
12762,6822.647125450514
12763,4952.356891303677
12764,13360.549710380395
12765,8259.015718320694
12766,6375.160852008858
12767,10234.539993187918
12768,9435.622004807232
12769,7861.118519755209
12770,7110.199882782506
12771,7514.153398748034
12772,10024.798332793265
12773,14175.681418222004
12774,6548.298680131906
12775,5454.702729704883
12776,6238.651827949703
12777,7456.887769132332
12778,7145.0334758751505
12779,9080.24852628288
12780,9214.593207288694
12781,6707.546887498209
12782,5438.559103119208
12783,7295.786218530828
12784,8471.349374483547
12785,5841.1895026185675
12786,7977.0946351737175
12787,4891.968212549524
12788,8702.08847855987
12789,9400.604955203633
12790,7711.568674762021
12791,9036.691267574899
12792,7105.036510669336
12793,5679.385675096639
12794,6820.762592634937
12795,8308.573325790572
12796,8417.988533391073
12797,7784.099935771329
12798,7659.403800486118
12799,7407.8841942013405
12800,5701.4236639388955
12801,9694.213814310033
12802,5529.088299779605
12803,10879.402790393722
12804,7145.397407094954
12805,5926.655319521266
12806,7461.966564077857
12807,6941.115102534852
12808,7678.476282918319
12809,8986.285459978055
12810,4885.734616525178
12811,5364.844107676198
12812,7641.772000948734
12813,9844.75132631859
12814,9295.91957257494
12815,6978.2079895710385
12816,7193.543616743966
12817,7060.50858055863
12818,7266.62283809306
12819,6405.2180415988505
12820,10638.594451262343
12821,9042.787601834543
12822,12558.473759823088
12823,5292.442680826136
12824,6381.590128643072
12825,10121.631188984555
12826,8131.078474067152
12827,5793.166412469808
12828,10654.919313466697
12829,7119.51421796072
12830,6614.057830705187
12831,5841.600095990732
12832,6371.307148694634
12833,6054.412274597285
12834,7192.741586664422
12835,5403.086146936971
12836,5882.483660659157
12837,9754.4659805464
12838,7446.738401205602
12839,21193.786182244396
12840,7907.174108396067
12841,5446.793811338053
12842,8310.812254575569
12843,10120.24498015972
12844,6722.834005968204
12845,7803.979987183541
12846,6057.997762619828
12847,8589.601123613089
12848,8515.216567815924
12849,6115.209238033735
12850,6044.386079415084
12851,7861.311380695693
12852,7896.15762437745
12853,8150.753570489723
12854,7989.0553755376495
12855,6681.791085157833
12856,5640.52743826552
12857,7531.841053993585
12858,10462.775892551203
12859,11626.570735985633
12860,11010.534090053425
12861,7907.384653059641
12862,6843.548448490634
12863,6710.4022055532205
12864,5452.3650784778865
12865,9014.624889069592
12866,11261.062880610336
12867,9361.276245998564
12868,6403.563705554203
12869,6436.610536130729
12870,5641.418610354732
12871,7228.549351495302
12872,10891.039815123657
12873,7432.414122047451
12874,6013.095324106826
12875,6857.638594797747
12876,8096.817039155285
12877,4811.577561675785
12878,8033.364606975256
12879,5356.60041389732
12880,8527.386862641586
12881,7562.16755290406
12882,5878.507527310061
12883,7650.755242759334
12884,7892.834901730907
12885,6431.9598302738505
12886,7276.4195909166165
12887,7630.499478422314
12888,12536.781667740463
12889,6727.90362848921
12890,9209.000147475765
12891,8526.148219115033
12892,9810.031300860714
12893,7382.701461941833
12894,10083.019825864721
12895,5929.513821366468
12896,5467.484893706006
12897,7049.39925980176
12898,6724.431525872712
12899,10185.693065427677
12900,8172.367456149777
12901,6133.930367476958
12902,7831.661485432183
12903,6790.566671905997
12904,10847.488070396987
12905,5251.39954362323
12906,13696.895500372882
12907,6452.832928433743
12908,6516.130133445366
12909,8963.954927196804
12910,6402.4801607149
12911,6901.203454307813
12912,7674.650563846557
12913,7775.705361801156
12914,7911.8668353731955
12915,6266.64887510062
12916,8059.960428185244
12917,8159.561782841668
12918,7790.90092831957
12919,6326.066421204574
12920,7909.977482126703
12921,11786.656357986614
12922,7202.100613361477
12923,4924.014595324804
12924,7766.541343891894
12925,6523.730270819
12926,7018.7780852541255
12927,7550.179132653361
12928,5311.57133121783
12929,7749.592102777385
12930,7098.248468911879
12931,7358.5429827931375
12932,7421.362690460319
12933,5547.6382490644555
12934,6705.8910383573775
12935,6820.768647209453
12936,8550.502204555269
12937,9066.716905581694
12938,5800.839240819796
12939,5487.872736047787
12940,7947.422921584492
12941,7269.0913821249405
12942,6559.973007318255
12943,7860.634261698479
12944,8027.525625955097
12945,8461.630800564306
12946,6943.714193210917
12947,5641.556527630387
12948,6941.838898153717
12949,8936.87435205665
12950,8770.934011847996
12951,9362.137554171755
12952,8542.029139772947
12953,6781.208797620727
12954,8896.508674105797
12955,6979.7272850358195
12956,8147.663759939632
12957,9399.582179369836
12958,7445.081453338712
12959,9864.681344165641
12960,9233.909072984081
12961,8473.554420689015
12962,7049.051406586776
12963,8420.759056823183
12964,8642.716017204075
12965,6680.77598793196
12966,5313.921540557376
12967,6919.036916373027
12968,8064.136892863047
12969,6608.720250600091
12970,6239.617248950518
12971,8750.663299869766
12972,7267.139102187752
12973,7191.788088459888
12974,6472.516260223362
12975,6179.740341499806
12976,8050.357971650572
12977,7682.899205012389
12978,7701.484516623966
12979,7083.5756805382725
12980,6262.1925809183795
12981,7307.19434277786
12982,4954.529202229244
12983,6597.219272033234
12984,5659.1443434075245
12985,8329.827793771447
12986,7202.929087776393
12987,6455.081909827791
12988,10994.05787081534
12989,6624.903126452444
12990,7623.271433666394
12991,10743.460576366831
12992,7314.2858539308945
12993,7882.945013264502
12994,8258.182298043055
12995,6960.020588402165
12996,6196.031382430627
12997,6293.20425400465
12998,8263.536181554744
12999,11198.646891408727
13000,6797.607822557611
13001,4216.078625461764
13002,5713.767340784352
13003,8205.685610250704
13004,8269.363714730733
13005,7287.797023586564
13006,7958.876566303357
13007,5567.629474429501
13008,6492.731966755006
13009,4058.4214288777534
13010,5907.248776658512
13011,6568.008375319083
13012,7990.975998162773
13013,7648.607527595089
13014,6879.200549385263
13015,9112.435159501983
13016,10580.285580220185
13017,8026.488195190228
13018,5838.054366082367
13019,9770.750241671221
13020,11652.21060190286
13021,6418.739040798351
13022,8631.007444629191
13023,5859.739149118021
13024,6693.485925560688
13025,4773.115789388263
13026,8199.526045157481
13027,6079.104303036398
13028,8843.420071288097
13029,7045.601422845624
13030,9506.942807314852
13031,9346.634737880979
13032,6073.330465416516
13033,8934.678469540235
13034,19810.142010432715
13035,11990.67090584635
13036,7428.08547159677
13037,4452.964124422008
13038,7249.584563113371
13039,10211.11367696449
13040,6720.3625789495845
13041,11175.449174492576
13042,18586.189736546294
13043,5555.806527620704
13044,5753.659280171155
13045,8748.557718823939
13046,6201.747351343086
13047,10787.924340479902
13048,7696.308802835607
13049,7752.758505493706
13050,5748.5359585006645
13051,7475.233153657876
13052,7485.776357516647
13053,7656.008404266382
13054,10210.947308287858
13055,7090.877227817391
13056,6522.916962904542
13057,7681.628932836549
13058,5755.160064822075
13059,6072.525229092766
13060,7925.665594479525
13061,6281.826097356494
13062,6702.333878024218
13063,8026.172889370831
13064,6236.911564338941
13065,6694.345086656789
13066,7224.207455829262
13067,7553.849390429776
13068,8564.215261778721
13069,7203.424029085736
13070,9277.714153063092
13071,6541.140143003661
13072,4901.555258739045
13073,7863.187252182765
13074,7629.027892576772
13075,6821.5528392183805
13076,5727.020164700888
13077,9798.828626397884
13078,7708.588180664171
13079,8129.46167568484
13080,7506.693220804715
13081,6561.705515015751
13082,6103.0124091565185
13083,4996.530527519581
13084,10498.734971099437
13085,6216.299854464709
13086,8124.630856260766
13087,15329.016788322628
13088,7983.128523005968
13089,7610.650049622991
13090,6281.390261980576
13091,5986.91088898266
13092,7885.620779435482
13093,5421.328080395588
13094,5929.76224276926
13095,10534.714368456329
13096,6072.995910796819
13097,16451.354157550573
13098,14731.798004275766
13099,5958.3238577340835
13100,8091.548305356851
13101,6927.429288001094
13102,7463.443827263809
13103,6577.980876514888
13104,10901.659023477161
13105,7872.283787580343
13106,10273.754515105635
13107,7666.163121124141
13108,7857.772405893156
13109,7072.971695482019
13110,9998.97793919473
13111,8011.229866777666
13112,7308.012084494049
13113,7057.52206352503
13114,6256.8992672392715
13115,9527.825475193697
13116,9619.48182922912
13117,7281.999877138065
13118,10432.699450995382
13119,7343.232927805073
13120,10970.527631560302
13121,5792.117339729276
13122,6362.520532552468
13123,6680.3681787877995
13124,11806.271722725172
13125,7193.934317851961
13126,8398.476118510696
13127,7914.059803874209
13128,8701.417929459558
13129,6745.034403896752
13130,9260.482266812818
13131,7497.5141223785095
13132,5383.945966076902
13133,14325.946786755774
13134,18372.036286942242
13135,8044.043030766817
13136,8314.122269217994
13137,10075.354564376548
13138,10864.109844177257
13139,10656.029816631908
13140,7650.900192877396
13141,7694.914511032968
13142,6569.127736780459
13143,8620.133702494351
13144,5227.439433262326
13145,7516.902618163899
13146,7153.156342488137
13147,6475.4800549615275
13148,7838.892595639722
13149,6963.12304830845
13150,6276.132416636274
13151,7760.75760772308
13152,4964.8543802958675
13153,5399.673226162383
13154,7068.728715425759
13155,7743.581287042373
13156,8962.377489095277
13157,9650.292655110992
13158,9173.164286121544
13159,7779.909329395115
13160,7236.520293897607
13161,10665.479080772153
13162,7529.395243220952
13163,6076.255846401956
13164,6917.7322686100815
13165,9142.920365458278
13166,5650.58117443258
13167,8187.988229867656
13168,4440.991150918438
13169,6116.604316516208
13170,9405.653593386876
13171,6008.323784316474
13172,6857.206465599734
13173,8651.849666984544
13174,9187.810618826676
13175,12098.082474336345
13176,6393.040565172454
13177,9755.344848978933
13178,4731.081621882405
13179,6141.680884591623
13180,6763.571037035585
13181,5357.178381515748
13182,8444.466159701424
13183,6759.550391436456
13184,6630.953100182437
13185,8577.639987424354
13186,12019.496580152978
13187,8870.925442567019
13188,6600.099125827651
13189,6451.290283092363
13190,8246.218252043042
13191,8238.455379240939
13192,7597.506570072887
13193,6683.291104642443
13194,7333.633200011153
13195,11343.029830977204
13196,6293.409796101663
13197,7159.450190808705
13198,7994.875876708482
13199,8561.752437486626
13200,13116.45945962534
13201,6915.614011013513
13202,13612.182642262618
13203,7471.181338509505
13204,6197.593515163703
13205,4458.042080430055
13206,7365.946034942295
13207,7329.292942725576
13208,6408.410424061501
13209,7405.873649301346
13210,6734.576821349852
13211,5849.223198222922
13212,7918.324770810446
13213,6594.072528329301
13214,8492.782592873058
13215,8162.963039108527
13216,8418.373582744673
13217,9467.151354658876
13218,6368.182239594349
13219,9133.52977435778
13220,6201.861899445413
13221,7514.229582850677
13222,7009.471550248132
13223,6661.379331042094
13224,11345.664817016479
13225,7406.257241308893
13226,5853.496617338658
13227,7418.603753068306
13228,9036.860426181851
13229,8060.668156671446
13230,7274.582172276833
13231,8457.287261068164
13232,6535.231388921419
13233,6307.756655955461
13234,7685.015746560999
13235,9934.40559161038
13236,7245.983636148252
13237,7252.480900869474
13238,6763.589482803949
13239,6669.180548489986
13240,5595.226874309093
13241,6773.902663175999
13242,8766.125214867485
13243,8889.871523463968
13244,10751.636141193458
13245,12167.472624820548
13246,8494.86187492183
13247,6210.865100874302
13248,6307.00009135214
13249,11288.739120958568
13250,9534.40951388714
13251,8648.017104468438
13252,8855.837914878066
13253,9357.342142549707
13254,6865.000090876139
13255,5972.617356978187
13256,10569.680306141125
13257,7313.076865421268
13258,7987.709782056125
13259,7339.375574167907
13260,3943.2278143344106
13261,10989.436714448337
13262,7694.737772737465
13263,6557.78587167334
13264,5657.536170293393
13265,6752.44389955197
13266,7210.5408541183615
13267,9372.02220079388
13268,7192.993064391319
13269,5243.5873148386645
13270,5639.535274606951
13271,5365.21911385512
13272,4985.1291238949825
13273,7794.795505006585
13274,16756.483547525906
13275,5699.997101642598
13276,6162.972192813539
13277,7401.59642973978
13278,5844.9733884080915
13279,5735.279444017382
13280,6535.929962227461
13281,5270.354323700281
13282,7581.640542734478
13283,8085.462642961325
13284,5041.5112178958725
13285,8938.89557079045
13286,5920.886665382235
13287,6125.5371946384075
13288,8332.95904078646
13289,8653.118766965608
13290,9747.56669563902
13291,6535.873063758409
13292,7800.052402730259
13293,5694.523978204013
13294,8004.19754541836
13295,14405.394449700416
13296,11385.884480082628
13297,7070.168489074893
13298,5505.261463634347
13299,6222.326369423282
13300,6806.222637135631
13301,5411.108889711969
13302,9888.29335995159
13303,7177.793116164852
13304,6004.370769882499
13305,9068.266549878568
13306,5718.04493095504
13307,6856.430480508932
13308,8356.381491612607
13309,8216.456977018895
13310,8057.105574959421
13311,5390.282885363112
13312,6492.211120874056
13313,7511.394118728288
13314,10453.029020229887
13315,8961.988971185983
13316,7486.220930064431
13317,5490.1424998207785
13318,6998.846369328896
13319,6660.101019744225
13320,5043.0648352353555
13321,7965.246819999819
13322,7640.837960888276
13323,6818.266401563236
13324,7309.505073040054
13325,7286.203369821487
13326,7648.362355968356
13327,6913.561202763727
13328,7226.276383977805
13329,9408.879233287074
13330,7041.8471450653515
13331,9815.472393861442
13332,7038.017254004797
13333,5800.094429873636
13334,11544.184133265915
13335,5867.9385243302795
13336,4832.450036794572
13337,9213.41737873784
13338,9440.112888329028
13339,12264.23015638894
13340,6158.233501699475
13341,6768.190796026881
13342,6474.981623843214
13343,8322.111794494906
13344,6673.768800236099
13345,8663.363714932035
13346,4251.987819755126
13347,7363.9954435693335
13348,6767.551277583734
13349,6425.154850231169
13350,5774.262730124435
13351,7689.1818810716295
13352,9038.066263856806
13353,6191.469824824682
13354,10220.712320701756
13355,8377.448389726162
13356,8543.445906878302
13357,6275.383319149784
13358,7218.297498181678
13359,6285.406362030016
13360,10824.160878812958
13361,8370.609183310116
13362,5149.5628090716
13363,8706.389957983649
13364,8480.284344891166
13365,7614.135340137431
13366,6242.118496068493
13367,5000.678286270921
13368,8846.037418847403
13369,6897.207455345737
13370,9041.357701118139
13371,7768.849245365434
13372,6576.826694641163
13373,8870.033626654871
13374,7845.014534404702
13375,7478.438297733245
13376,8111.495020969886
13377,6623.455032671423
13378,8599.84975158286
13379,10938.769774492486
13380,9083.617915473273
13381,5925.272002359806
13382,6622.235213721924
13383,5488.6598250814695
13384,4206.901072131016
13385,9351.22516891004
13386,5620.920461641778
13387,9418.874300566906
13388,5262.458823692477
13389,8475.124724988555
13390,7634.198379153313
13391,9958.245732310179
13392,6739.772527406111
13393,7156.294141946648
13394,6818.984097262417
13395,8441.963169449127
13396,6413.322660056598
13397,8630.793877183285
13398,8743.402960159901
13399,10465.228507018672
13400,7824.661791790792
13401,7768.762180114192
13402,6338.440328027603
13403,5129.254366332119
13404,6492.732542526419
13405,10564.440065837574
13406,9942.033771003842
13407,6290.548799782211
13408,15475.340667036571
13409,7317.101996581385
13410,6421.290997604087
13411,7271.565195452993
13412,8610.184985019152
13413,12701.681048294191
13414,7569.304103388773
13415,8412.956480119747
13416,8452.969873058682
13417,7378.524524524041
13418,8024.5330997891015
13419,5978.18380341494
13420,5819.868024635703
13421,5658.233134818449
13422,5214.757161305302
13423,5993.810395243877
13424,9389.917672107966
13425,16510.23775095884
13426,7036.344193961434
13427,5917.041356204809
13428,8340.754074393313
13429,5389.500318956985
13430,7130.115893057447
13431,4469.554884212965
13432,10090.255369880948
13433,6661.543009567823
13434,6978.680322817911
13435,13713.150575756967
13436,12073.18721444447
13437,7224.956963436582
13438,7348.167951631763
13439,4258.2419205955475
13440,6567.801273823544
13441,6371.219068979107
13442,10210.56359833037
13443,5742.797135832667
13444,6216.005435347997
13445,6199.141382908608
13446,7232.423709264503
13447,6825.5656443998005
13448,7747.833967798461
13449,4357.125337052928
13450,8202.746075925503
13451,8225.66110705512
13452,8398.065583204827
13453,5954.866941565498
13454,5477.8302942713435
13455,8003.314963825379
13456,5040.0425555336205
13457,9435.646612932598
13458,6171.5164131412375
13459,5684.798837803192
13460,8220.64190148182
13461,6588.411678871524
13462,6159.407221645589
13463,7511.155737943219
13464,7391.290187278668
13465,10060.320624636264
13466,10405.24454519176
13467,6891.244505600306
13468,5343.028785550241
13469,6796.388639537733
13470,6800.801435348358
13471,6192.293944973524
13472,7049.014169079983
13473,6776.15945808007
13474,10367.185968291524
13475,8445.758669552291
13476,7005.837468794598
13477,7626.686303378261
13478,6395.237364594511
13479,10042.355141698892
13480,6984.4948432864285
13481,14118.364882090025
13482,7327.4045905801095
13483,6481.280365740475
13484,6266.415188809114
13485,5032.731128111422
13486,7933.88945901372
13487,18718.439720116054
13488,4458.01613651583
13489,5297.561320265015
13490,10306.595956430096
13491,8256.421109947683
13492,7401.296800479033
13493,8327.185813105498
13494,6663.446935207173
13495,5998.590676621206
13496,4968.269719870505
13497,8940.263423143406
13498,6518.576855694435
13499,7190.614793552846
13500,7221.493212826035
13501,5763.579634824949
13502,8171.984139021281
13503,7286.5481920190705
13504,5301.330521328841
13505,9426.296045554327
13506,9176.416829777972
13507,5269.550422220186
13508,7928.703493846762
13509,7449.16512309388
13510,5693.579337661576
13511,9263.313201389055
13512,6910.945703336354
13513,8201.232453501925
13514,6055.648860523822
13515,6387.928990853363
13516,6896.894143083989
13517,4883.6191894942685
13518,8068.90711712707
13519,5620.011937464435
13520,6687.9036858244945
13521,6018.35304373099
13522,6673.880436914513
13523,6697.511194417311
13524,7417.451120083633
13525,7924.0262520676315
13526,7985.916349918431
13527,7413.752236358276
13528,7151.7516779780835
13529,7675.436730718951
13530,9105.649409155008
13531,9197.03838748712
13532,7870.85782638896
13533,5549.582664843869
13534,6713.211814779825
13535,7018.949970759174
13536,5694.63775119451
13537,11410.730448981205
13538,7179.196344985285
13539,8352.229695073393
13540,11412.391280774003
13541,6853.6113863078035
13542,5404.887973023431
13543,13389.809244639606
13544,10188.122539074726
13545,6716.488539187611
13546,9326.625919173766
13547,10025.007251295643
13548,6979.733704955186
13549,6890.208680723006
13550,7471.147715000611
13551,6827.469367172538
13552,6509.202749574358
13553,7273.641219611495
13554,6014.376126691925
13555,7951.579289560112
13556,8015.028842351569
13557,7100.37084977702
13558,8395.704335172552
13559,6729.540059080171
13560,7736.324914524973
13561,6378.614193068622
13562,9117.965378463645
13563,7413.018648317822
13564,6967.602154696148
13565,7407.881871036209
13566,7672.372558947162
13567,8982.627202532958
13568,6548.377108899103
13569,6310.782017812722
13570,7152.456294799627
13571,7198.676804939302
13572,7783.788153993547
13573,5556.479137563789
13574,5551.584706939553
13575,8524.072237963514
13576,6952.295949609594
13577,6491.676296346815
13578,8451.732783536661
13579,6989.693008302474
13580,7392.7143576361805
13581,5609.331672382921
13582,4342.084145118815
13583,7769.587911803796
13584,7170.308886179903
13585,7660.225734784342
13586,10526.469185207354
13587,9391.220343114863
13588,5512.074387711589
13589,8743.937109811139
13590,5451.694859258584
13591,4103.635799841624
13592,7829.7292564665095
13593,11833.441975306449
13594,9108.425721204003
13595,8121.057246141076
13596,5710.197778396998
13597,7625.550082152663
13598,10030.138906105487
13599,7971.9861099764275
13600,9165.825661386227
13601,5923.772840752169
13602,5241.769577011675
13603,5696.087398237957
13604,6312.505405120126
13605,6744.067371950449
13606,5666.451659166014
13607,6460.86083980008
13608,5056.5293320436995
13609,6974.8639212245835
13610,8726.786627098709
13611,6445.989545673496
13612,7163.399037614738
13613,7580.02462578331
13614,6061.885565871947
13615,6230.220097810691
13616,9189.101761594775
13617,8901.002851533227
13618,6793.667212963277
13619,5035.741018695642
13620,13439.281279447794
13621,8230.035805833457
13622,6397.239720719389
13623,10329.109065657047
13624,9480.300285613743
13625,7983.370627823676
13626,7206.975161294611
13627,7542.17859139247
13628,10031.644986102912
13629,14224.414563731556
13630,6631.682807523872
13631,5457.008323057161
13632,6233.787122395106
13633,7535.619338199733
13634,7123.169351044721
13635,9171.653016107832
13636,9296.945438229124
13637,6563.183746592139
13638,5516.228690375436
13639,7349.364725464073
13640,8489.461687552073
13641,5829.892757759906
13642,8103.128915079296
13643,4919.993405193959
13644,8697.223773005273
13645,9454.183462136878
13646,7746.422156746859
13647,9266.171090708265
13648,7167.311385656453
13649,5674.520969542042
13650,6803.009979600859
13651,8387.30489485797
13652,8400.235920356994
13653,7841.884749302107
13654,7654.539094931521
13655,7461.462701134586
13656,5763.698538926013
13657,9772.945383377431
13658,5371.8008528806
13659,10957.072377649949
13660,7116.417494607717
13661,5921.790613966669
13662,7617.5719031538965
13663,6949.07991516581
13664,7740.751157905436
13665,9194.163518094136
13666,4964.466185592579
13667,5353.547362817537
13668,7663.850869659265
13669,9907.884146425042
13670,9318.230225083636
13671,6973.343284016441
13672,7221.568809388401
13673,7088.533773203066
13674,7340.429447799118
13675,6432.342361098217
13676,10609.614538775106
13677,9105.06247682166
13678,12581.957892510156
13679,5248.462038685965
13680,6503.842236711539
13681,10068.860489849372
13682,8235.17055432422
13683,5876.550539861773
13684,10637.166700432617
13685,7025.059928099802
13686,6640.207251700265
13687,5895.178602923977
13688,6465.478382218444
13689,6116.687149584403
13690,7221.6174084993345
13691,5385.333533902893
13692,6055.79641325358
13693,9859.848920981332
13694,7472.051707222472
13695,21182.31340641938
13696,7865.347833871222
13697,6053.945013712522
13698,9534.593688680727
13699,11169.099256882055
13700,7622.2709514532135
13701,8330.12298190073
13702,6228.900502037709
13703,9261.203236075895
13704,9092.80534602615
13705,6613.13934749305
13706,6355.7876306608205
13707,8238.492556318846
13708,8552.952441324052
13709,8780.21166612653
13710,8421.253968899991
13711,6907.521869320321
13712,6041.836576139672
13713,8153.373265017666
13714,11159.434658327395
13715,12468.29452900446
13716,12304.569210585038
13717,8412.913273971686
13718,7704.620900666609
13719,6878.870284437987
13720,5535.533314050755
13721,9443.019976442354
13722,11988.69965230626
13723,9855.59822587889
13724,7025.576871211298
13725,7097.092131451893
13726,6562.936605720114
13727,7610.27869803582
13728,11377.129606074059
13729,8175.015157372106
13730,6494.066742050401
13731,7331.501199172817
13732,8358.148773677633
13733,5072.246619958801
13734,8504.781923828257
13735,5971.481305946889
13736,9043.762090165712
13737,8348.678816977863
13738,6148.79674942528
13739,7997.6648663544665
13740,8451.866154567844
13741,6764.59290196125
13742,7752.262623061125
13743,7936.482581218325
13744,12765.101624269397
13745,7053.224866421567
13746,10347.923183628089
13747,8980.792577723549
13748,10172.350513201247
13749,7901.022619294722
13750,11636.710088371452
13751,6351.101044950555
13752,5768.591197404702
13753,7629.044650182414
13754,7102.084083060631
13755,10657.110382280689
13756,8554.096802690272
13757,6390.070100332008
13758,8393.824763776216
13759,7090.8962579003955
13760,12294.89702366325
13761,5353.64746625011
13762,14550.82236789557
13763,6936.979772131698
13764,7043.188751242932
13765,9718.899116806953
13766,6877.037435091937
13767,7599.856593000663
13768,8816.269303445715
13769,8151.9924735848845
13770,9327.559041274762
13771,6628.968087441148
13772,8662.243298432883
13773,8536.742958464803
13774,8697.276487831448
13775,6349.0954574591915
13776,8469.644063991476
13777,12277.323015616075
13778,7664.023563839615
13779,5194.303817440022
13780,7980.319189789709
13781,7013.255709701366
13782,7490.195402107138
13783,7720.949760650933
13784,5345.965385106288
13785,8255.120723689455
13786,7560.171419390018
13787,7779.046516534183
13788,7691.651912575538
13789,6010.397432037139
13790,7194.615606015074
13791,7453.209407051291
13792,8791.921894508261
13793,9770.637430833864
13794,6433.2800006616335
13795,6038.687828877739
13796,8188.842611537482
13797,7693.515273292833
13798,6901.945683458975
13799,8245.348234551151
13800,8518.6964046698
13801,8682.70395431748
13802,7306.033405551445
13803,6104.31571060307
13804,7563.371109177817
13805,9300.387693666618
13806,9871.077190649386
13807,9534.641810904104
13808,9240.73958142189
13809,7271.801704195905
13810,9303.949517282084
13811,7670.0456891300455
13812,9445.755487227227
13813,9870.999496222852
13814,8753.558475944563
13815,10577.591717878255
13816,9486.441065381294
13817,9227.878187832888
13818,7520.468723439789
13819,9133.669430535792
13820,9400.18409227403
13821,7585.184669686016
13822,5408.365549816093
13823,7714.635890315048
13824,8936.821590062083
13825,7032.02946868619
13826,6985.447775237809
13827,9536.765966919702
13828,8253.816443586666
13829,7664.747981354359
13830,7037.712361702946
13831,6498.9488137898525
13832,8564.420095814263
13833,8315.290867339947
13834,8315.717901622536
13835,7445.8948928788
13836,6983.685223935987
13837,7812.722963689945
13838,5467.3006642723085
13839,7055.2004881016455
13840,6133.0069477825955
13841,8944.70868582099
13842,7572.319588669545
13843,6725.070772249552
13844,11325.816116139375
13845,7271.824588081426
13846,8256.311254297618
13847,11977.596766386772
13848,7879.481955410478
13849,8238.612906630491
13850,8700.108852126117
13851,7310.609041341269
13852,6637.259326852907
13853,6620.704430619396
13854,9020.941917202763
13855,12521.242943260773
13856,6872.458678910781
13857,4689.941229836835
13858,6028.433049647607
13859,8449.889263035158
13860,8784.39465470339
13861,7980.556570757618
13862,8683.470666743886
13863,6132.825575909086
13864,6935.186635514891
13865,4527.11423887051
13866,6342.0470687410725
13867,6944.295487102808
13868,8241.48766840219
13869,8483.853499092269
13870,7406.283635497521
13871,9380.796114694022
13872,12321.54995771108
13873,8432.49612033805
13874,6200.373578422896
13875,10461.068645765456
13876,12497.828748806165
13877,6581.010318024876
13878,9810.216991178077
13879,6260.010920969072
13880,7093.757697411738
13881,5240.327074788803
13882,9218.227769620325
13883,6599.180309068275
13884,9338.246936651223
13885,7610.797524325208
13886,10059.10371416677
13887,9680.864719321404
13888,6450.983022604441
13889,9408.541073915305
13890,21481.776988566333
13891,13624.538482173979
13892,7964.14559920595
13893,5054.30334553392
13894,7555.567665909383
13895,11032.41625498536
13896,7482.341457256264
13897,11799.349325623674
13898,20850.99355944055
13899,5711.820542522732
13900,5911.189769082981
13901,9313.753820303507
13902,6397.127006797632
13903,12018.422954611919
13904,8685.848019097994
13905,8387.40817513618
13906,5269.032695751081
13907,8028.152694148224
13908,7699.554203414462
13909,8245.063788134887
13910,10606.34699455169
13911,7332.37353656108
13912,6928.924888052388
13913,8196.99472791865
13914,6163.6073196255475
13915,6599.608315205022
13916,8357.864187841862
13917,6755.688701731565
13918,7317.214770073788
13919,8655.347522983746
13920,6532.269244460129
13921,7354.500115620359
13922,7776.410861384216
13923,8107.064352054597
13924,9166.49813202636
13925,7581.076586273662
13926,9931.39232932676
13927,6982.230464592191
13928,5264.56914108154
13929,8691.285781685661
13930,8167.861845551933
13931,7153.31108454241
13932,5726.627342791971
13933,10842.850490996658
13934,8443.684395097285
13935,8460.711480264774
13936,8178.446613044016
13937,7162.622939859204
13938,6141.745347650047
13939,5293.962745977601
13940,11652.41314403921
13941,6690.16245883978
13942,8429.46030257346
13943,17328.39982522199
13944,8357.33976907874
13945,8037.493584091009
13946,6521.108319732672
13947,6117.848121480794
13948,8318.887017997691
13949,6178.733816043624
13950,6223.500019736673
13951,11551.685130799255
13952,6324.065531256244
13953,20150.21701003538
13954,16120.991866527576
13955,5995.185011625663
13956,8468.606417754898
13957,7249.047119008944
13958,7964.910707267941
13959,7521.068775108098
13960,11143.15533222085
13961,8222.872240519446
13962,10700.658488310914
13963,8892.137620077789
13964,8359.239285897258
13965,7247.278704173859
13966,10707.724147901843
13967,8617.884027272514
13968,7626.485028131432
13969,7214.283020996408
13970,6261.896031357168
13971,9935.606188761334
13972,10218.047053986786
13973,7651.530492825656
13974,11812.005661495194
13975,7833.89958543453
13976,11750.331000596649
13977,6032.124045982454
13978,6732.790267782343
13979,7185.896799699886
13980,12124.850302832421
13981,7677.949656506887
13982,8817.06298348304
13983,8143.401493376036
13984,9353.65230506175
13985,7086.738830056634
13986,10109.877456021732
13987,8239.533768232637
13988,5998.826858126472
13989,16032.432278293632
13990,20310.16635379016
13991,8665.575241790897
13992,8558.325922002447
13993,10793.52852069622
13994,12260.218901446877
13995,11772.96782775212
13996,8338.027435699289
13997,8692.948840702993
13998,7074.656357692543
13999,9241.472416035045
14000,5492.594708685084
14001,8042.182538280218
14002,7463.147916592538
14003,6975.873522683692
14004,8484.154562450389
14005,7252.017988666123
14006,6889.648165889166
14007,8033.961422793537
14008,5251.489105416828
14009,5769.248291390292
14010,7310.148405378749
14011,8625.911192230364
14012,9558.989125784847
14013,10012.611867451524
14014,9592.288656041004
14015,8014.677700373574
14016,7720.535632552526
14017,11431.667918255458
14018,7982.499575378381
14019,6689.771595654848
14020,7283.250273948451
14021,9328.003945866758
14022,6188.723082466722
14023,8565.169405490788
14024,4848.771864486074
14025,7001.945799036547
14026,10629.858890992105
14027,6440.522377678818
14028,7098.702774343423
14029,9121.901538433352
14030,9693.339239738754
14031,12906.319290228574
14032,6829.9780587201485
14033,10201.132091042284
14034,5339.279706964836
14035,6571.802856733404
14036,7399.965211342312
14037,5726.753446743657
14038,9329.80764222176
14039,7363.682861120104
14040,7071.34710087213
14041,9115.78189545849
14042,12550.413383992025
14043,9425.871906064393
14044,7191.59904957955
14045,6910.226152390097
14046,8711.76505270383
14047,8669.753104190331
14048,8575.376161885037
14049,6840.0982654338995
14050,7955.165411035253
14051,12486.339966343876
14052,6522.751485603491
14053,7970.92306404855
14054,8464.927748157286
14055,9099.894345520777
14056,14478.760722135075
14057,7002.572431030751
14058,15280.921652618248
14059,7894.651991676755
14060,6284.551935180943
14061,5410.860777017149
14062,8291.998475619701
14063,8637.769965331432
14064,6547.833186723339
14065,7860.044633254263
14066,7096.896033690381
14067,6190.64487894084
14068,8174.606424046063
14069,7132.214436363443
14070,8831.362665173208
14071,8525.282251449047
14072,9215.620975959098
14073,9844.332530282032
14074,6781.339784358897
14075,9573.92377504748
14076,6611.356036956848
14077,8179.841324536935
14078,7110.330447120598
14079,7101.773331731789
14080,12634.169029395081
14081,7791.66704987731
14082,6440.597634296407
14083,8315.558007202715
14084,9871.147457460766
14085,8638.601823022187
14086,7887.510913557711
14087,9030.644378926734
14088,6968.597882976879
14089,6396.678501597995
14090,7926.435436513989
14091,10182.345258105177
14092,7542.194089991369
14093,7912.852162218088
14094,7527.708876848436
14095,6979.866792596355
14096,5803.663894030978
14097,7397.833178885562
14098,9121.793108233478
14099,9403.300053045474
14100,11157.644066341307
14101,14128.713850267945
14102,8871.148986705553
14103,6343.195007559003
14104,6845.141999386285
14105,11729.133121648265
14106,10281.912552101849
14107,9078.139076610216
14108,9333.493834626168
14109,10177.960481100854
14110,7409.700917467758
14111,6495.653755216021
14112,10880.252067754316
14113,7554.496555374258
14114,8401.493597409373
14115,8060.725571463558
14116,4550.379016708879
14117,11902.331306621762
14118,8428.449277737898
14119,7048.4525293028
14120,6117.098514840875
14121,7213.97892209457
14122,7670.103198665845
14123,10521.259036724721
14124,7825.43382423316
14125,5580.169955579157
14126,6113.397878982022
14127,6081.526590299645
14128,5126.139383226849
14129,8301.948170184944
14130,19852.370391702727
14131,5926.696544024567
14132,6160.1848191568
14133,7970.884783698602
14134,6054.7161270077795
14135,6152.805938847937
14136,6777.349652180451
14137,6027.372758301885
14138,8116.255691919024
14139,8356.639976522403
14140,5312.331646901977
14141,9560.427781814542
14142,7033.7591690771005
14143,6594.601286448921
14144,8840.111705964817
14145,9178.474556462736
14146,10570.502011227045
14147,7179.691023512767
14148,8583.837093241511
14149,7003.001000809869
14150,8794.038027473822
14151,15929.736973988993
14152,11614.81489848783
14153,7447.821046262818
14154,5891.748993982665
14155,6451.668058925109
14156,7266.571136265963
14157,5777.3325107323935
14158,10401.721889533106
14159,7912.9069446549975
14160,6412.818024685972
14161,10715.766167704378
14162,6078.6043486522485
14163,7186.95349041312
14164,9380.723552232095
14165,8817.374401862331
14166,8506.5012888643
14167,5842.278511440541
14168,6976.002498134427
14169,7820.354260434791
14170,11060.180222604358
14171,9515.23015983174
14172,7882.699399361518
14173,5809.270660093217
14174,7169.616997326468
14175,7006.434973725436
14176,5362.752435675488
14177,8587.693786480242
14178,8118.020027205608
14179,7209.344622193565
14180,7800.171730669509
14181,7787.628330119063
14182,8056.809610771828
14183,7169.842855999344
14184,7625.35274023925
14185,9780.745367173988
14186,7674.287904907189
14187,10153.324715731795
14188,7565.361276696521
14189,6331.785755392154
14190,12315.93832687143
14191,6082.818384015188
14192,5138.433139590585
14193,10307.424391779989
14194,9913.975492704101
14195,13470.632294213281
14196,6636.995383686586
14197,7245.3728623442275
14198,6849.704962029476
14199,9216.408353197961
14200,7070.624988836885
14201,8919.645368167641
14202,4774.950422009719
14203,7873.892162237507
14204,7306.332667251566
14205,7032.306052605637
14206,6098.468473842143
14207,8179.84853870106
14208,9645.217466231274
14209,6668.651891142027
14210,11416.420320641371
14211,8756.4979042668
14212,9048.974527790368
14213,6719.73653175399
14214,7761.765852710344
14215,6839.342220677727
14216,11457.20069944419
14217,8817.554164162926
14218,5683.031695717509
14219,8627.420970452078
14220,8910.406317032955
14221,8031.661834967985
14222,6855.346180975518
14223,5168.959383393638
14224,9208.356631187935
14225,7460.120913909211
14226,9546.886322030225
14227,8369.766670208872
14228,7513.061534460551
14229,9408.815016322706
14230,8754.48311831439
14231,8661.46794401206
14232,8443.984625633508
14233,7214.3248882067355
14234,9492.480325297722
14235,11427.494342150183
14236,9967.146250232989
14237,6128.990066499209
14238,7096.097818096994
14239,5802.390165754636
14240,5116.369656040713
14241,10108.805884941845
14242,5941.830379794357
14243,10100.380806625437
14244,5736.321428067548
14245,9504.424686551367
14246,8068.416248651895
14247,11102.543212180733
14248,6960.577431178455
14249,7548.7750620142115
14250,6958.839896002753
14251,9059.352630090887
14252,6480.304458834308
14253,8888.430369544032
14254,9332.02018345975
14255,11401.463346838063
14256,8059.430162769251
14257,8174.77010526202
14258,6716.0928852155275
14259,5734.258579713824
14260,6945.980360720843
14261,11673.737301856438
14262,10772.110561108348
14263,6659.613701548513
14264,16400.491489181433
14265,8305.576602753716
14266,6783.610209944614
14267,8260.039801625346
14268,9016.192910166996
14269,12999.348878527318
14270,8184.184995438325
14271,8883.00835156856
14272,8958.498493970765
14273,7820.961376153671
14274,8386.852312129631
14275,6467.6030410746025
14276,6157.8794874049
14277,6096.110125160241
14278,5708.691068499065
14279,6442.85620588512
14280,9767.09884773112
14281,18943.518118981465
14282,7666.037878428506
14283,6434.839053520383
14284,9329.228680565664
14285,5630.920008909976
14286,7507.768450245369
14287,4608.698777869943
14288,11592.418009986055
14289,7058.021478864911
14290,7609.965236729005
14291,14525.202009116654
14292,12997.33321299074
14293,7864.949472954726
14294,8167.755035075963
14295,4546.0238369541075
14296,7504.036113642925
14297,6785.869865539737
14298,10484.84980738886
14299,6160.323630663222
14300,6344.121938623124
14301,6841.962525274149
14302,7475.50794372306
14303,7416.637780027576
14304,7968.286282024043
14305,4878.291622768117
14306,8657.427119521659
14307,8963.72426034361
14308,9263.230955691117
14309,6591.261115872224
14310,5966.55486192904
14311,8672.703895983903
14312,5341.81040381007
14313,10247.698046292284
14314,6793.048624165338
14315,6375.659955889231
14316,8890.604676588559
14317,7020.610272233867
14318,6400.826911598579
14319,7955.50895054741
14320,8101.849404935332
14321,10921.48265855896
14322,11388.722869575438
14323,7240.271564329231
14324,6009.04272089718
14325,7273.109096826308
14326,7011.09893990253
14327,6521.3676439974315
14328,8357.49119168584
14329,7247.963630798317
14330,10917.912433523581
14331,9292.671156034894
14332,7563.4012047319975
14333,8507.226784253375
14334,7046.392739049379
14335,10711.744073857444
14336,7804.061825320936
14337,15050.132599938426
14338,7708.087849514712
14339,7678.213996311789
14340,7096.036765596858
14341,5692.022838315498
14342,8532.846895835095
14343,20105.630227938334
14344,4967.7732640959675
14345,5634.0475784529635
14346,11235.41846717604
14347,8495.766671540532
14348,8248.209286961634
14349,8812.54876193885
14350,7086.756153293271
14351,6227.932366123033
14352,5442.132324245576
14353,9880.111183200062
14354,6885.052774369186
14355,7459.893777054222
14356,7583.086264390073
14357,6033.609115844114
14358,8894.198107854338
14359,7680.521636872863
14360,5411.370284124568
14361,10085.82519081544
14362,9884.669820047317
14363,5603.6571415727985
14364,8434.232114758815
14365,7987.733270761443
14366,6071.2318948495
14367,9595.071446713087
14368,7307.424172633443
14369,8584.573569413114
14370,6276.117821508716
14371,7086.443340203998
14372,7265.959044850291
14373,5662.975671450333
14374,8713.573201165871
14375,6510.88419972946
14376,7034.689286635679
14377,6238.822004715884
14378,7105.178161863928
14379,7248.627576912383
14380,7889.807383282343
14381,8758.872239913077
14382,8474.64091757611
14383,7927.575020194059
14384,7345.821861621306
14385,8448.756857715458
14386,9974.642202637562
14387,9841.704471525944
14388,8298.34765355409
14389,5791.002354796859
14390,7040.683439014335
14391,7663.616054798
14392,6093.169653931855
14393,12199.331216119625
14394,7541.515557325812
14395,9221.222488555948
14396,12281.384074256559
14397,7505.036283425272
14398,5728.681583973342
14399,14024.686456549269
14400,10987.996898985706
14401,6704.788345466021
14402,10128.141498589552
14403,10665.772066196787
14404,7199.730864536504
14405,7759.201474205544
14406,8263.9303160584
14407,7132.206724924012
14408,6875.053024946641
14409,7910.035393918221
14410,6467.421918766275
14411,8452.809484323612
14412,8316.826361518224
14413,7651.487232272092
14414,8963.670289365626
14415,7302.007798115133
14416,8605.317708007498
14417,6819.4847199906635
14418,10359.140970777982
14419,7813.888921188283
14420,7531.843302167286
14421,7958.998253531281
14422,8387.323582091012
14423,9850.355818643779
14424,7170.390274556196
14425,6510.648108584229
14426,7508.124188165624
14427,7576.329362127228
14428,8390.939356367993
14429,6028.835400762498
14430,5751.45079771106
14431,9075.913956318967
14432,6873.798429184548
14433,7391.732434322652
14434,8828.913959159818
14435,7473.708346957402
14436,8009.466518212928
14437,5775.762323554478
14438,4735.07340981931
14439,8217.02604409598
14440,7337.698159244659
14441,8328.665461375125
14442,11496.488561852148
14443,9818.710170280008
14444,6022.6858806358205
14445,9410.03065550384
14446,5695.532316553378
14447,4381.329746990289
14448,7850.575121575207
14449,12819.408131361244
14450,9537.988945702695
14451,8865.427275797229
14452,6262.039496752446
14453,8265.50703044322
14454,11016.105062160283
14455,9196.79376929997
14456,9929.945055430717
14457,6192.933818586143
14458,5588.555177822861
14459,6088.381992936485
14460,6862.652819425043
14461,7308.595794904999
14462,6201.40774330091
14463,6762.474992530086
14464,5433.852226968534
14465,7280.432035522881
14466,9694.55475410958
14467,6808.308758014024
14468,7784.670186636719
14469,8112.469296457516
14470,6043.057400304358
14471,7067.070697021685
14472,9566.282937217931
14473,9316.847073470957
14474,7149.335106329275
14475,5347.182998513486
14476,15843.60803155899
14477,8485.58018180006
14478,6801.336946104672
14479,11247.917110027654
14480,10282.806871981511
14481,8615.37789150746
14482,7739.419831968826
14483,8095.071086300571
14484,11256.452645426485
14485,15869.27683057685
14486,7551.16275646387
14487,6079.021488714255
14488,6075.345036760951
14489,8115.02780395158
14490,7725.452221292361
14491,9814.188484191844
14492,10332.073247272601
14493,6972.608787289841
14494,5756.955598197347
14495,8218.50209858749
14496,8848.586731365485
14497,6179.5784212018325
14498,8359.410568314895
14499,5309.239441822831
14500,9038.928199165157
14501,10283.765791138216
14502,8488.787116833108
14503,9986.52079118178
14504,7478.822568377583
14505,5909.289340520501
14506,7308.538600512939
14507,9062.381410439559
14508,9063.546144425834
14509,8244.73331453253
14510,8153.093704512382
14511,8197.962880538917
14512,6226.703838106095
14513,10659.046936559682
14514,5808.683347433861
14515,11493.23984012826
14516,7586.4693660565235
14517,6157.906595123564
14518,8184.505600278616
14519,7407.949785267225
14520,8163.624821110907
14521,9619.257772584506
14522,5859.66966521966
14523,5591.866610725956
14524,8026.170081999793
14525,11048.565955584276
14526,9757.52037955038
14527,7194.148187788785
14528,8186.096633955271
14529,7894.483442303185
14530,7831.096105428567
14531,6829.275663054065
14532,11269.771632135687
14533,9729.818370200152
14534,13267.78099572305
14535,5657.887079383667
14536,6829.81163854663
14537,10609.904169137764
14538,9716.471283743122
14539,6462.023793862895
14540,11370.844793677423
14541,7557.062295324511
14542,6900.717286322458
14543,6605.737820580641
14544,7017.32366375992
14545,6418.595725346501
14546,7817.078058519358
14547,5859.196138277964
14548,6514.176912389532
14549,11784.573758265928
14550,7785.7759402020165
14551,22672.617197522788
14552,8221.015727237209
14553,7702.8996971937995
14554,10638.129822001849
14555,12455.02098598849
14556,9268.664571716074
14557,9905.831829152059
14558,8194.694617974765
14559,10664.306102046045
14560,10558.95612273308
14561,8198.27215480457
14562,7928.426460437782
14563,9723.898632802735
14564,9868.523101536328
14565,10513.364911809258
14566,10225.819847486786
14567,8701.47568788254
14568,7568.14965967481
14569,9977.600465858959
14570,13070.652295400385
14571,13943.353990390717
14572,13700.230317884607
14573,10335.66223131549
14574,9110.75836216363
14575,8362.469207819242
14576,7235.8109461527565
14577,10681.809063351633
14578,14291.633172788312
14579,11094.331533996947
14580,8864.755888940379
14581,8745.223169789668
14582,7397.483320281917
14583,9347.572735041811
14584,13127.956409176953
14585,9741.256762003244
14586,8209.917785530435
14587,9070.512813482648
14588,10181.875740608692
14589,6755.333886720757
14590,10181.830402153313
14591,7784.909610532745
14592,10585.8519759041
14593,9911.355601822503
14594,7833.192752420019
14595,9727.090980956355
14596,9959.194232289581
14597,8287.562019118695
14598,9545.845095052362
14599,9350.496967553136
14600,14837.825009800425
14601,8737.017682262202
14602,12099.623937551243
14603,10135.161621832853
14604,11757.02509045171
14605,9830.436649758813
14606,13022.343401683445
14607,8175.864368608229
14608,7550.234058394165
14609,9238.15626810468
14610,8400.832656233935
14611,12575.776126029103
14612,10317.840923480213
14613,8452.527344632841
14614,10225.998675055405
14615,8805.02662555259
14616,13316.508553433738
14617,6873.504446048662
14618,15852.775441874126
14619,8585.166312310857
14620,8713.100388060475
14621,10987.982663190549
14622,8616.301625768869
14623,8956.68052913811
14624,10444.375805735837
14625,9899.244864686121
14626,10112.548031830189
14627,8227.280865971885
14628,10421.26205684661
14629,10427.500666094844
14630,9688.065222417352
14631,7978.064846050165
14632,10028.441420155117
14633,14274.114972006944
14634,9091.277329443912
14635,6677.198450625495
14636,9662.294390624427
14637,8526.379912165505
14638,9133.894724370635
14639,9534.36493807995
14640,7040.910912650107
14641,9904.084025912915
14642,9076.821436457063
14643,9401.57764292911
14644,9243.790797664913
14645,7203.922596007369
14646,8815.05745490229
14647,9713.332677820057
14648,10345.298935725608
14649,11159.671376178416
14650,8232.154993571265
14651,7724.155184186597
14652,9795.022048107827
14653,9307.534210356322
14654,8420.520945045575
14655,9906.143736603204
14656,10272.725264744131
14657,10262.682528300571
14658,8966.638672192508
14659,7480.764014214718
14660,9555.338201307273
14661,11032.835194083698
14662,11109.459327539655
14663,11421.109217300704
14664,10920.882596804508
14665,9003.660439176916
14666,11129.726897749933
14667,9386.366939388556
14668,11120.95389249585
14669,11735.803098533608
14670,10487.664001120373
14671,12230.323842109381
14672,10376.467681904982
14673,11069.708632903043
14674,9173.374452623175
14675,10675.876786432338
14676,11214.02861296913
14677,9486.350698718037
14678,7349.8366689000295
14679,9056.303582875576
14680,10668.170167718967
14681,8849.217541540997
14682,8638.454326947773
14683,11364.01298851204
14684,9327.504194307992
14685,9196.414602757048
14686,8853.367174120027
14687,8334.363090766672
14688,10064.063694249551
14689,9838.998448871349
14690,9991.864673827356
14691,9035.40920777529
14692,8715.033801592843
14693,9330.216406311105
14694,6815.798200559745
14695,8800.314825441943
14696,7985.633619724042
14697,10684.362676085362
14698,9462.901595256857
14699,8522.363114496056
14700,12998.190486978574
14701,8897.270580844097
14702,10167.142005940786
14703,13331.307453946076
14704,9517.513374159838
14705,10116.95324554602
14706,10238.77039923591
14707,8156.8219233753625
14708,8194.14567623742
14709,8375.052006217313
14710,10442.362930330473
14711,14872.598569307198
14712,8528.126292366254
14713,6406.428277193117
14714,7604.22782855874
14715,10125.532273862884
14716,10425.943549151047
14717,9307.472951168578
14718,9842.971691834431
14719,7503.83287123285
14720,8381.096545426466
14721,5752.536796514352
14722,8130.247316974275
14723,8459.571801079926
14724,9978.73691931498
14725,9940.947231174794
14726,8891.76185663428
14727,10631.284015675976
14728,13539.06556320774
14729,10041.957019875357
14730,7855.359186652943
14731,12358.598575841832
14732,15593.533743917495
14733,8548.920161241012
14734,11339.391271991786
14735,7908.906812249532
14736,8742.653588692197
14737,7252.475238635493
14738,10866.691742899333
14739,8463.77056868508
14740,10792.553466326195
14741,9306.543255951856
14742,12043.705119607426
14743,11065.588380004076
14744,7890.4133467037655
14745,11603.129096906465
14746,21795.005670841016
14747,15301.461094378987
14748,9350.142762047572
14749,7216.368582677446
14750,9118.856385614667
14751,12922.025151321506
14752,9205.251656913944
14753,12451.785160404617
14754,19546.71171000539
14755,7568.2456300851045
14756,7673.773382272182
14757,10677.179019926896
14758,8225.835912005936
14759,14251.872166780731
14760,10634.707145976867
14761,10089.606360361659
14762,7000.579007015027
14763,9905.381222333086
14764,9296.431455220138
14765,9899.816472993887
14766,13525.715840895
14767,8850.724639219809
14768,8442.069964615055
14769,9886.1744880902
14770,8016.0931184561805
14771,7910.909639413221
14772,9942.405611310054
14773,8531.945298963145
14774,9276.320749526216
14775,10382.10107588782
14776,8623.559361241458
14777,8668.057047467917
14778,9708.748879308878
14779,9748.277253710754
14780,11097.247447977437
14781,9157.36309957539
14782,11393.968477245948
14783,8379.701595203642
14784,6622.454566879207
14785,10325.194412535147
14786,9674.17547271424
14787,9010.119647491352
14788,7658.96536071665
14789,12461.645429147813
14790,10059.994205848903
14791,9937.367078461748
14792,9903.05248578038
14793,8962.13693331872
14794,8018.3139402930055
14795,6988.313156156867
14796,13268.130812929276
14797,8413.627655252349
14798,9974.105516525804
14799,18658.666111160695
14800,10028.467859782388
14801,9667.149889864486
14802,8218.342812848743
14803,8012.3093306014225
14804,10108.931571026102
14805,7280.2403599035815
14806,8035.769151434091
14807,11931.791065232164
14808,8061.462654615551
14809,20181.83682839751
14810,16930.37190387367
14811,7726.238187085935
14812,10123.463922142473
14813,8866.255885449942
14814,9472.75765886302
14815,8858.136237213552
14816,12479.91865494857
14817,9418.384926368437
14818,12373.179595507492
14819,10060.088875693042
14820,9867.086237492369
14821,8796.15548243984
14822,11971.633031469084
14823,10319.155714863335
14824,9067.554280811828
14825,8838.211118014304
14826,7985.058747777001
14827,11692.767779101563
14828,11340.025938969176
14829,9115.449709082875
14830,13339.265178615773
14831,9487.118902229957
14832,12412.966499726977
14833,7569.324812319548
14834,8381.21440304211
14835,8935.649766828345
14836,14483.354772177363
14837,9427.731655435966
14838,10412.51344912799
14839,10034.878718527192
14840,11095.389825692244
14841,8631.020383105077
14842,11256.408530859311
14843,9642.919112426493
14844,7724.08976595375
14845,17351.7596295452
14846,19729.34059360719
14847,10340.694804744022
14848,10546.969454270149
14849,12225.990498899966
14850,14100.918734955661
14851,13006.7326191591
14852,9657.354786950842
14853,10691.552408324169
14854,8764.907821723402
14855,11067.74618118392
14856,6966.553578629228
14857,9872.351682520477
14858,8946.755141255062
14859,8689.933312807205
14860,10193.022638838365
14861,8979.419668892904
14862,8361.663746774555
14863,10164.476334467992
14864,6897.842940824149
14865,7667.610268987404
14866,9395.207524247116
14867,10137.622766241338
14868,11374.858015341724
14869,11671.918941958087
14870,10362.522943859247
14871,9726.890772295432
14872,9411.618968260727
14873,12877.532655660842
14874,9543.34766918061
14875,8105.9883391398425
14876,9537.584944866909
14877,10666.631223999406
14878,7326.177485861801
14879,10340.669469726437
14880,6562.18808243868
14881,8352.841111528753
14882,12606.833728861548
14883,8357.535971724314
14884,8731.457694339511
14885,10702.753637004664
14886,11402.780849652769
14887,14237.788380433674
14888,8683.852175041855
14889,11663.173351257157
14890,6673.097876237156
14891,8241.559940095907
14892,8832.698738101948
14893,7529.350431019541
14894,10621.33175240221
14895,8622.118686432894
14896,8533.394110837735
14897,10624.970337259236
14898,15173.069377622965
14899,10958.881099968294
14900,8767.244971111704
14901,8216.626967640805
14902,10143.0511109332
14903,10352.27184816814
14904,10023.000112734564
14905,8555.727424592465
14906,9619.691243792679
14907,14353.392091197722
14908,8366.679094374098
14909,9647.425811817495
14910,9996.475028196639
14911,10698.787959739499
14912,15748.492804476402
14913,8482.593591331513
14914,16547.833813838053
14915,9591.337198431327
14916,7846.797701662672
14917,6738.399475799614
14918,9863.058091804352
14919,10095.105796379377
14920,8189.973735442819
14921,9028.925753105914
14922,8715.608155806307
14923,7760.792154166791
14924,9480.661040258934
14925,7802.12521460484
14926,10366.773759434893
14927,10262.557265462015
14928,10552.07047501038
14929,11719.284152649529
14930,8478.024991113469
14931,10834.451520184342
14932,8264.244520406472
14933,9816.066077433083
14934,8610.829190691415
14935,8841.98536691794
14936,14710.69135927022
14937,9382.75227325649
14938,7798.723567161168
14939,9721.211174611995
14940,11233.634322175398
14941,10209.319833279269
14942,9651.811533198983
14943,10457.027698067131
14944,8285.458629232378
14945,7987.573002431414
14946,9421.766796613714
14947,11642.37776204719
14948,9869.34907450166
14949,9650.290495570838
14950,9197.339910249519
14951,8480.130704148858
14952,7436.342918247779
14953,8939.580009254023
14954,10746.624111525949
14955,10944.82627889552
14956,12370.872435968933
14957,15274.117126182073
14958,10324.66901743665
14959,7704.099796660322
14960,8259.04255968889
14961,12759.20753202352
14962,11758.309392016918
14963,10524.860722470428
14964,10752.520931509542
14965,11663.1446570078
14966,9262.061558495556
14967,7981.205159689523
14968,12655.394601975786
14969,9393.872854570143
14970,9761.623171072037
14971,9641.280427921445
14972,6723.811680994046
14973,13316.002994670302
14974,9815.05634280963
14975,8655.367432425428
14976,7049.08274811302
14977,8379.471933930936
14978,8716.616725790436
14979,12509.428735078922
14980,9521.516972597834
14981,7111.575092707391
14982,8198.9434201135
14983,7822.561162966433
14984,6483.411349737669
14985,9910.100095975122
14986,19224.86046482109
14987,7830.880401324275
14988,7786.191560614241
14989,9798.333362976584
14990,7766.02997015637
14991,7994.919211640717
14992,8466.309372102729
14993,7645.082933140996
14994,10076.108423425927
14995,9685.716983904296
14996,7334.0667154111825
14997,11266.766150664878
14998,9025.32785543777
14999,8006.13731496218
15000,10448.263631755008
15001,10653.210740001052
15002,12280.807841202854
15003,8781.313338602165
15004,10163.50194472883
15005,9022.956090331067
15006,9852.533088645912
15007,15905.803455125013
15008,14155.3373367004
15009,8816.442135817784
15010,7474.914846272633
15011,8158.43280758024
15012,8672.33230621756
15013,7370.834110023174
15014,12097.54993095888
15015,9675.443893193684
15016,8419.150419081452
15017,11753.302267310468
15018,7727.520087964618
15019,9016.929432403234
15020,11588.286868596932
15021,10543.07753886202
15022,9945.219172915888
15023,7506.938617856981
15024,8547.692978797924
15025,9584.163564308994
15026,12665.669637040939
15027,11012.024889516413
15028,9384.43702552528
15029,7594.837247865047
15030,8933.591451573944
15031,8865.675358975494
15032,6934.752872305188
15033,9808.298962627188
15034,9589.611145994555
15035,8876.833952352614
15036,9520.003736435057
15037,9385.715767403331
15038,9707.093947795407
15039,8935.9028712629
15040,9154.580425526812
15041,12137.702101314673
15042,9658.843710563153
15043,11502.35223877468
15044,9405.252160428372
15045,8018.0613932273745
15046,14001.65462740218
15047,7878.027836280861
15048,6608.43865804117
15049,11663.486809886557
15050,11289.524130049334
15051,14482.101045036577
15052,7940.412548090138
15053,8716.96398113316
15054,8833.60647310855
15055,10415.738769859116
15056,8592.43037098291
15057,10612.27158279009
15058,6117.710056996023
15059,9587.15476572289
15060,8992.877777222078
15061,8697.617700845814
15062,7770.351174506514
15063,9637.350564732978
15064,11692.8814648854
15065,8296.787427701162
15066,13091.491994898191
15067,10271.005969679618
15068,10831.275998274752
15069,8306.8164104272
15070,9462.606823179776
15071,8212.851756600712
15072,14227.238903300022
15073,10331.57313072726
15074,7255.681126214215
15075,9766.18182177699
15076,10683.514763069503
15077,9700.53108443981
15078,8178.844883373464
15079,6731.407815594559
15080,11088.383641758564
15081,9036.71131914308
15082,11341.569661007727
15083,10259.336466165909
15084,8540.593205636906
15085,11305.856092701286
15086,10278.46307340147
15087,10626.917319889151
15088,10192.089520711446
15089,8790.915293440596
15090,10429.866143075182
15091,12885.479188554611
15092,11537.496131299646
15093,7857.450632318519
15094,8962.946896805253
15095,7407.828062307535
15096,6551.3569723769915
15097,11338.404313590023
15098,7769.428085865074
15099,11836.69596410162
15100,7624.689581624289
15101,10983.259154677435
15102,9320.104109741827
15103,12825.145582604697
15104,8414.367937628132
15105,10596.740520052255
15106,9087.682041590393
15107,10110.843641500449
15108,7982.362745878167
15109,10252.838743231896
15110,10776.636708197462
15111,12905.063779947825
15112,9779.45880443738
15113,9800.946543560489
15114,8370.958039730593
15115,7252.435403936228
15116,8501.488881692698
15117,13537.292537822535
15118,12225.72758184712
15119,8335.19122221778
15120,16010.649227484872
15121,9508.462343298883
15122,8317.119712464519
15123,9525.976686564356
15124,10601.956097293225
15125,15833.688507597282
15126,9979.635260809484
15127,10532.55141551637
15128,10573.438892262595
15129,9664.673637818169
15130,10180.891247337935
15131,8163.675381908647
15132,8076.284834485321
15133,8021.725648770974
15134,7489.921502150144
15135,8167.579741793019
15136,11605.387626072725
15137,19925.294742720704
15138,9414.78065026697
15139,8200.777345528826
15140,10510.659503822428
15141,7662.746999592975
15142,9254.867880528653
15143,6278.878693871869
15144,12347.500777015803
15145,8661.588116891653
15146,9091.65413979576
15147,17212.653295554548
15148,14148.908397028279
15149,9610.40800255163
15150,9667.122271269378
15151,6044.228267808471
15152,8910.952131585063
15153,7839.018430601818
15154,12690.485206577183
15155,8055.496477906673
15156,8149.651468119887
15157,8788.623304007173
15158,9221.491377463117
15159,9141.36131593547
15160,9693.974985978037
15161,6326.892839916614
15162,10292.858439531654
15163,10624.083649690214
15164,10880.440955701933
15165,8303.22580415087
15166,7601.99587633908
15167,10248.57738461086
15168,7120.878608473575
15169,12108.10829032836
15170,8436.263795052946
15171,8291.304501995557
15172,10487.676724068311
15173,8819.031136324742
15174,7859.792346480251
15175,9293.85836233877
15176,9867.457188758463
15177,12468.051019175755
15178,12974.093997217076
15179,8889.814628277014
15180,7566.524795722874
15181,9008.943248621033
15182,8834.96549283086
15183,7989.3038283432315
15184,10282.69633571247
15185,8382.93039534666
15186,12694.21497941681
15187,10814.519773938839
15188,8827.88299958437
15189,9980.323799020563
15190,8809.633608132182
15191,11614.049754036518
15192,9074.777551641824
15193,16299.952355453246
15194,9318.293476956687
15195,9265.016052853613
15196,8861.532300036426
15197,7154.015783542061
15198,10260.983320215548
15199,21764.796248760536
15200,6593.759139837047
15201,7065.413081042404
15202,12799.578296478929
15203,10206.398622481274
15204,9705.15493422041
15205,10442.731140704276
15206,8854.478306212688
15207,7872.761108755443
15208,7206.003295950352
15209,11499.255539857963
15210,8709.525474988806
15211,9021.806866470566
15212,9315.886580837441
15213,7973.533537773014
15214,10346.727587670031
15215,9128.236079985043
15216,7097.363446905137
15217,11801.038150092423
15218,11088.66542543194
15219,7336.607339576389
15220,10126.606223000414
15221,9527.050228843409
15222,7158.253064942918
15223,11438.311361876604
15224,8808.68157992429
15225,10217.311508294508
15226,7891.113839847632
15227,8819.243656651368
15228,8752.468012217943
15229,7636.606811733949
15230,10303.491577877028
15231,7530.630452416995
15232,8642.468926403228
15233,7822.2541689807285
15234,8746.596580635985
15235,8821.337297708733
15236,9218.524822094076
15237,10569.645085148411
15238,9995.431329949939
15239,9510.838250129898
15240,9309.98505433571
15241,9985.67629754009
15242,11547.026273461031
15243,11464.512287312624
15244,9963.679669729769
15245,7416.2379979123825
15246,8485.903743645034
15247,9323.501224170896
15248,7854.973008467562
15249,13629.2471796701
15250,9376.52215649574
15251,10502.478324019137
15252,13750.035869461131
15253,9419.909628275898
15254,7531.537678456912
15255,15727.500885870917
15256,12301.737779692761
15257,8371.331636678728
15258,11470.654540300304
15259,12326.72445056141
15260,8993.99503149824
15261,8831.489902597565
15262,9815.845408928306
15263,8868.474882663904
15264,8562.927439484767
15265,9492.2006068702
15266,7857.999120536065
15267,10351.900582929578
15268,9891.409649870573
15269,9243.18045167182
15270,10854.899694624954
15271,8736.88451520268
15272,9772.696563510395
15273,8294.948740401118
15274,11801.18205751734
15275,9351.525983878217
15276,8532.5462213854
15277,9241.914916825019
15278,10136.971918574327
15279,11692.35483649793
15280,8804.155317372411
15281,8194.638038989871
15282,9255.123615409497
15283,9026.64700041014
15284,10176.099117321492
15285,7372.135273717632
15286,7368.581269682232
15287,10914.489135985983
15288,8278.718432693384
15289,8982.653707648627
15290,10557.0096758835
15291,8983.351854589057
15292,9579.04235528214
15293,7483.328838806008
15294,6357.677891270629
15295,9717.761220725024
15296,8830.806197304628
15297,9956.684812258487
15298,13450.21083832054
15299,11757.458677089948
15300,7397.986838091423
15301,11001.43146861469
15302,7476.539133570205
15303,6047.692008250212
15304,10096.89856330661
15305,14309.572527719974
15306,10960.081949671923
15307,10460.132768444208
15308,7968.875649335382
15309,9881.731597938668
15310,12358.156870023755
15311,11072.822525478174
15312,11784.582222995496
15313,7851.069417750389
15314,7254.401936127138
15315,7846.169225524871
15316,8271.564068395626
15317,8765.521987531829
15318,7820.124689831317
15319,8443.382192638766
15320,7080.59161294939
15321,8741.544441253309
15322,11051.901759375616
15323,8643.315357183948
15324,9379.375679283668
15325,9695.272205291316
15326,8147.501424795944
15327,8245.599454481857
15328,11125.434631902688
15329,11008.304848431133
15330,8775.79793866162
15331,7005.318597677731
15332,17730.44914286377
15333,10115.847484025868
15334,8335.45418170578
15335,13359.074823471557
15336,11766.788601412758
15337,10436.870417037684
15338,8876.292591856745
15339,9859.288325120564
15340,13018.571566398301
15341,18550.164705923384
15342,9024.392457093432
15343,7828.622252209954
15344,7743.162564815777
15345,9936.225099552015
15346,9256.410721303235
15347,11134.782871298416
15348,11385.558015961507
15349,8899.524245828488
15350,7537.953278073468
15351,9767.839565961387
15352,10496.539667668025
15353,7808.21320714864
15354,10361.069727058168
15355,6703.492595288042
15356,10788.01532695116
15357,11633.090991529685
15358,10185.637698734217
15359,11620.452282975668
15360,9095.806438312691
15361,7746.318021476451
15362,8707.981943530927
15363,10816.2841433906
15364,10576.519592647479
15365,9937.379602219178
15366,9640.73093800232
15367,9658.283015175813
15368,7541.235903542188
15369,12067.661751203439
15370,7582.738258790525
15371,13082.688928585427
15372,8718.112475786485
15373,7966.810298242471
15374,9899.403636461533
15375,9015.540617379607
15376,9828.745511715182
15377,11318.23843370403
15378,7801.5385648723595
15379,7247.1261891015565
15380,10039.308366866915
15381,12457.82071388821
15382,11563.986204993445
15383,8904.566180604239
15384,9623.78956044698
15385,9336.0639037158
15386,9293.492979946672
15387,8300.000478748068
15388,13012.719981443102
15389,11201.756933123062
15390,14401.065181477261
15391,7598.275217391883
15392,8631.856514541587
15393,11083.112665582608
15394,11431.377513918671
15395,8019.644393644453
15396,13538.312731753913
15397,9501.044377294827
15398,8920.066574118906
15399,8216.570674243261
15400,9207.986248834375
15401,8166.257628018318
15402,9903.911986959953
15403,7976.843839241133
15404,8306.253375027361
15405,14370.171389902896
15406,8499.762688401232
15407,22880.465423282916
15408,10066.33059586448
15409,0.0
15410,0.0
15411,0.0
15412,0.0
15413,0.0
15414,0.0
15415,0.0
15416,0.0
15417,0.0
15418,0.0
15419,0.0
15420,0.0
15421,0.0
15422,0.0
15423,0.0
15424,0.0
15425,0.0
15426,0.0
15427,0.0
15428,0.0
15429,0.0
15430,0.0
15431,0.0
15432,0.0
15433,0.0
15434,0.0
15435,0.0
15436,0.0
15437,0.0
15438,0.0
15439,0.0
15440,0.0
15441,0.0
15442,0.0
15443,0.0
15444,0.0
15445,0.0
15446,0.0
15447,0.0
15448,0.0
15449,0.0
15450,0.0
15451,0.0
15452,0.0
15453,0.0
15454,0.0
15455,0.0
15456,0.0
15457,0.0
15458,0.0
15459,0.0
15460,0.0
15461,0.0
15462,0.0
15463,0.0
15464,0.0
15465,0.0
15466,0.0
15467,0.0
15468,0.0
15469,0.0
15470,0.0
15471,0.0
15472,0.0
15473,0.0
15474,0.0
15475,0.0
15476,0.0
15477,0.0
15478,0.0
15479,0.0
15480,0.0
15481,0.0
15482,0.0
15483,0.0
15484,0.0
15485,0.0
15486,0.0
15487,0.0
15488,0.0
15489,0.0
15490,0.0
15491,0.0
15492,0.0
15493,0.0
15494,0.0
15495,0.0
15496,0.0
15497,0.0
15498,0.0
15499,0.0
15500,2979.7137347026837
15501,0.0
15502,0.0
15503,0.0
15504,0.0
15505,0.0
15506,0.0
15507,0.0
15508,0.0
15509,0.0
15510,0.0
15511,0.0
15512,0.0
15513,0.0
15514,0.0
15515,0.0
15516,0.0
15517,0.0
15518,0.0
15519,0.0
15520,0.0
15521,0.0
15522,0.0
15523,0.0
15524,0.0
15525,0.0
15526,0.0
15527,0.0
15528,0.0
15529,0.0
15530,0.0
15531,0.0
15532,0.0
15533,0.0
15534,0.0
15535,0.0
15536,0.0
15537,0.0
15538,0.0
15539,0.0
15540,0.0
15541,0.0
15542,0.0
15543,0.0
15544,0.0
15545,0.0
15546,0.0
15547,0.0
15548,0.0
15549,0.0
15550,0.0
15551,0.0
15552,0.0
15553,0.0
15554,0.0
15555,0.0
15556,0.0
15557,0.0
15558,0.0
15559,0.0
15560,0.0
15561,0.0
15562,0.0
15563,0.0
15564,0.0
15565,0.0
15566,0.0
15567,0.0
15568,2930.601674710275
15569,0.0
15570,0.0
15571,0.0
15572,0.0
15573,0.0
15574,0.0
15575,0.0
15576,0.0
15577,0.0
15578,0.0
15579,0.0
15580,0.0
15581,0.0
15582,0.0
15583,0.0
15584,0.0
15585,0.0
15586,0.0
15587,0.0
15588,0.0
15589,0.0
15590,0.0
15591,0.0
15592,0.0
15593,0.0
15594,0.0
15595,0.0
15596,0.0
15597,0.0
15598,0.0
15599,0.0
15600,0.0
15601,0.0
15602,0.0
15603,0.0
15604,0.0
15605,0.0
15606,0.0
15607,0.0
15608,0.0
15609,13688.285622260033
15610,26700.067505013023
15611,0.0
15612,0.0
15613,0.0
15614,0.0
15615,0.0
15616,0.0
15617,0.0
15618,6425.0304597938675
15619,0.0
15620,0.0
15621,0.0
15622,0.0
15623,0.0
15624,0.0
15625,0.0
15626,0.0
15627,0.0
15628,0.0
15629,0.0
15630,0.0
15631,0.0
15632,0.0
15633,0.0
15634,0.0
15635,0.0
15636,0.0
15637,4527.5010424008115
15638,0.0
15639,0.0
15640,0.0
15641,0.0
15642,0.0
15643,0.0
15644,0.0
15645,0.0
15646,0.0
15647,3484.8877114942006
15648,0.0
15649,0.0
15650,0.0
15651,0.0
15652,0.0
15653,0.0
15654,0.0
15655,0.0
15656,0.0
15657,0.0
15658,0.0
15659,0.0
15660,0.0
15661,0.0
15662,0.0
15663,0.0
15664,0.0
15665,8261.57346702107
15666,0.0
15667,0.0
15668,0.0
15669,0.0
15670,0.0
15671,0.0
15672,0.0
15673,0.0
15674,0.0
15675,0.0
15676,0.0
15677,0.0
15678,0.0
15679,0.0
15680,0.0
15681,0.0
15682,6704.863472049438
15683,0.0
15684,0.0
15685,0.0
15686,0.0
15687,0.0
15688,0.0
15689,0.0
15690,0.0
15691,0.0
15692,0.0
15693,0.0
15694,0.0
15695,0.0
15696,0.0
15697,0.0
15698,0.0
15699,0.0
15700,0.0
15701,0.0
15702,0.0
15703,0.0
15704,0.0
15705,0.0
15706,0.0
15707,0.0
15708,0.0
15709,0.0
15710,0.0
15711,0.0
15712,0.0
15713,0.0
15714,0.0
15715,0.0
15716,0.0
15717,0.0
15718,0.0
15719,0.0
15720,0.0
15721,0.0
15722,0.0
15723,0.0
15724,0.0
15725,0.0
15726,0.0
15727,0.0
15728,0.0
15729,0.0
15730,0.0
15731,0.0
15732,0.0
15733,0.0
15734,0.0
15735,0.0
15736,0.0
15737,0.0
15738,0.0
15739,0.0
15740,0.0
15741,0.0
15742,0.0
15743,0.0
15744,1966.883282406434
15745,0.0
15746,0.0
15747,0.0
15748,0.0
15749,0.0
15750,0.0
15751,0.0
15752,0.0
15753,0.0
15754,0.0
15755,0.0
15756,0.0
15757,0.0
15758,4050.155948332264
15759,0.0
15760,0.0
15761,0.0
15762,0.0
15763,0.0
15764,0.0
15765,0.0
15766,0.0
15767,0.0
15768,0.0
15769,0.0
15770,0.0
15771,0.0
15772,0.0
15773,0.0
15774,0.0
15775,0.0
15776,0.0
15777,0.0
15778,0.0
15779,0.0
15780,0.0
15781,0.0
15782,0.0
15783,0.0
15784,0.0
15785,0.0
15786,0.0
15787,0.0
15788,0.0
15789,0.0
15790,0.0
15791,0.0
15792,0.0
15793,0.0
15794,0.0
15795,0.0
15796,0.0
15797,0.0
15798,0.0
15799,0.0
15800,0.0
15801,6275.517268886568
15802,0.0
15803,0.0
15804,0.0
15805,0.0
15806,0.0
15807,0.0
15808,0.0
15809,0.0
15810,0.0
15811,2854.2549102395196
15812,0.0
15813,0.0
15814,0.0
15815,3018.3285735140676
15816,0.0
15817,0.0
15818,0.0
15819,0.0
15820,0.0
15821,0.0
15822,0.0
15823,0.0
15824,0.0
15825,0.0
15826,0.0
15827,0.0
15828,0.0
15829,0.0
15830,0.0
15831,0.0
15832,0.0
15833,0.0
15834,0.0
15835,0.0
15836,0.0
15837,0.0
15838,0.0
15839,0.0
15840,0.0
15841,0.0
15842,18065.92242276562
15843,0.0
15844,0.0
15845,0.0
15846,0.0
15847,0.0
15848,0.0
15849,0.0
15850,0.0
15851,0.0
15852,0.0
15853,0.0
15854,0.0
15855,0.0
15856,5834.319570531154
15857,0.0
15858,0.0
15859,0.0
15860,0.0
15861,0.0
15862,0.0
15863,0.0
15864,0.0
15865,0.0
15866,0.0
15867,0.0
15868,0.0
15869,0.0
15870,0.0
15871,0.0
15872,0.0
15873,0.0
15874,0.0
15875,0.0
15876,0.0
15877,0.0
15878,0.0
15879,0.0
15880,0.0
15881,0.0
15882,0.0
15883,0.0
15884,0.0
15885,0.0
15886,0.0
15887,0.0
15888,0.0
15889,0.0
15890,0.0
15891,0.0
15892,0.0
15893,0.0
15894,0.0
15895,0.0
15896,0.0
15897,0.0
15898,0.0
15899,0.0
15900,0.0
15901,0.0
15902,0.0
15903,0.0
15904,0.0
15905,0.0
15906,0.0
15907,0.0
15908,0.0
15909,0.0
15910,0.0
15911,0.0
15912,0.0
15913,0.0
15914,0.0
15915,0.0
15916,0.0
15917,0.0
15918,0.0
15919,0.0
15920,0.0
15921,0.0
15922,0.0
15923,0.0
15924,0.0
15925,0.0
15926,0.0
15927,0.0
15928,0.0
15929,0.0
15930,0.0
15931,10696.016893848506
15932,0.0
15933,0.0
15934,0.0
15935,0.0
15936,0.0
15937,0.0
15938,0.0
15939,0.0
15940,0.0
15941,0.0
15942,0.0
15943,0.0
15944,0.0
15945,0.0
15946,0.0
15947,0.0
15948,0.0
15949,0.0
15950,0.0
15951,0.0
15952,0.0
15953,0.0
15954,0.0
15955,0.0
15956,0.0
15957,0.0
15958,0.0
15959,0.0
15960,0.0
15961,0.0
15962,0.0
15963,0.0
15964,0.0
15965,0.0
15966,0.0
15967,0.0
15968,0.0
15969,0.0
15970,0.0
15971,0.0
15972,0.0
15973,0.0
15974,0.0
15975,2904.533099430903
15976,16331.65977839172
15977,0.0
15978,0.0
15979,0.0
15980,0.0
15981,0.0
15982,0.0
15983,0.0
15984,0.0
15985,0.0
15986,0.0
15987,0.0
15988,0.0
15989,0.0
15990,0.0
15991,0.0
15992,0.0
15993,0.0
15994,0.0
15995,0.0
15996,0.0
15997,0.0
15998,0.0
15999,0.0
16000,0.0
16001,0.0
16002,0.0
16003,0.0
16004,12101.488269244666
16005,0.0
16006,0.0
16007,0.0
16008,0.0
16009,0.0
16010,0.0
16011,0.0
16012,0.0
16013,0.0
16014,0.0
16015,0.0
16016,0.0
16017,0.0
16018,0.0
16019,0.0
16020,0.0
16021,0.0
16022,0.0
16023,0.0
16024,0.0
16025,0.0
16026,0.0
16027,0.0
16028,0.0
16029,0.0
16030,0.0
16031,0.0
16032,0.0
16033,0.0
16034,0.0
16035,0.0
16036,0.0
16037,0.0
16038,0.0
16039,0.0
16040,0.0
16041,0.0
16042,0.0
16043,0.0
16044,0.0
16045,0.0
16046,0.0
16047,0.0
16048,0.0
16049,0.0
16050,0.0
16051,0.0
16052,0.0
16053,0.0
16054,0.0
16055,0.0
16056,0.0
16057,0.0
16058,0.0
16059,0.0
16060,0.0
16061,0.0
16062,0.0
16063,0.0
16064,0.0
16065,0.0
16066,0.0
16067,0.0
16068,0.0
16069,0.0
16070,0.0
16071,0.0
16072,0.0
16073,0.0
16074,2928.7083278367245
16075,0.0
16076,0.0
16077,0.0
16078,2369.3058238956028
16079,0.0
16080,0.0
16081,0.0
16082,0.0
16083,0.0
16084,0.0
16085,0.0
16086,0.0
16087,0.0
16088,0.0
16089,0.0
16090,0.0
16091,0.0
16092,0.0
16093,0.0
16094,0.0
16095,0.0
16096,0.0
16097,0.0
16098,0.0
16099,0.0
16100,0.0
16101,0.0
16102,0.0
16103,0.0
16104,0.0
16105,0.0
16106,0.0
16107,0.0
16108,0.0
16109,0.0
16110,0.0
16111,0.0
16112,0.0
16113,0.0
16114,0.0
16115,0.0
16116,0.0
16117,0.0
16118,0.0
16119,0.0
16120,0.0
16121,0.0
16122,0.0
16123,0.0
16124,0.0
16125,0.0
16126,0.0
16127,0.0
16128,0.0
16129,2619.4439828896207
16130,0.0
16131,0.0
16132,0.0
16133,0.0
16134,0.0
16135,0.0
16136,0.0
16137,0.0
16138,0.0
16139,0.0
16140,0.0
16141,0.0
16142,0.0
16143,0.0
16144,9137.924978079021
16145,0.0
16146,0.0
16147,0.0
16148,0.0
16149,0.0
16150,0.0
16151,0.0
16152,0.0
16153,0.0
16154,0.0
16155,0.0
16156,0.0
16157,0.0
16158,0.0
16159,0.0
16160,0.0
16161,0.0
16162,0.0
16163,0.0
16164,0.0
16165,0.0
16166,0.0
16167,0.0
16168,0.0
16169,0.0
16170,0.0
16171,0.0
16172,0.0
16173,0.0
16174,0.0
16175,0.0
16176,0.0
16177,0.0
16178,0.0
16179,0.0
16180,0.0
16181,0.0
16182,0.0
16183,0.0
16184,0.0
16185,0.0
16186,0.0
16187,0.0
16188,0.0
16189,0.0
16190,0.0
16191,0.0
16192,0.0
16193,0.0
16194,0.0
16195,0.0
16196,0.0
16197,0.0
16198,0.0
16199,0.0
16200,0.0
16201,0.0
16202,0.0
16203,0.0
16204,0.0
16205,0.0
16206,0.0
16207,0.0
16208,3390.568062733415
16209,0.0
16210,0.0
16211,0.0
16212,0.0
16213,0.0
16214,0.0
16215,0.0
16216,0.0
16217,0.0
16218,0.0
16219,0.0
16220,0.0
16221,0.0
16222,0.0
16223,0.0
16224,0.0
16225,0.0
16226,0.0
16227,0.0
16228,0.0
16229,0.0
16230,0.0
16231,0.0
16232,0.0
16233,0.0
16234,0.0
16235,0.0
16236,0.0
16237,0.0
16238,0.0
16239,0.0
16240,0.0
16241,0.0
16242,0.0
16243,0.0
16244,0.0
16245,0.0
16246,0.0
16247,0.0
16248,0.0
16249,12401.435000990778
16250,4938.897618391044
16251,0.0
16252,0.0
16253,0.0
16254,0.0
16255,0.0
16256,0.0
16257,0.0
16258,0.0
16259,0.0
16260,0.0
16261,0.0
16262,0.0
16263,0.0
16264,0.0
16265,4747.2568368019265
16266,4203.395454159895
16267,6059.590155935106
16268,3929.3694146780226
16269,5897.093110658201
16270,3859.2590956577733
16271,6194.797117275356
16272,6100.28228627475
16273,4210.083433477638
16274,3394.795854735581
16275,6708.106330472759
16276,5617.259329782524
16277,5115.719923758417
16278,6040.98111325482
16279,4927.646380949535
16280,3175.0181891271704
16281,6140.023516922089
16282,7856.344535506902
16283,8768.26252136333
16284,7700.583782819151
16285,6936.798412404215
16286,4019.836074883062
16287,5981.899550944294
16288,2505.0724854396235
16289,7169.050788822746
16290,8942.694734935247
16291,7627.478192067941
16292,5470.836454818253
16293,3571.9159412597087
16294,4110.738066459796
16295,6200.68308797206
16296,8121.876940802346
16297,5876.492680121639
16298,4910.610241288494
16299,5440.108787495619
16300,6327.359490094408
16301,2840.6248438117
16302,7126.2715785689325
16303,4436.10175387474
16304,6714.218166084036
16305,6305.639213951573
16306,3940.2799932929606
16307,6749.857527532575
16308,5263.553752507125
16309,4506.064401195242
16310,4486.0001693829145
16311,6339.9580279425045
16312,10488.104723476177
16313,5721.731529354707
16314,6092.351134523547
16315,7339.648821216387
16316,7994.503928524253
16317,6209.459714856968
16318,6560.664498166292
16319,2780.5555425799707
16320,3421.161768867258
16321,5110.113922033546
16322,5888.7366570158465
16323,8532.057057173926
16324,6964.9149931059665
16325,3837.490986774161
16326,6953.653318206219
16327,4969.122810974079
16328,6368.522879593169
16329,3221.011505597304
16330,10582.08935172202
16331,4119.18589203278
16332,4209.348511837759
16333,6855.918547891535
16334,5239.21175127127
16335,5421.497353880843
16336,4238.899637639173
16337,5774.129203148762
16338,5454.494189786782
16339,5688.632458041632
16340,7336.931510057077
16341,7694.054381510133
16342,5452.344466333307
16343,3859.384171305361
16344,6562.221556164121
16345,11954.853617423678
16346,5362.200902753807
16347,3054.52298428113
16348,6560.60855381084
16349,5152.413358139911
16350,6140.973581728753
16351,7308.6190617393895
16352,2807.0196662405588
16353,6986.650124130166
16354,5023.641007733855
16355,5685.440485139782
16356,5626.314834525034
16357,3609.49715381903
16358,5725.338446074448
16359,5651.675848455219
16360,6995.944947988676
16361,6727.206972276849
16362,4294.919002121298
16363,4836.378476814366
16364,6476.279173807683
16365,5853.058707176465
16366,4325.022882807067
16367,5428.979019432705
16368,5249.918803328237
16369,5820.901246287786
16370,5753.191512384487
16371,3381.896112795584
16372,6049.253632654386
16373,5660.996967372402
16374,6282.98416585733
16375,8010.971304147572
16376,7604.100076467036
16377,5464.934601437298
16378,7434.051530095379
16379,4641.860130564758
16380,4083.278319585171
16381,7751.949364506899
16382,6581.898711361904
16383,7465.069252601137
16384,8734.191114127381
16385,7430.740042699208
16386,5745.243835219486
16387,6134.773986244709
16388,7441.6364769807
16389,4071.296258515509
16390,2591.535259366081
16391,5800.549560798357
16392,5192.186571388816
16393,5420.459189131706
16394,3804.138295167076
16395,6289.385010706624
16396,5488.541429610756
16397,5312.6784573652585
16398,5608.00401662231
16399,3539.3725970053288
16400,6029.125758305803
16401,6879.955400673495
16402,4469.374050624621
16403,5739.43368427312
16404,3555.113679362705
16405,6447.157332726278
16406,3274.7820525762204
16407,4372.3348719402675
16408,4555.086707072705
16409,7405.205427859019
16410,4640.99214923682
16411,4601.555991091201
16412,10490.529725349088
16413,4757.62522759658
16414,5848.555345546284
16415,9981.143042036263
16416,6499.303009607157
16417,6947.962405141444
16418,6194.451891841881
16419,5775.301144586287
16420,5276.100556921958
16421,3720.6669641401213
16422,5863.28758730272
16423,7645.6012381543715
16424,4701.532687514902
16425,3186.413427398563
16426,2994.348521530537
16427,7093.01244021464
16428,7703.88535626888
16429,5617.304701733072
16430,6049.006355504397
16431,4937.898089349978
16432,3854.372291596701
16433,2370.078625931137
16434,3523.2719544132487
16435,5433.338212088874
16436,7037.867133660906
16437,5821.432940302095
16438,4882.488837028643
16439,8539.917280938382
16440,7783.453663817654
16441,7279.65858566579
16442,4896.492831040593
16443,7692.321582746721
16444,9330.997486745284
16445,4109.91217193585
16446,6183.866316037231
16447,5143.373428629146
16448,6147.298994674283
16449,3475.032117622651
16450,5718.478330662767
16451,4889.668235780059
16452,7626.663130532682
16453,6229.120346340209
16454,7369.274335890709
16455,7100.947101699956
16456,5196.96191067728
16457,7419.071524063384
16458,18136.13022697682
16459,9272.567794813565
16460,4880.591699788213
16461,3372.092700937362
16462,6897.074663783528
16463,7655.082541885231
16464,4004.9255407079445
16465,10091.95863177875
16466,16578.753774142784
16467,4114.734566712866
16468,3767.8334069417083
16469,9368.540595920154
16470,3882.2887716175255
16471,7288.700721994541
16472,3958.627769876437
16473,5418.147844570276
16474,4127.632126298081
16475,5494.525034136041
16476,6110.239945161659
16477,5291.926682179376
16478,8859.20243659377
16479,6047.116563433236
16480,5919.456674890824
16481,6603.645811851383
16482,5012.151894709654
16483,5440.972491901851
16484,7742.506332800379
16485,4880.542289091845
16486,5523.247372749566
16487,4714.425369969286
16488,4145.933557080303
16489,4261.062235196779
16490,5268.405429195233
16491,5336.998150402781
16492,8038.344346797501
16493,6537.8284734587305
16494,6973.5676017926435
16495,4554.828368234977
16496,4890.030582703047
16497,4007.087323659571
16498,5512.956159973548
16499,6237.576069249694
16500,3204.4948735930616
16501,6654.00499947473
16502,6134.707009495799
16503,6028.2132046412535
16504,5670.511911873707
16505,5235.842709986622
16506,3588.932271141927
16507,3114.2149846074335
16508,8674.69931330645
16509,5299.42375096764
16510,5554.625948597431
16511,12227.89433819127
16512,7041.814825969212
16513,5422.995663314618
16514,5562.295751767406
16515,3488.402215136912
16516,4775.493062194656
16517,3698.3791485255497
16518,4015.4648366850247
16519,7637.103520463253
16520,5295.936332126722
16521,10568.475231632121
16522,11346.404733120364
16523,5367.981217065703
16524,5457.90681345758
16525,4081.0534248345584
16526,5030.215810742718
16527,4816.976049385406
16528,9826.559321329212
16529,6402.033377713301
16530,7218.0565916241985
16531,4942.922453503314
16532,5380.65748093841
16533,6545.601450616899
16534,7347.321890584344
16535,6490.309530396656
16536,4906.848029242094
16537,6403.964673786213
16538,5506.900751710001
16539,8467.391092873291
16540,7315.464741745784
16541,6733.00884851853
16542,7932.774291011946
16543,6544.812447529018
16544,8525.831769349375
16545,3259.412384695629
16546,5379.522593294297
16547,5885.388825529273
16548,8993.134492842344
16549,6092.818807691083
16550,7109.763661403203
16551,6697.469333568132
16552,7562.13662856145
16553,6229.171439334223
16554,6806.925563274755
16555,5698.484803756121
16556,3971.6617135818547
16557,11782.004904668262
16558,15794.45788827317
16559,6939.26404969335
16560,7156.467546850478
16561,7641.923774543707
16562,8416.228964772848
16563,7957.641592005954
16564,4872.432516391796
16565,5055.918806675286
16566,5776.752361548994
16567,7570.421890749132
16568,2874.094860801459
16569,5114.046370193506
16570,5649.131506587061
16571,4048.94288951283
16572,5156.586484880797
16573,3787.025651140716
16574,3472.5965584636515
16575,6311.629887169213
16576,2832.615694105902
16577,3950.5812860654974
16578,5573.649946681294
16579,5861.882878246192
16580,7857.7300586489955
16581,9570.466640653596
16582,6319.247829593536
16583,6895.009561180722
16584,6363.574724803183
16585,9133.383187340563
16586,5180.650908858829
16587,3377.6444938785644
16588,5171.857069154114
16589,9389.774016945945
16590,3809.9048215056805
16591,7131.2180761016125
16592,3634.48118293915
16593,4119.02162924433
16594,6338.262995833377
16595,5098.633959404828
16596,5688.04974573147
16597,8178.641500671746
16598,8510.925431311014
16599,9325.70060288286
16600,4265.400078690054
16601,9233.995455270035
16602,2755.0785329489436
16603,4492.0173679824975
16604,6054.781415488539
16605,4057.335209750848
16606,7945.650016765257
16607,3645.607516221774
16608,5024.884160475336
16609,6204.593198447859
16610,8815.558587770713
16611,8960.6599455045
16612,4503.616112772813
16613,3476.971741320588
16614,6464.600678657525
16615,7350.535410069871
16616,5490.758392291635
16617,5850.364419921854
16618,7578.4472399265605
16619,8004.695215519366
16620,5320.363560538864
16621,4651.469819558355
16622,6871.765280166776
16623,6046.588608915324
16624,11829.437427713401
16625,6793.515898157919
16626,12856.883792040417
16627,6195.202049798732
16628,5456.5919088045675
16629,2959.3551337163053
16630,5429.272454552983
16631,5905.726613235838
16632,5207.859703915962
16633,7488.85509101004
16634,6170.0479542998555
16635,3327.1899891757735
16636,6846.072243251873
16637,4530.038718264628
16638,6460.21971592833
16639,7477.544168189227
16640,5844.14480513935
16641,7934.47422356936
16642,5099.289255103471
16643,7127.327644034808
16644,4215.572433259552
16645,6476.196039849822
16646,6295.872640161043
16647,4426.58142432753
16648,8842.326037139044
16649,6538.0442258120775
16650,3724.214452170059
16651,4672.305980370624
16652,6802.674742100246
16653,5335.214564010707
16654,5021.562904925388
16655,6077.5602202545115
16656,4997.067038877579
16657,5403.348301293142
16658,6289.040945543939
16659,9209.408194749416
16660,5134.692162914925
16661,4329.0458276210575
16662,5612.895069853737
16663,5771.296022954562
16664,3218.2304759199974
16665,4567.560990520181
16666,8317.483966971597
16667,6430.01731803732
16668,9678.910057453077
16669,8285.91815984736
16670,7670.727087841098
16671,4411.225464731717
16672,4225.276732754301
16673,9707.052078000715
16674,7624.4525119742775
16675,6711.242356059712
16676,6264.100729337691
16677,6896.360973747986
16678,4380.012845722318
16679,3748.763669531717
16680,8501.552712247474
16681,6429.381797163467
16682,5813.7554805836135
16683,5128.950254370259
16684,2521.024078015248
16685,8095.110731947003
16686,6453.364420592858
16687,5183.436751196454
16688,3810.4096318806314
16689,5136.391516058883
16690,5389.213673431263
16691,5431.712039581264
16692,8158.064568692646
16693,4879.979075561611
16694,4201.974718786084
16695,3546.798515819722
16696,3111.634325154571
16697,5362.274088820108
16698,14968.289305126296
16699,3668.3705315947045
16700,5677.861514271931
16701,6036.249523208853
16702,3385.8982376514864
16703,3906.1288052208506
16704,5506.265533127212
16705,3164.5851011127143
16706,8874.127272090926
16707,6520.385314318196
16708,2730.4035993492125
16709,8005.504835803919
16710,2899.465658565653
16711,4031.01728027024
16712,7414.194600508777
16713,7711.685806018558
16714,8141.546036175703
16715,3529.7578889819256
16716,5299.7079973338905
16717,4566.504219818957
16718,7103.583196036583
16719,14854.90175377606
16720,10642.227077211815
16721,5649.79385927695
16722,3460.9353032646227
16723,5865.224344290886
16724,4530.232280210442
16725,2871.74122886247
16726,8341.862954547381
16727,4889.944050211392
16728,4972.077298990462
16729,6989.9312931494305
16730,4591.480736979365
16731,5145.304074023101
16732,5634.774690493199
16733,7214.724187008993
16734,6759.653462196475
16735,3278.3899382599243
16736,4148.109159364355
16737,6449.094623381727
16738,8528.994553565102
16739,6583.368322163372
16740,6501.390636547401
16741,2696.253022589748
16742,6952.536892537223
16743,4641.665715684575
16744,2828.0951469970464
16745,5250.462589896526
16746,5310.123274368606
16747,4497.104281694102
16748,6219.377750658366
16749,5059.151903242085
16750,5560.817236550286
16751,6374.428773542756
16752,5909.146714168927
16753,7573.501652689169
16754,5178.309636958647
16755,8163.639748126865
16756,6030.864102347829
16757,3245.046074499404
16758,10161.738219591156
16759,3584.0177861275924
16760,3935.140753247481
16761,6494.615025351482
16762,9301.328922596433
16763,8802.421353362042
16764,4112.301456401949
16765,4564.023810055439
16766,4660.118120390412
16767,6229.82375070188
16768,5506.874504918898
16769,7348.753868538228
16770,2387.9670003472916
16771,5530.796195223442
16772,5317.452872247524
16773,5111.012351247045
16774,3310.3870903604384
16775,6678.752023414098
16776,6951.386166788668
16777,4091.321833516068
16778,7045.363482671612
16779,7405.3687052925925
16780,7269.585641870123
16781,4943.659124380954
16782,4525.601544306278
16783,4161.575601539772
16784,7397.560885086487
16785,5659.235917924274
16786,2809.3456642722
16787,7884.27319206797
16788,6695.875970929724
16789,6646.49558995195
16790,5588.0357955706895
16791,2816.5331760075787
16792,8331.268904599776
16793,4065.703437227621
16794,7993.81686384084
16795,5472.935454312966
16796,4687.53912449262
16797,7825.850798072182
16798,4940.110137037392
16799,5167.347342753651
16800,6392.111526676007
16801,3876.946086885859
16802,6094.651985999914
16803,9733.847418534593
16804,6685.042136221435
16805,3326.4181720163892
16806,5357.625956784265
16807,2736.840753084842
16808,2258.7020902186123
16809,6732.859892416367
16810,4863.556355485652
16811,5943.596460481306
16812,4149.100452239492
16813,5995.144973539811
16814,4626.5561135887565
16815,8010.151180457847
16816,5109.387000859827
16817,5575.537908283647
16818,5293.352687277853
16819,5976.473008866273
16820,5469.491348771529
16821,4944.600219805316
16822,7417.13160648044
16823,9206.340460554147
16824,6626.146157635852
16825,6844.717176056545
16826,5601.658036071535
16827,3128.9022425644175
16828,5114.056203411091
16829,8993.917302728409
16830,6200.291227161057
16831,4638.881877632636
16832,13805.056178188412
16833,4994.076834383957
16834,4997.218047744591
16835,4524.908304851575
16836,7563.201273905655
16837,10681.56527184029
16838,6178.504669917584
16839,7189.271673287842
16840,7585.925970274497
16841,5389.122563032715
16842,7384.411031931712
16843,4924.022753264855
16844,3932.3019510795875
16845,4727.461623929864
16846,3241.122729986593
16847,3603.311870893769
16848,7771.003177834838
16849,17415.78650756031
16850,5558.341535403198
16851,2903.410037501398
16852,5802.304284027352
16853,4244.0374449952915
16854,6078.253752043305
16855,2058.075754062571
16856,5786.32719276479
16857,5914.645467073768
16858,4386.578437739103
16859,11108.681371972287
16860,11466.481737278988
16861,5128.414380206167
16862,4124.623497757303
16863,3802.1422420634917
16864,4992.443642707652
16865,4548.7590320152685
16866,7850.583618224333
16867,4009.3667080162227
16868,4976.428979733175
16869,4027.150346861579
16870,5721.900629535648
16871,4460.511584056631
16872,6471.055441263046
16873,2555.9740314858686
16874,7135.473927198498
16875,5568.308996423848
16876,5617.759040387217
16877,4647.405896081391
16878,3883.846821750005
16879,5407.66442529796
16880,3431.768381238417
16881,8258.203722012277
16882,4805.65576881666
16883,3770.609388942012
16884,5786.895223506967
16885,5037.5429875410055
16886,5285.600851206513
16887,4979.817926936593
16888,5496.837834418334
16889,8076.955654673237
16890,7179.665390036679
16891,5802.454663380289
16892,4223.169662312194
16893,4306.274881052748
16894,5537.78687022693
16895,5173.230505048223
16896,5373.829842870052
16897,5039.465701992088
16898,9438.243860163502
16899,7521.260173611535
16900,4041.5601170058367
16901,4186.624102312963
16902,4370.823300588841
16903,6866.360795815272
16904,5197.237023498479
16905,9127.75555050265
16906,5873.032057095752
16907,5382.61830014958
16908,3772.9745789652848
16909,2834.5381362935236
16910,5491.425894875325
16911,20010.67651833076
16912,2097.503593550843
16913,4600.374555059245
16914,6771.872804005666
16915,6758.543596522482
16916,5864.346101373185
16917,7269.896844978454
16918,5321.407880301275
16919,5276.635725444967
16920,3361.651044512196
16921,6815.120609588013
16922,3749.655272391457
16923,5256.942111679527
16924,6172.914501638257
16925,3761.006972716022
16926,6780.623434972645
16927,6642.337091935462
16928,4057.074881454325
16929,7174.900467646797
16930,6413.85337841982
16931,2507.78121917962
16932,6876.470575222283
16933,6115.26343915947
16934,4579.79276439392
16935,7793.842879721845
16936,6195.79856118748
16937,6780.776353421976
16938,3998.0735466104234
16939,5615.549018777492
16940,4535.064662519437
16941,3734.436415197115
16942,6515.6992233178335
16943,3149.1368295354982
16944,5505.512226541517
16945,3417.3700523652624
16946,5890.841125982129
16947,5133.5007284561025
16948,4723.471486763568
16949,5858.814345937567
16950,7121.208793379049
16951,4885.48220753797
16952,6630.61351723692
16953,5462.977871966546
16954,6341.618711088147
16955,7900.39116151183
16956,6427.801246662273
16957,4520.915015301218
16958,4361.662378375916
16959,5327.56352044388
16960,3789.5575048267024
16961,10641.021282453205
16962,5607.746233626018
16963,6128.34136743625
16964,8930.234505491886
16965,6407.278025955661
16966,2810.5499973209157
16967,11863.906723767808
16968,7548.817108222561
16969,6054.7678817144115
16970,7030.717407169642
16971,8568.566004856475
16972,6447.448788174283
16973,5433.0345090473875
16974,4766.970005712614
16975,3848.0129265230216
16976,4196.015840804942
16977,7172.080102006266
16978,3424.603115185863
16979,7298.0412769731165
16980,6983.584458199737
16981,5722.030149527048
16982,6812.804315621811
16983,4952.745320634999
16984,7428.195964680662
16985,4040.2504500992604
16986,4810.321580593583
16987,4783.53440672005
16988,3735.274326859612
16989,6187.328867453049
16990,6150.830872905244
16991,6375.7936393663795
16992,5802.9399234623
16993,4067.1086075854796
16994,5955.799733516218
16995,5863.0106599284445
16996,6706.191414138627
16997,3214.776433530206
16998,4112.390630599085
16999,7685.171477346756
17000,6292.100148555877
17001,0.0
17002,7378.524826162742
17003,6294.281624136929
17004,5878.854738222072
17005,4618.46633703934
17006,2004.6217302210032
17007,6215.509480651574
17008,6018.833889928226
17009,5814.479428100485
17010,8030.191006336412
17011,7049.9344696824355
17012,3590.4544629359816
17013,6798.208907982172
17014,2720.6077812114913
17015,1964.137870119107
17016,6274.763830160002
17017,9020.996193489924
17018,5994.393112216369
17019,5258.115199677126
17020,2923.828449930926
17021,4865.495957968441
17022,8578.775104496392
17023,6487.1759470599545
17024,8063.77750354528
17025,3273.8329080460476
17026,4627.360267329641
17027,3104.534862427377
17028,5057.243356841943
17029,3895.2259696259707
17030,2782.4006606817925
17031,5064.783194298693
17032,2693.8887043490304
17033,5588.672700636561
17034,5759.494097201045
17035,5165.651254662713
17036,4531.8571369902875
17037,6943.136640390141
17038,4590.00580060398
17039,3929.030733407663
17040,8467.593522743826
17041,7301.340784937439
17042,5858.321157605589
17043,2500.928821830892
17044,6902.350568805408
17045,6896.726702028699
17046,5121.681290504676
17047,8355.370040219854
17048,9944.8433538733
17049,6054.4699307475985
17050,5872.806770805405
17051,5571.555847101986
17052,8781.455406224914
17053,11401.242620399478
17054,4010.9083835156143
17055,4321.862628424901
17056,5700.170776374177
17057,6115.49459457179
17058,5163.89462280737
17059,8670.723317516062
17060,6124.624599004511
17061,5334.6761166613005
17062,3148.0960477830254
17063,5493.660313309478
17064,5557.504389886944
17065,3200.8145477461094
17066,6667.7469951984285
17067,2960.303799586539
17068,6851.453273631278
17069,6433.832572259778
17070,5474.181229938973
17071,6874.052803686208
17072,4136.27952153
17073,4639.082824148605
17074,6121.293240497677
17075,6107.365066330272
17076,7375.78671731965
17077,5942.9937960377065
17078,6661.357658861314
17079,5498.93129688749
17080,3246.1606280909855
17081,8554.805255464064
17082,3630.4631877228303
17083,10035.01578856065
17084,5510.445891579156
17085,4948.890227614929
17086,6344.771310196133
17087,4178.634605391961
17088,5001.940249179898
17089,6672.440412028279
17090,3454.997271183882
17091,2962.270441539312
17092,6193.939340783702
17093,6222.716445555134
17094,7917.994659205275
17095,5931.24813038648
17096,5267.972953596892
17097,4573.825239391038
17098,6282.14859600144
17099,3844.969833630235
17100,9683.906934151311
17101,6327.815521150759
17102,11359.733143865735
17103,4707.041539869312
17104,4642.812869087075
17105,9589.63357583644
17106,6489.938140367385
17107,3065.0051746456134
17108,8917.922684152938
17109,5249.895520947646
17110,5359.251304534235
17111,5440.991883814039
17112,5333.902592335046
17113,3845.3012162667515
17114,4816.801988070346
17115,4441.73220354657
17116,3390.8637415918383
17117,7860.022657570492
17118,5731.831955368958
17119,21417.33060286252
17120,7272.148370729341
17121,4780.344677373412
17122,5822.9530836262165
17123,8275.700771912378
17124,5094.115006768379
17125,6433.484928728826
17126,4556.728296666818
17127,6813.881492372982
17128,6835.629307564027
17129,4130.113893515684
17130,4541.5019543730905
17131,6727.890351432411
17132,6442.934888957593
17133,6249.0127746654525
17134,6177.416503131156
17135,4850.057493768732
17136,4232.552910533081
17137,5995.474681945159
17138,8312.94317973941
17139,8931.28430113258
17140,8397.148309855274
17141,6796.339763994531
17142,4690.237576109385
17143,5930.070274951999
17144,3815.1983528150627
17145,7730.564332790041
17146,9004.212336913823
17147,8091.228430236754
17148,5394.813735290252
17149,4744.998089271726
17150,4412.763604294788
17151,6026.95615127893
17152,8281.05151567162
17153,6006.61990007739
17154,4600.618732691173
17155,5247.445276819782
17156,7073.6690001216675
17157,3799.2296963456765
17158,6997.803103347698
17159,4144.032451432552
17160,7019.264967782888
17161,5966.524124950882
17162,5565.287478757883
17163,6621.1530215022885
17164,6031.3052267599105
17165,4744.90750587754
17166,5902.221291590662
17167,6070.910460832095
17168,10548.543707162002
17169,5433.12142520689
17170,6803.15831767749
17171,7157.908304974752
17172,7962.096816619387
17173,6213.0661862721145
17174,7904.887347763085
17175,3963.734361818817
17176,4276.086904573156
17177,5682.345916442102
17178,6135.866642498933
17179,8987.67288199614
17180,6790.89719297285
17181,4781.023695279954
17182,6582.517654125868
17183,5228.22974633876
17184,7863.546314107977
17185,4009.1733052964896
17186,11580.277210840926
17187,4835.751403485019
17188,5001.918499461925
17189,7290.093693971441
17190,5373.19735831086
17191,5255.273199653694
17192,5741.445449364847
17193,6681.804659405655
17194,5973.536094029996
17195,5359.795646648358
17196,6984.6932616533
17197,7477.085532373622
17198,5653.453197184095
17199,4947.828325249749
17200,6406.220180120309
17201,11514.266719957184
17202,5874.508382840858
17203,4870.009219934967
17204,6541.9006478389
17205,5595.248591365843
17206,6286.9598256341305
17207,6655.564803547956
17208,4038.0977648946937
17209,6729.66370367005
17210,5684.051984979897
17211,5675.846379007339
17212,7446.983186384112
17213,4575.399824193178
17214,5715.744339942005
17215,5551.136812976906
17216,6862.421580885909
17217,7423.145585948346
17218,4304.984035661412
17219,4886.7644442591
17220,6162.378950057533
17221,5806.00661170186
17222,5261.3131909832155
17223,5988.591063717867
17224,6175.394153378378
17225,6624.26397964221
17226,5840.108513036687
17227,4347.798783169731
17228,5792.2672121942705
17229,7319.890159936335
17230,6919.161325661263
17231,8165.217669612277
17232,7573.3906510418665
17233,5204.889603614429
17234,7779.220524348663
17235,5507.909522882714
17236,5810.86189463612
17237,7845.037866444013
17238,6106.846743330201
17239,8491.421706895293
17240,7864.557012533381
17241,7155.152779547873
17242,6078.0272407779
17243,7161.126440538867
17244,7306.066621998371
17245,5061.990005735732
17246,3705.212288707548
17247,5981.370705363758
17248,6465.554684561009
17249,5366.429428043861
17250,4767.963508136528
17251,7033.124211854556
17252,5631.670753083579
17253,6167.176009295887
17254,5604.252391849064
17255,4735.08289595913
17256,6482.557425620235
17257,6829.246769620856
17258,5952.57547676208
17259,5667.367418327612
17260,4840.248552935617
17261,6538.894789319048
17262,3650.1022427672224
17263,5740.344487345668
17264,4283.658628767535
17265,7113.136125416831
17266,5556.262134223187
17267,5031.145921107529
17268,9881.622127372317
17269,5247.044319494181
17270,6051.121682919517
17271,10097.524023930708
17272,6477.719129005479
17273,6639.55043264982
17274,6977.928125607857
17275,5819.388045346657
17276,5245.391131496788
17277,4618.011697040896
17278,6631.727840298465
17279,8579.235562201386
17280,5707.215933748509
17281,2981.3090724208355
17282,4726.449033719563
17283,7131.199040535072
17284,7407.037718416716
17285,5384.008517797496
17286,6082.211693760894
17287,4934.146464576733
17288,4889.305612219714
17289,3161.172803745519
17290,4489.174624787393
17291,5743.924625565547
17292,6715.665864628461
17293,6137.064464086593
17294,5528.219912718052
17295,8143.546178908223
17296,8029.297279519925
17297,7038.003738437487
17298,4676.344817619514
17299,8147.779314649586
17300,9300.288061320112
17301,4778.956532006886
17302,6801.2025584769
17303,4974.573279598225
17304,6109.611903635873
17305,3357.4509785159566
17306,6182.85184074785
17307,4835.638474692214
17308,8261.558510674884
17309,6207.536465738531
17310,7227.665985277346
17311,7328.445966028752
17312,5461.150416898559
17313,7396.645352579374
17314,16958.424828925734
17315,9353.931906336758
17316,5175.667855584576
17317,2925.3443040004317
17318,6779.494954520836
17319,7935.023982790971
17320,5519.926738839118
17321,10871.527658219173
17322,16812.977953973666
17323,4406.715249724854
17324,4468.260962434269
17325,7974.492541773969
17326,4688.961191225393
17327,7477.729855183816
17328,5227.327342133365
17329,6472.845153232907
17330,4122.799142460321
17331,5301.320447399109
17332,6207.9091231593275
17333,6385.367755881526
17334,8120.705214155528
17335,6114.7023145354715
17336,5607.808346805275
17337,6487.794608198309
17338,4552.766959080622
17339,4810.581819137
17340,6961.405730924523
17341,4667.096936216805
17342,5492.537947324397
17343,5985.501643643938
17344,4792.03886764682
17345,4810.3116776028455
17346,5866.345504625893
17347,6034.2986910629725
17348,7890.854181336556
17349,7385.02608594064
17350,7024.443681221051
17351,5314.558600210549
17352,4390.982719144478
17353,5672.290835025417
17354,5970.022598746781
17355,6092.080376898041
17356,4101.839606493838
17357,7567.2078923433155
17358,6237.902864364078
17359,6942.544329387264
17360,6353.1466126670575
17361,5205.1332845614525
17362,4673.038949471225
17363,4833.7101606076385
17364,8643.989887881278
17365,5003.071853426718
17366,6308.7484181569
17367,13497.794586875654
17368,6719.613556936767
17369,5761.6952506511625
17370,5221.369903271123
17371,4438.386559159997
17372,5996.648601248507
17373,4329.672187282828
17374,4653.345920415203
17375,8573.01337038924
17376,5432.33256494331
17377,11459.911198829444
17378,11521.223165491461
17379,5337.271791640534
17380,6250.619661770743
17381,5010.51926447119
17382,5971.611680801859
17383,5058.226724373984
17384,9267.597866630096
17385,6563.061632877302
17386,7679.358845230995
17387,5412.556231455728
17388,6435.354789601041
17389,6250.562813478617
17390,8064.070837860828
17391,6501.87296025639
17392,5847.240685287025
17393,6030.057748818238
17394,5600.9917984598615
17395,8227.161904961344
17396,8155.656377574724
17397,6583.023408937064
17398,8712.067426568456
17399,6231.097141019122
17400,8509.263108904288
17401,4907.174581864719
17402,4918.350151665599
17403,5628.402405069158
17404,8965.547365253324
17405,6062.109382265913
17406,6977.973238871669
17407,6691.385832133558
17408,7515.084533086845
17409,5897.885233142167
17410,6842.922968605126
17411,6414.931569976575
17412,4050.0241145356135
17413,12667.002957698724
17414,14547.976168990039
17415,6629.656380815336
17416,7005.964130376655
17417,8018.6109830322885
17418,9039.430735115715
17419,9270.441736944767
17420,5815.026949621568
17421,6004.789208722654
17422,5750.150573755705
17423,7545.286494902212
17424,3971.984201727918
17425,5510.692418855296
17426,5574.3579970467845
17427,4913.365147877332
17428,6162.758765231502
17429,4707.125274893644
17430,4319.083502717715
17431,6077.240383859592
17432,3661.4517145100162
17433,4035.2246297131064
17434,5454.125233117097
17435,5741.076989038762
17436,7752.482019749906
17437,8702.460877382842
17438,7022.054471934557
17439,6552.420433219035
17440,6150.093622849249
17441,9121.118335340305
17442,6196.816540728882
17443,4200.395064805262
17444,4830.237798561515
17445,8271.37574639884
17446,4536.57872882519
17447,6960.377220761935
17448,3713.4131160909733
17449,4360.272304232908
17450,6328.998810716173
17451,4841.647538944712
17452,5690.041230198459
17453,8072.170822085409
17454,8601.49823123181
17455,10064.831584156529
17456,5850.848669430052
17457,9046.430704779816
17458,3474.227124978472
17459,4609.85613598994
17460,6048.697914053965
17461,3944.332827791444
17462,7201.501243119309
17463,4907.880473276739
17464,5727.690802816357
17465,7374.29903133579
17466,9225.202555225247
17467,7532.95579078683
17468,4824.32342603003
17469,4409.684544504252
17470,8658.579891715666
17471,7074.948146918537
17472,5607.13937418608
17473,6101.149376266151
17474,6638.2299453039195
17475,8476.728472560879
17476,5002.529600600283
17477,5657.642099909061
17478,6841.055854741607
17479,7188.606920918918
17480,11733.453287439592
17481,6247.097825325576
17482,12156.29810901329
17483,6085.893472731354
17484,5600.8545954403
17485,3184.751462228228
17486,5657.91177882526
17487,5645.253647145521
17488,5400.229576683738
17489,6868.445546051264
17490,5858.386543208116
17491,4302.773745912061
17492,6321.857286205166
17493,5226.116516746722
17494,6808.970647317121
17495,7149.382630002009
17496,6511.417561900248
17497,7782.568825588427
17498,4989.980678036093
17499,7648.688659763043
17500,4747.671454990456
17501,6141.532291319261
17502,5906.865974224342
17503,5397.172417742862
17504,9060.90369107843
17505,6552.034086666625
17506,4124.914075589468
17507,5636.1311933400775
17508,7520.845887311407
17509,6366.514910771381
17510,5727.937066579649
17511,7114.642553576226
17512,5555.419246275006
17513,5503.922115553557
17514,6105.593818636852
17515,8982.887951838036
17516,4947.77837730535
17517,5620.64491756768
17518,5458.381016287771
17519,5366.544377547369
17520,4141.070928924547
17521,4954.1959469501035
17522,7663.640678050535
17523,8057.175460350188
17524,9652.308269659787
17525,9323.761171350076
17526,7616.716464390703
17527,5678.4409103077605
17528,5096.207687737622
17529,10417.046663559235
17530,8075.531307760704
17531,6776.2301420730855
17532,7397.205718258048
17533,7617.643464153417
17534,4832.002682293125
17535,4589.735714044632
17536,8803.849015141626
17537,6016.579524128881
17538,6624.3334563430135
17539,5624.158009906359
17540,2554.1119185867356
17541,8795.790136330408
17542,6345.559412535845
17543,5283.429820044343
17544,4670.8068784160105
17545,4612.401947001177
17546,6111.861449918281
17547,6874.516780250559
17548,6401.0994878772635
17549,4887.876564116273
17550,4184.850790920284
17551,3887.4973724497913
17552,3832.295965205203
17553,6586.205544753339
17554,16025.8696487092
17555,4279.193093550116
17556,5452.731494619061
17557,6193.207535819175
17558,4420.900777113214
17559,4301.109832566068
17560,5427.0798563295975
17561,3564.913502920222
17562,7061.872769415227
17563,6780.686619920956
17564,3624.3884483782385
17565,7759.664927722044
17566,3989.016166593481
17567,4624.47291337209
17568,7328.414791469947
17569,7751.821368625485
17570,8354.884345559229
17571,4872.1031032984365
17572,5573.974611346468
17573,4589.881355269446
17574,7094.241214824061
17575,13238.824785294084
17576,9749.59739070797
17577,6017.74600137896
17578,4050.7448203654226
17579,5535.166367731555
17580,5537.721131438045
17581,4035.870742483404
17582,8815.839070683574
17583,5304.08592821475
17584,4772.481886955939
17585,7266.136475936444
17586,4598.147091244977
17587,5770.5526422875755
17588,6376.519580490969
17589,6845.610874705166
17590,6631.91063267838
17591,4087.7812855979037
17592,4908.183095677417
17593,6277.516894601954
17594,8583.155546757887
17595,7760.204549386076
17596,6497.750581617396
17597,3850.061524963572
17598,6226.143633464666
17599,5115.317319763669
17600,4702.154935402404
17601,6468.788429131908
17602,6509.7276807632425
17603,5448.438593182825
17604,6073.882058306713
17605,5826.472553450005
17606,5922.391082534708
17607,6059.943326226982
17608,5914.440786490785
17609,6825.328511826416
17610,5168.488341182884
17611,8351.110469058864
17612,5918.773310026682
17613,4466.006664782185
17614,9960.32469460024
17615,4761.969000945034
17616,3817.2776696428687
17617,6858.176060257695
17618,8680.459158122741
17619,8904.27417247717
17620,4808.54345220231
17621,5650.326777846585
17622,5105.794625946514
17623,6476.757711711594
17624,5732.613422488131
17625,7229.229154974031
17626,2279.2361685530836
17627,5525.171558541218
17628,5323.766831098586
17629,5104.9288498124715
17630,4222.185481785945
17631,6541.7358765666695
17632,6913.699075750258
17633,5237.372264470593
17634,7554.285403736668
17635,7140.567770241237
17636,6982.727849213719
17637,5187.5439784820655
17638,5649.840095172979
17639,5213.07429484712
17640,7484.425859348581
17641,6694.226386126381
17642,3850.512769824465
17643,7924.452189220043
17644,6704.147373399541
17645,6463.324494798029
17646,5309.9297812384775
17647,3790.197017629958
17648,7557.46541848719
17649,5131.793811241655
17650,7987.733362406266
17651,6307.715913674136
17652,4934.4730855023345
17653,7847.425676477645
17654,5601.604811545711
17655,5288.579127140357
17656,6925.746088582977
17657,4831.223829814818
17658,6965.157281592557
17659,9724.693370331277
17660,6874.196825441312
17661,4232.322411275498
17662,5163.1731880873995
17663,3934.348499403976
17664,2848.7238580515473
17665,7728.329008133272
17666,4558.756926899462
17667,7587.854709180717
17668,3954.647683542625
17669,6566.102789156521
17670,5749.48487924701
17671,7891.886993916446
17672,5223.999768285105
17673,5326.950041339501
17674,5492.060487587014
17675,6661.570837271137
17676,5489.727741028946
17677,6195.490659546269
17678,7787.497725623233
17679,8428.986949091117
17680,6566.224566775828
17681,6861.205085897068
17682,5933.283966727525
17683,3890.8388740717837
17684,5364.232148834455
17685,9129.526805750314
17686,7240.931131717406
17687,6794.247631070992
17688,14660.88637913916
17689,5482.639768613157
17690,4888.317447828763
17691,5454.5653452509605
17692,7628.361969046519
17693,10469.284304614197
17694,6243.665365058448
17695,7196.883574468378
17696,7567.058782909292
17697,5849.476779845281
17698,7324.489441071688
17699,4809.536790515272
17700,4658.078861832692
17701,4333.525169387525
17702,3975.4317178913225
17703,4541.435523126236
17704,7795.98046722926
17705,15617.726326482147
17706,5601.800006237762
17707,4987.44060930261
17708,6480.487001487392
17709,4044.590594326567
17710,6435.02077218439
17711,3667.1735562903996
17712,7868.693331306932
17713,5756.699383910291
17714,5587.176273281842
17715,11034.150058314239
17716,11981.778677615534
17717,5325.2550922949395
17718,6003.338304157754
17719,3802.0492807984497
17720,5172.945361099879
17721,4812.323623506395
17722,7765.983077341285
17723,4031.2542563739703
17724,4941.740449451223
17725,4632.714566570383
17726,5719.725453848586
17727,5297.113106190289
17728,6454.619809948569
17729,3884.12891559464
17730,6958.336764777662
17731,6583.312079548891
17732,6442.453736957922
17733,4654.594517927512
17734,3807.649789342263
17735,6607.268831692597
17736,3837.737135578513
17737,8226.559975594922
17738,4786.543492822325
17739,4325.3245532263
17740,6082.7416105605025
17741,5021.107356226528
17742,5072.836835102276
17743,5451.694922945663
17744,5388.45080325236
17745,8339.453438234556
17746,8466.442038351786
17747,5802.716785471833
17748,4642.204441045269
17749,5273.578359321593
17750,5297.693269710184
17751,5177.254476048692
17752,5367.550019714403
17753,5233.379155669434
17754,9402.065408604596
17755,7052.22677111147
17756,5849.874417455876
17757,6060.407698491916
17758,4746.143490779848
17759,8144.320647697346
17760,5214.187462881221
17761,10784.049268760762
17762,5843.843538978425
17763,5169.5390953435435
17764,4664.810054126112
17765,4156.470727979341
17766,6485.789764006381
17767,19104.52107598937
17768,3092.8137867646933
17769,4571.186036941918
17770,8248.639205564852
17771,6606.010784056066
17772,5842.576795443002
17773,7243.0024402089375
17774,5304.972248986798
17775,5095.753070106538
17776,3447.3173270996654
17777,7485.277330428776
17778,4975.256010002377
17779,5783.402958878791
17780,6006.598455996568
17781,4390.188527302686
17782,6899.775208588191
17783,6590.252335149121
17784,4004.039235197884
17785,7850.512421931096
17786,7940.989415197941
17787,3640.7713923005276
17788,6883.659197068404
17789,6113.105458632416
17790,4983.965270801958
17791,7777.407248407368
17792,5992.4094266426
17793,7064.698978884519
17794,4585.553415003889
17795,5503.947505838251
17796,6195.747303230793
17797,4098.531782391055
17798,6688.421125772627
17799,3863.9396980889524
17800,5651.135739331807
17801,4604.556050593459
17802,5621.116432776258
17803,5516.55019051413
17804,6090.012286115962
17805,6178.7283438130435
17806,6905.229822718503
17807,5824.614059929632
17808,6342.997167155665
17809,5892.7184722225
17810,6744.958873075211
17811,8073.113063966625
17812,6348.996955504992
17813,4411.080306316365
17814,5255.450528471265
17815,5828.801656515493
17816,4041.278632724256
17817,10479.513025200651
17818,5544.468434829216
17819,6375.275328445964
17820,9193.156324729358
17821,6439.674457806129
17822,3540.214020149907
17823,12323.187107217987
17824,8418.221108944688
17825,5944.9331727295585
17826,7060.295347301365
17827,8883.434265355429
17828,5908.506104448861
17829,5469.907346686048
17830,5946.6882692583295
17831,5035.075811196904
17832,4995.8309226228985
17833,6801.604907683459
17834,4539.798503926236
17835,6509.057089968705
17836,6907.627824205235
17837,5964.000090355182
17838,6741.196073184
17839,5533.79594319693
17840,6045.870516401162
17841,4654.428867437308
17842,6633.592667921436
17843,5947.679416585892
17844,5738.472256128996
17845,6350.545787995595
17846,6141.67682470193
17847,7153.731023648635
17848,5802.846962197258
17849,4940.10337356719
17850,5926.6112153988915
17851,6267.414101700401
17852,6306.034974656712
17853,4594.138509877273
17854,4525.561986410929
17855,6796.093028783351
17856,6354.114652783553
17857,4958.969760625914
17858,7098.4762161233375
17859,6049.161728332987
17860,5847.583206165126
17861,4730.816904156635
17862,3033.9239366975053
17863,6172.398168993479
17864,6263.102883449961
17865,5967.501560407706
17866,8347.840933058698
17867,7310.631097407645
17868,4720.3153273612215
17869,7807.595685959876
17870,3433.3641164712135
17871,2772.125336069803
17872,6160.4644804623795
17873,9984.82511298189
17874,7440.411288456331
17875,6431.398305450493
17876,3806.545710129369
17877,6048.199630639929
17878,8377.012112441906
17879,6254.878452041336
17880,7698.299947197727
17881,4296.755248335486
17882,4439.905851267324
17883,4151.967768613728
17884,5090.844128053676
17885,5214.503033160063
17886,3959.286140313993
17887,5241.184810391684
17888,3529.3905604775414
17889,5999.64346245427
17890,6677.515738939111
17891,4959.587502657588
17892,5711.575400536003
17893,6613.059394363007
17894,4502.640280267152
17895,4437.069011510707
17896,8131.9312034508375
17897,7501.072620313347
17898,5647.511307734403
17899,3600.6016595375236
17900,10401.522466282315
17901,6828.045202491533
17902,5032.092903025699
17903,8630.203999601767
17904,7755.863250299476
17905,6560.371574881338
17906,5710.654674181517
17907,6379.3722308279175
17908,8708.303722444822
17909,11369.430194146364
17910,4531.377911210044
17911,4414.786489262396
17912,5617.137993802039
17913,6252.869410494292
17914,5641.220625488896
17915,7232.866330676785
17916,7099.964917858933
17917,5267.017762490592
17918,4230.288142103824
17919,5449.169025275599
17920,7580.170368558904
17921,4392.502644432729
17922,6483.98574895315
17923,3289.9596822501503
17924,7173.2086718569935
17925,6889.904603451734
17926,6520.947280693995
17927,7363.723606500323
17928,5694.631558403177
17929,4465.225853170077
17930,5922.745666780288
17931,6403.008509391058
17932,7384.868579893488
17933,6728.599531964016
17934,6501.7426423364805
17935,5512.774583694501
17936,4441.98738420695
17937,8375.286662223141
17938,4841.910458485106
17939,9506.775565897136
17940,5646.794676064167
17941,4775.033256636401
17942,6229.823074410038
17943,5227.6170365546395
17944,6290.960064832364
17945,7539.582042277006
17946,3801.7391951598956
17947,3938.348294523098
17948,6125.576726919808
17949,7321.794394575959
17950,7825.677133034416
17951,5743.684820798414
17952,5632.93716420106
17953,4956.818783712182
17954,6080.485100513033
17955,4837.359451383785
17956,9655.090749453857
17957,7339.00028565571
17958,10930.202473466949
17959,4192.376003460959
17960,5421.7942455587045
17961,10191.256116569028
17962,6734.807903654843
17963,4054.308964617309
17964,8980.373884487051
17965,5572.33431347757
17966,5111.08800834073
17967,4402.66472276708
17968,5199.718249353644
17969,4882.414918070574
17970,5273.7903948816265
17971,4328.1798145074445
17972,4452.226094234047
17973,7819.706584599456
17974,5942.543382914204
17975,19770.590609576346
17976,6818.125772369024
17977,4067.319470079556
17978,5378.1153256054795
17979,7950.45383102834
17980,4803.13890997778
17981,5995.387816862125
17982,4265.752199876219
17983,6466.210726242686
17984,6641.055445735563
17985,3914.30331709179
17986,4174.024294062319
17987,5922.092281643176
17988,6192.047470229621
17989,5914.1936318100215
17990,6005.459058212232
17991,4148.798857266426
17992,3962.058555335351
17993,5584.357585134301
17994,7867.060244922403
17995,8736.542978420648
17996,8041.079935659097
17997,5786.835013332526
17998,4312.925937902963
17999,5114.682976839931
18000,3552.7489178431506
18001,7223.194163600139
18002,7926.857741097665
18003,7725.127508197555
18004,4511.241161171334
18005,4388.929715075562
18006,4140.238871455027
18007,5290.909222526585
18008,7819.443301987884
18009,5279.657818505104
18010,4037.2783646526836
18011,4685.039669360438
18012,6162.804467359185
18013,3223.6141821480774
18014,6105.254871106849
18015,3593.036877389937
18016,6406.154385588987
18017,5252.546672926201
18018,5061.727248036371
18019,5883.4883833231725
18020,5773.787083190905
18021,4473.924380608806
18022,5273.87306285563
18023,5646.758011736505
18024,9338.627385689319
18025,4956.110477237289
18026,6612.703566059166
18027,6756.971230925592
18028,7377.038616193933
18029,5435.298908169587
18030,7407.396501278965
18031,3843.7740512962864
18032,4035.0849972179326
18033,5098.498427823149
18034,5303.5822184004855
18035,8394.169894471801
18036,6093.574819312138
18037,4435.665965554561
18038,6000.0902362458555
18039,4941.349125151678
18040,7742.256975848574
18041,3663.435296577871
18042,10911.61388349518
18043,4602.660689985204
18044,4715.037878274843
18045,7013.0540952182155
18046,4840.196795731483
18047,4653.740217803794
18048,5552.148701761006
18049,5552.554035615846
18050,4710.819213076571
18051,4616.777454831062
18052,6342.285229156132
18053,6666.59428079798
18054,5355.170334420611
18055,4614.717775714181
18056,6178.969474788796
18057,10375.258023676566
18058,5717.03917283261
18059,4760.946205916078
18060,5766.434768452292
18061,5367.99788603433
18062,5487.615874326926
18063,5892.244553173152
18064,3709.1915182582165
18065,5943.078131358659
18066,5543.09901118543
18067,5316.824547173456
18068,7081.722518442882
18069,4284.25307778074
18070,4866.021906788057
18071,5133.708411313281
18072,6052.605762720034
18073,7140.178301520938
18074,4052.78389709082
18075,4186.786910619715
18076,5441.886308634315
18077,5281.921900895259
18078,5230.388757194783
18079,5821.1918878958495
18080,5948.143448046865
18081,6232.620711923842
18082,5090.532066270389
18083,4062.159396755732
18084,5239.831568122367
18085,7037.65030896988
18086,6734.544429807655
18087,6932.564104746709
18088,6354.781952234806
18089,4710.796666615936
18090,7165.2351123051585
18091,5148.294157921019
18092,5515.680962553986
18093,7314.62659411426
18094,5621.329700673368
18095,7942.425335665144
18096,7030.509050727919
18097,6572.725361667861
18098,5199.237096176256
18099,6612.130069308714
18100,6553.86606454835
18101,4906.848348313742
18102,3506.803771063074
18103,5427.802965759985
18104,6148.9927120667535
18105,4530.66394481407
18106,4461.08085771227
18107,6687.386203135947
18108,5416.985340791937
18109,5495.438398285845
18110,4755.966663974667
18111,4389.344887240521
18112,6133.7102846408425
18113,5842.422359287008
18114,5637.555358887166
18115,4977.277661669674
18116,4533.795601287951
18117,5314.2610092126115
18118,3436.958685094921
18119,5364.392794806807
18120,3785.2058513630855
18121,6530.708707536819
18122,5350.254692901933
18123,4809.402575774455
18124,9084.105747928797
18125,5076.307792455949
18126,5037.591920207846
18127,9352.1101790199
18128,5545.5056253931525
18129,5853.05991451251
18130,6567.109573407953
18131,4850.119404625786
18132,4482.070881121984
18133,4374.2447554956025
18134,6258.26117636579
18135,8333.926766036748
18136,5232.40491433489
18137,2485.499696621334
18138,4177.6586638181825
18139,5935.219806344874
18140,6264.232296611297
18141,4982.788918058384
18142,5422.144627596527
18143,4070.9589997846183
18144,4578.218658896366
18145,2893.3444153695264
18146,4182.291974363137
18147,4821.757680511824
18148,5905.910024554564
18149,5922.8146382727045
18150,5139.368224357654
18151,6860.588528032137
18152,7127.336867155774
18153,6251.418166126096
18154,3947.733350432578
18155,7888.593162241866
18156,8111.994472508803
18157,4580.548014362417
18158,6652.727247809413
18159,3907.0710530003407
18160,5042.109677037987
18161,3015.488415950804
18162,5968.1664284562075
18163,4007.8426187102245
18164,7642.906385352989
18165,5315.5517210805065
18166,6494.145605032783
18167,7150.580056587231
18168,4582.360272296914
18169,6792.623759002955
18170,15666.922432514248
18171,8150.150616634218
18172,4883.596445188266
18173,2506.2027572451166
18174,5381.286717434652
18175,7371.932129761205
18176,5286.844244609185
18177,10652.65261220943
18178,17172.446474456094
18179,4015.071982006486
18180,4276.178704573959
18181,7159.245585088155
18182,4463.168193781517
18183,7086.324702563665
18184,4929.689096698177
18185,6065.425706039429
18186,3613.8533607533545
18187,5151.738869395854
18188,5485.669782077045
18189,5989.674836052356
18190,7389.495613691254
18191,5214.243605955634
18192,4822.552633770126
18193,5894.7600774809525
18194,4018.6336277711594
18195,4638.2622281152535
18196,6233.946483264872
18197,4168.644158812355
18198,4959.092842430148
18199,5674.569341108879
18200,4566.245870202944
18201,4618.411383940804
18202,5640.5525071820175
18203,5747.41806987589
18204,7036.550610082776
18205,6689.380661176849
18206,6877.894520124671
18207,5044.569375912377
18208,3313.540597591739
18209,5395.0838470447015
18210,5802.623422924764
18211,5220.972647117282
18212,3876.04660904996
18213,7261.909354333858
18214,5517.648143183714
18215,6576.214887142976
18216,5972.342163213325
18217,4849.820297938754
18218,4362.106646936166
18219,4486.423436767826
18220,7613.28164993618
18221,4534.8973376610475
18222,6146.489735044947
18223,12776.862136053613
18224,5911.187576139112
18225,5362.059500341001
18226,4664.595456326254
18227,4127.454256624937
18228,5711.147608820322
18229,3901.7503012537586
18230,4352.153754024925
18231,8000.936343004792
18232,4236.537996535386
18233,12768.32742361196
18234,11308.079607819145
18235,4466.0928090944135
18236,5947.816503612448
18237,4644.189822226903
18238,5625.315262045048
18239,4759.943861610499
18240,8729.226910361549
18241,5736.843447712281
18242,7279.723094920833
18243,5197.870819164086
18244,5951.6281479489235
18245,5394.092396716434
18246,7846.552084110992
18247,5916.213497985589
18248,5495.253782496235
18249,5197.221252590028
18250,5239.038650088273
18251,7151.683438465549
18252,7657.764702006792
18253,5749.818314111469
18254,8232.800402089426
18255,5421.430912553418
18256,8136.697459639947
18257,4487.957897962322
18258,4567.763452096261
18259,4875.348402164579
18260,8235.415253040943
18261,5272.1323026003065
18262,6348.190391858091
18263,5935.133874187056
18264,6318.450364457897
18265,4999.959809697051
18266,6725.970723262738
18267,6034.772389382199
18268,3678.9073108142793
18269,11825.180297277095
18270,13622.151448335035
18271,6114.755231227216
18272,5999.352195132677
18273,7249.912428782657
18274,8345.966991844396
18275,8749.885558687696
18276,5583.164917651421
18277,5544.149591739077
18278,4553.5164051267575
18279,6931.894002298802
18280,3639.6864477372205
18281,5132.274445598665
18282,4824.781550280486
18283,4666.206698977822
18284,5830.115944240377
18285,4615.416287996569
18286,4139.681370215149
18287,5265.935158055138
18288,3415.5439409538894
18289,3593.7839446631006
18290,4734.720684650286
18291,4872.855521506664
18292,6818.36211267148
18293,7678.68165856361
18294,6751.505526882319
18295,5717.849885477995
18296,5361.958664807302
18297,8358.098585364807
18298,5790.938088377079
18299,3924.1556357190425
18300,4369.982721069164
18301,7387.38509913147
18302,4240.614680206517
18303,5826.482646063539
18304,2939.857650017635
18305,4233.2544461157595
18306,6337.993306841599
18307,4342.240846165272
18308,4635.382095918401
18309,6645.093290809086
18310,7156.594557554292
18311,9872.293206892202
18312,5463.189860758244
18313,7844.235664919886
18314,3264.856985632024
18315,4318.1991496622795
18316,5041.886992533014
18317,3400.0793058007494
18318,6542.417471748909
18319,4744.376214285728
18320,5427.972705909477
18321,6755.185315939097
18322,9128.783916920656
18323,7165.487901104907
18324,4587.907121375332
18325,4398.04516387618
18326,8361.372184371956
18327,6247.703681248468
18328,5336.999555718707
18329,5133.414022719345
18330,5762.652280300066
18331,8335.218945926687
18332,4495.347906090367
18333,5334.8233604905445
18334,5929.033313054534
18335,6635.869743587094
18336,10629.300158111006
18337,5298.591019648084
18338,10447.279440529184
18339,5641.962455440766
18340,4440.845641247107
18341,2883.165098937
18342,5216.009546241792
18343,5202.459698140379
18344,4506.786399881079
18345,5693.571745297309
18346,5076.270919743451
18347,4068.5713896249554
18348,5386.916596443693
18349,4543.327659430486
18350,6581.335949186466
18351,6350.784586728106
18352,6165.25837960125
18353,6677.703982714557
18354,4528.650248122908
18355,7263.820652788254
18356,4518.494902240461
18357,5315.014329325364
18358,5033.375675494566
18359,5048.450934666062
18360,8954.59825417411
18361,5810.69147491026
18362,3906.3575122296143
18363,5245.572702331308
18364,7025.464287509807
18365,5924.1018842839585
18366,5520.245688783384
18367,6644.713707926626
18368,5365.758867318864
18369,5011.712368269164
18370,5235.587899551756
18371,7544.420809740606
18372,4898.39165027906
18373,5309.684673288203
18374,4710.5553535103945
18375,4508.089250275158
18376,3808.57230617025
18377,4419.558649869752
18378,6844.601977824842
18379,7696.500550190374
18380,8431.199993346663
18381,8848.330758890152
18382,6722.629244644124
18383,5513.697583045196
18384,4628.379557683764
18385,9884.182535743703
18386,7743.03268500641
18387,6481.28823055216
18388,7059.016611469775
18389,7059.36423277147
18390,4625.61124817273
18391,4362.101015913978
18392,8576.214317010968
18393,5280.552264524389
18394,6102.3081467921365
18395,5371.10820820927
18396,2341.8383582374877
18397,8237.510904948454
18398,5554.167496672922
18399,4678.019777951068
18400,4386.1714391781625
18401,4082.523162926552
18402,5642.667562592239
18403,6687.779629838118
18404,5778.834152135034
18405,3703.377729478551
18406,3621.80910850036
18407,3568.511596535963
18408,3494.1068584169284
18409,5753.797590934478
18410,15516.574469468353
18411,3966.41909032827
18412,4251.630080009755
18413,5610.045897932186
18414,4065.879908242802
18415,3677.5174297130043
18416,4628.995383487728
18417,3267.804119309773
18418,6324.004730270361
18419,5664.750324778572
18420,3396.7537502475825
18421,7011.396797217053
18422,3806.7398923636465
18423,4492.8931731781895
18424,6780.4452427964525
18425,6606.07817744681
18426,8066.508823412614
18427,4619.053301601347
18428,5355.418047986621
18429,4099.724278375132
18430,6215.119902407588
18431,12057.237587886008
18432,9172.836000996933
18433,5101.224942470452
18434,3949.832538121654
18435,4725.732581542125
18436,5361.126721041333
18437,3697.681635695126
18438,8455.164160523773
18439,5070.872585685226
18440,4366.545361067749
18441,6186.39419888954
18442,4048.3929092284243
18443,5517.502840590486
18444,6209.907925872529
18445,6227.184570107584
18446,5934.622976637942
18447,3796.2505463863163
18448,4634.263153719508
18449,5486.861538144058
18450,7841.797438658833
18451,7045.900397844785
18452,5574.274379456687
18453,3729.7740956021626
18454,5387.445507320959
18455,4878.5141538673415
18456,4573.96672099505
18457,6090.070030487355
18458,5962.410009447765
18459,5135.664589960987
18460,5266.972544874768
18461,5668.0957635930545
18462,5644.729586465276
18463,5234.998009081797
18464,5519.962490675444
18465,6017.283088776756
18466,4731.7961616198145
18467,7438.753959822949
18468,5302.742187104866
18469,4104.846702137351
18470,8689.603441960864
18471,4239.943691394157
18472,2739.864833227494
18473,6670.321141628996
18474,7550.357960318139
18475,8715.786125555349
18476,4580.9087540716555
18477,5227.377053764201
18478,4918.905508674022
18479,6157.771935797773
18480,4703.438039021877
18481,6225.757776706623
18482,2337.944182934031
18483,4620.469538473017
18484,4471.073707417578
18485,4685.387187262192
18486,4015.794047665548
18487,5724.330513403551
18488,6511.5515731761425
18489,4814.422540388209
18490,7337.270694996162
18491,6340.856381254811
18492,6234.672347904178
18493,4713.877692370099
18494,5431.8787072132745
18495,4799.664934916629
18496,6700.7936322992
18497,6356.0372793381075
18498,3578.4843474607865
18499,7536.040095211137
18500,6391.8515932564915
18501,5604.531269962295
18502,4873.751356009589
18503,3639.0177107996815
18504,6832.328013275317
18505,4940.6384754686105
18506,6801.3000174115805
18507,5780.953136882206
18508,4615.487309588513
18509,6716.325320309676
18510,5364.801645649383
18511,5017.171177745141
18512,6506.000992205359
18513,4512.871182194109
18514,6544.3359453461335
18515,8814.307439109725
18516,6655.640262081465
18517,4046.377786715938
18518,4739.704274507656
18519,3726.657121607709
18520,2551.614474441093
18521,7390.139901344998
18522,4057.8615456874154
18523,7085.74480299015
18524,3479.404350651954
18525,6010.264207703273
18526,5541.793501450746
18527,7274.65352820089
18528,4328.759742658835
18529,4764.106955651954
18530,4717.575777457855
18531,6449.226046603273
18532,4624.0649666836
18533,5811.820304391225
18534,7219.111950625576
18535,8210.430385731297
18536,5778.31861085387
18537,5627.721342039978
18538,5056.100816366702
18539,3768.839410605383
18540,4689.1590258249735
18541,8044.512341794406
18542,7057.472496177284
18543,6530.828719896618
18544,14370.365481456027
18545,5163.6539926993355
18546,4160.787103465064
18547,5157.455961640512
18548,6444.393208663016
18549,9647.182219623513
18550,5691.914671509832
18551,6353.322913978957
18552,6311.929034984494
18553,5538.331251129511
18554,6417.091186098238
18555,3961.315577937499
18556,4405.029060135603
18557,3833.837349017437
18558,3683.9009786797333
18559,4228.661519904398
18560,6749.963911975103
18561,13644.093133964687
18562,5186.796701063102
18563,4632.774359135584
18564,6178.332987655703
18565,3295.909755700613
18566,5762.917804321766
18567,3391.615047707273
18568,7603.861468984923
18569,4886.94272982272
18570,5177.590245606258
18571,10396.526022258877
18572,11729.985065948189
18573,4876.8158037554695
18574,5544.723182134654
18575,2951.365571832066
18576,4954.388797740032
18577,4515.4749218901725
18578,6895.011326915201
18579,3527.5516713538314
18580,4224.965338287083
18581,4420.7444880511175
18582,4919.4822382291895
18583,4994.959092358599
18584,5592.918427828374
18585,3511.1596529478793
18586,6249.433785586361
18587,6226.540217874023
18588,5965.297048290527
18589,4044.609966468194
18590,3375.6579171574463
18591,6158.01350163356
18592,3650.8480183060196
18593,7453.606432240007
18594,4384.485186556792
18595,3863.1544972257984
18596,5785.89290894428
18597,4631.514800878825
18598,4333.025696901274
18599,4957.813194546967
18600,5104.087977801415
18601,8086.403636537489
18602,8061.0295037970955
18603,5070.548484343945
18604,4408.991098515745
18605,5107.932506059359
18606,5091.301835589788
18607,4046.0045146128928
18608,5038.8535466652065
18609,4936.5304540532115
18610,8357.100202173371
18611,6679.279266515279
18612,5466.2040623008315
18613,5762.708000490039
18614,4512.930148250324
18615,7676.45733531425
18616,4779.71892515909
18617,10569.980248381757
18618,5451.264437315564
18619,4514.292153868088
18620,4326.6209473378385
18621,3709.5221148448113
18622,6258.155065875727
18623,17119.523668537277
18624,2820.7853644010147
18625,3718.2026690651287
18626,7902.394560630549
18627,5796.6360689086
18628,5573.644574495845
18629,6443.230893260212
18630,4498.757585999801
18631,4388.678698291647
18632,3129.8478947789185
18633,7095.562168141552
18634,4750.73287012398
18635,5445.213852090517
18636,5483.675427530311
18637,4137.138725605597
18638,6161.385386285045
18639,5332.899162704362
18640,3264.108861107849
18641,7435.509116756436
18642,7352.429292413026
18643,3458.495118070691
18644,5824.9975090087255
18645,5486.099418690995
18646,4143.546892845128
18647,7109.668244263936
18648,5136.345423591251
18649,6360.983696587298
18650,4330.961758687458
18651,5040.010097599021
18652,5932.328392056419
18653,3547.748606191061
18654,6376.596018608896
18655,3545.587050468241
18656,5348.981725500117
18657,4266.366943805186
18658,4849.830505741912
18659,5219.440806903681
18660,5583.560739073482
18661,5688.6237313891
18662,6244.569503033403
18663,5570.022403613201
18664,5688.2061717549805
18665,5636.604379177525
18666,6272.398247404522
18667,7504.727288968968
18668,6067.940848417184
18669,3669.282864492089
18670,5002.400726774175
18671,5413.798351340833
18672,3799.5615685054277
18673,9515.03617562659
18674,4875.775868432013
18675,6048.4189591359545
18676,8951.439260510526
18677,5529.962126329166
18678,3398.6833267782386
18679,11726.414783768605
18680,8061.307121464207
18681,5165.915341517337
18682,6817.036428463198
18683,8081.246166380708
18684,4987.3791454186685
18685,5143.05097737604
18686,5606.398446874315
18687,4810.552671318508
18688,4768.196224492245
18689,5597.965073120876
18690,4228.514866270454
18691,5754.849168227073
18692,5813.046842627546
18693,5620.3119589630405
18694,5760.790830496611
18695,5221.970836033199
18696,5702.18238500902
18697,4578.900430738185
18698,6475.061198827667
18699,5500.524802122596
18700,5448.185527440082
18701,5982.743460607235
18702,5737.561192473667
18703,6900.681221951546
18704,4941.8053088064335
18705,4712.468675436536
18706,5163.839543470682
18707,5294.766979607893
18708,6004.256710035585
18709,4221.169247230509
18710,4213.480417951477
18711,6586.879214258542
18712,5559.6818366767275
18713,4705.919958928825
18714,6108.385067123531
18715,5309.560324167283
18716,5507.871662648308
18717,3846.8362105237698
18718,2740.749500112039
18719,5753.145276240594
18720,5130.3984183179555
18721,5360.4739741696285
18722,8116.937375145163
18723,7041.930351244463
18724,4407.5413241393835
18725,7103.880403662656
18726,3147.354233119624
18727,2589.8490618399683
18728,5555.785522661452
18729,9755.463409687682
18730,6991.155958397294
18731,6076.377436580088
18732,3643.785694746251
18733,5710.010523851655
18734,8062.511104056518
18735,5524.322765620064
18736,6768.523012843672
18737,3983.981245113641
18738,4210.544147973124
18739,3866.6501095640283
18740,4761.2383627497065
18741,4876.313926371789
18742,3666.11170372853
18743,4423.0628545300115
18744,3322.999126357144
18745,5337.421607535561
18746,6363.0147305537275
18747,4216.839296324406
18748,5298.649769488441
18749,5802.293585784947
18750,4387.743573836065
18751,4228.950572226768
18752,7313.809247589175
18753,6957.000212456559
18754,4860.639507238808
18755,3287.8276563156833
18756,9771.942006013056
18757,5941.5099169954665
18758,4061.216427816872
18759,7895.966580623906
18760,7524.959692385935
18761,6289.914698376745
18762,4979.866928179162
18763,6151.737532697263
18764,8014.4759147283485
18765,11025.111736191486
18766,4200.04514074253
18767,3747.7890916712367
18768,4397.003277464608
18769,5792.083127401129
18770,5042.590189832688
18771,6762.555934157628
18772,6761.77581107066
18773,4799.54171619931
18774,3875.267273233415
18775,5182.796058256492
18776,7316.75145738453
18777,4159.100443011118
18778,5723.8017637097555
18779,3060.597978955947
18780,6232.176842688475
18781,6540.646757705572
18782,6073.792666230699
18783,7157.412805297709
18784,5247.682945268653
18785,3659.775396743884
18786,5221.609851003568
18787,5942.222226297895
18788,6589.653630504464
18789,6178.266719489791
18790,5719.4624536728
18791,5089.748566798229
18792,3976.2500148570575
18793,7831.214254366367
18794,4442.58689961372
18795,9151.75469702672
18796,4829.19772691822
18797,3969.5828002102066
18798,5884.540956163112
18799,5077.4440572565745
18800,5824.146298773609
18801,6918.288367678398
18802,3340.952912066728
18803,3600.1591877348224
18804,5401.428382991932
18805,7052.182374380798
18806,7518.991003929285
18807,4879.652281953374
18808,5432.102122725554
18809,4727.457080417983
18810,5250.8569592930935
18811,4499.170344595511
18812,8825.138112698369
18813,6923.4557532173085
18814,10679.508764391358
18815,3741.2363254150855
18816,4995.136275668218
18817,9879.450151393683
18818,6297.312980315574
18819,3773.7900038094035
18820,8198.093695823392
18821,5344.699615346915
18822,4343.644358752092
18823,4038.1727901852746
18824,4595.528964441281
18825,4570.589810906843
18826,5008.003290066681
18827,3965.664029358431
18828,4151.006319502757
18829,6828.032995151344
18830,5695.242900930047
18831,18053.341242506678
18832,6012.675315942837
18833,4018.789859340439
18834,5354.507682586152
18835,7853.995911582584
18836,4760.634212767185
18837,5972.1631740673165
18838,4223.247502665624
18839,6426.456322673374
18840,6601.301042166251
18841,3906.469013632419
18842,4153.166944684275
18843,5877.01919951866
18844,6149.542773019026
18845,5890.5859887906945
18846,5960.385976087716
18847,4100.269246527307
18848,3922.3041517660395
18849,5539.284503009785
18850,7843.452601903077
18851,8708.592698477634
18852,8020.222586281053
18853,5756.517439972745
18854,4292.068588524919
18855,5038.891878983803
18856,3510.2442206325572
18857,7202.336814222096
18858,7897.562148857237
18859,7685.373104628243
18860,4483.290881228317
18861,4368.072365697518
18862,4119.381522076983
18863,5242.37961178747
18864,7798.585952609839
18865,5255.164067176686
18866,3961.4872667965524
18867,4636.510058621323
18868,6357.282465134009
18869,3359.6846322463484
18870,6012.464353974889
18871,3517.245779533809
18872,6363.649688378392
18873,5204.017062187086
18874,4965.269328590615
18875,5833.613460286646
18876,5731.28238598031
18877,4434.169977039494
18878,5250.648420060822
18879,5570.140636699425
18880,9190.84808486513
18881,4906.235554200763
18882,6572.949162489855
18883,6717.21682735628
18884,7328.509005454816
18885,5358.681533132507
18886,7301.370130716538
18887,3801.6523543102085
18888,3995.330593648617
18889,5077.6410784451045
18890,5204.526419247022
18891,8301.379377339854
18892,6045.045208573023
18893,4393.161268343966
18894,5924.299138389727
18895,4898.844427941083
18896,7636.230605286148
18897,3639.8276535585455
18898,11153.919862987032
18899,4581.80334060716
18900,4672.533181064248
18901,6992.196745840171
18902,4763.579420694403
18903,4666.485245140521
18904,5446.12233119858
18905,5497.342268555816
18906,4681.523620836143
18907,4565.880550675182
18908,6249.494712024171
18909,6621.521198673464
18910,5334.312985042567
18911,4572.213078503586
18912,6128.062798303252
18913,10324.361119520689
18914,5674.534475622016
18915,4664.488286470322
18916,5716.559845415765
18917,5328.243482465018
18918,5394.825357194965
18919,5847.171471048636
18920,3685.5838752388895
18921,5898.005049234143
18922,5500.977314199354
18923,5271.75146504894
18924,6985.264598997126
18925,4263.395728402696
18926,4841.5281554596395
18927,5085.178800574166
18928,6022.182880458161
18929,7097.673604310343
18930,4004.2542863517006
18931,4158.836630676698
18932,5393.3566978952
18933,5236.848818770743
18934,5188.267060208706
18935,5770.511763818801
18936,5897.463323969817
18937,6192.86630835453
18938,5042.002455531274
18939,4041.3020473776883
18940,5194.758485997851
18941,6941.192389524124
18942,6694.790026238344
18943,6923.680319770553
18944,6299.570185174776
18945,4665.72358449142
18946,7071.618317992246
18947,5116.511088035239
18948,5409.65459199156
18949,7221.836076982299
18950,5576.256618548852
18951,7918.817692645816
18952,6980.634127691393
18953,6496.934263811732
18954,5106.446579044295
18955,6588.522426289388
18956,6508.792982423834
18957,4867.09394474443
18958,3464.2990738524804
18959,5406.945616381941
18960,6106.488014856159
18961,4502.713664871054
18962,4440.223508334226
18963,6663.77856011662
18964,5377.2309372226255
18965,5452.933701075251
18966,4826.268078894427
18967,4365.737244221194
18968,6112.852935262798
18969,5963.651714535896
18970,5595.0506616765715
18971,4928.748050930559
18972,4491.290904077357
18973,5289.767257884194
18974,3397.2042815256113
18975,5267.934875361051
18976,3736.6762406239695
18977,6485.635625412303
18978,5310.500289332621
18979,4769.648172205143
18980,9039.032665804281
18981,5036.553388886638
18982,4970.717577895487
18983,9331.252829641857
18984,5615.807040312912
18985,5803.184991475983
18986,6511.454401550973
18987,4755.6282870263785
18988,4436.997798997468
18989,4331.740058285008
18990,6237.403826987746
18991,8291.422068826154
18992,5189.9002171242955
18993,2436.9700858822193
18994,4135.153966607588
18995,5910.7260550164565
18996,6234.936704370869
18997,4974.954614599013
18998,5434.889654933255
18999,4141.2604147043785
19000,4538.464255327054
19001,2872.487065991482
19002,4161.434624985089
19003,4745.966582655696
19004,5856.035101518038
19005,5883.060234703393
19006,5115.760581338327
19007,6831.292935791709
19008,7060.462524843415
19009,6175.627068269968
19010,3902.660268308062
19011,7883.109240291008
19012,8063.901203066002
19013,4538.0433171518225
19014,6631.869898431369
19015,3879.1207730573246
19016,5014.159397094971
19017,2965.613492914279
19018,5928.412024886896
19019,3979.89233876721
19020,7603.151981783677
19021,5385.853136000266
19022,6399.85729370656
19023,7110.82565301792
19024,4489.569755164954
19025,6723.951158764055
19026,15646.065083136204
19027,8097.590323096453
19028,4862.739095810222
19029,2498.368453785746
19030,5325.248673193671
19031,7351.074780383161
19032,5190.386325163429
19033,10644.818308750057
19034,15573.428661531838
19035,3975.3175784371742
19036,4233.674007363365
19037,7082.628210051075
19038,4420.663496570923
19039,7065.467353185621
19040,4833.231177252422
19041,6041.818063020102
19042,3552.4085024357146
19043,5143.904565936483
19044,5435.7948590405185
19045,5947.170138841761
19046,7320.823013452355
19047,5147.369263643275
19048,4746.761535913997
19049,5852.638380494876
19050,3970.104017032043
19051,4595.757530904659
19052,6157.329108227792
19053,4120.11454807324
19054,4883.30174457402
19055,5662.755735994261
19056,4523.74117299235
19057,4543.859157892556
19058,5598.047809971423
19059,5704.913372665295
19060,6988.081954661187
19061,6640.91200575526
19062,6838.140116555359
19063,5002.064678701782
19064,3262.6436934358608
19065,5289.057476482275
19066,5751.71674643922
19067,5144.355272080202
19068,3833.541911839364
19069,7241.052004955813
19070,5506.758237834056
19071,6533.710189932382
19072,5932.587759644013
19073,4818.351061792998
19074,4338.499003916839
19075,4389.965517322071
19076,7602.391744586522
19077,4401.156042734867
19078,6106.735331475636
19079,12737.1077324843
19080,5838.306123411497
19081,5341.202150962957
19082,4544.418355708997
19083,4103.846613605608
19084,5672.996019635077
19085,3880.8929518757145
19086,4312.399350455613
19087,7982.560430086013
19088,4184.235874603869
19089,12772.021928607017
19090,11268.325204249835
19091,4345.915708477157
19092,5908.0621000431365
19093,4601.685125016308
19094,5582.8105648344535
19095,4739.086512232455
19096,8679.471796370315
19097,5707.667664517147
19098,7305.517162483076
19099,5158.1164155947745
19100,5928.020504929596
19101,5273.915296099178
19102,7750.094164665236
19103,5843.332045257974
19104,5471.646139476908
19105,5124.339799862412
19106,5190.509039349158
19107,7123.733158522533
19108,7615.260004796197
19109,5676.936861383853
19110,8209.1927590701
19111,5348.549459825803
19112,8128.863156180574
19113,4445.453200751727
19114,4471.370792401784
19115,4802.466949436964
19116,8186.885642301832
19117,5199.250849872691
19118,6173.442535261423
19119,5904.7109919251825
19120,6266.14824252638
19121,4879.782709079795
19122,6686.216319693426
19123,6011.547746587391
19124,3606.0258580866653
19125,11801.955654482286
19126,13582.397044765723
19127,6041.873778499601
19128,5971.40191518966
19129,7262.657456119385
19130,8322.742349049588
19131,8731.50964576892
19132,5562.307568273377
19133,5520.924948944268
19134,4501.214283195241
19135,6811.716901681545
19136,3616.078804717895
19137,5111.417096220621
19138,4776.251939541371
19139,4623.702001767228
19140,5806.50830122105
19141,4575.661884427257
19142,4118.824020837105
19143,5193.053705327523
19144,3373.039243743296
19145,3545.254333923986
19146,4686.191073911171
19147,4799.14654097654
19148,6745.480659943864
19149,7605.800205835994
19150,6711.751123313007
19151,5644.968432750379
19152,5289.077212079686
19153,8339.722672446034
19154,5770.080738999035
19155,3903.298286340999
19156,4362.148417609792
19157,7309.606411650253
19158,4198.109982995922
19159,5798.532366120522
19160,2911.907370074619
19161,4212.397096737715
19162,6298.238903272288
19163,4277.272427411161
19164,4550.753931268833
19165,6577.46454543535
19166,7119.897165241487
19167,9839.679726777895
19168,5366.731941312489
19169,7801.730967709292
19170,3243.9996362539805
19171,4285.673364835312
19172,4997.497904575001
19173,3351.549695061635
19174,6521.5601223708645
19175,4723.518864907684
19176,5388.218302340165
19177,6731.57767291977
19178,9089.029513351345
19179,6920.851798547082
19180,4545.402424164738
19181,4347.138487390635
19182,8264.914264926207
19183,6215.1778964215
19184,5316.142206340663
19185,5076.137299610441
19186,5705.375557191162
19187,8295.464542357375
19188,4380.3671231391345
19189,5311.215717471217
19190,5861.404567680799
19191,6612.262100567767
19192,10523.27378754858
19193,5220.812332166866
19194,10426.42209115114
19195,5584.685732331862
19196,4550.212242535394
19197,2862.307749558956
19198,5195.152196863748
19199,5153.930087401264
19200,4449.509676772175
19201,5651.067048086714
19202,5018.994196634547
19203,4044.963746605629
19204,5336.019692287814
19205,4500.822962219891
19206,6541.581545617154
19207,6293.507863619202
19208,6168.801782362818
19209,6649.753702771541
19210,4471.373525014004
19211,7224.066249218942
19212,4478.740498671149
19213,5266.484718586249
19214,4965.74693012083
19215,5008.69653109675
19216,8914.843850604799
19217,5762.161864171145
19218,3866.603108660303
19219,5213.563080037032
19220,7001.85664449048
19221,5903.244534905914
19222,5477.740991572789
19223,6621.106064907299
19224,5323.637170332788
19225,4963.182757530049
19226,5187.058288812641
19227,7507.7234174278
19228,4877.534300901016
19229,5206.961471820945
19230,4653.278630401491
19231,4411.69659058068
19232,3766.067608959654
19233,4334.930485220184
19234,6766.823290343625
19235,7600.042630744619
19236,8419.253539315798
19237,8694.108282244579
19238,6644.850557162907
19239,5417.23966359944
19240,4610.0036447649845
19241,9863.32518636566
19242,7700.5279877958155
19243,6432.758619813045
19244,7035.408968450448
19245,7035.756589752142
19246,4585.856844603418
19247,4322.346612344666
19248,8536.459913441657
19249,5232.022653785274
19250,6081.450797414092
19251,5328.603510998675
19252,2293.308747498374
19253,8213.903261929128
19254,5486.5387512991865
19255,4645.493993124101
19256,4367.795526259383
19257,3988.2348516003276
19258,5600.545865606163
19259,6645.274932627523
19260,5653.65198748146
19261,3866.661639069171
19262,3573.2794977612452
19263,3547.654247157919
19264,3458.743084661341
19265,5717.1001986216725
19266,15468.044858729238
19267,3945.5617409502265
19268,4214.93268769695
19269,5589.188548554142
19270,4066.7961249973273
19271,3649.567149769988
19272,4571.718660378824
19273,3246.94676993173
19274,6060.997508383623
19275,5617.700910200934
19276,3356.999346678271
19277,6954.120074108149
19278,3766.985488794335
19279,4450.388475967595
19280,6702.666555315235
19281,6483.683295402711
19282,8026.7544198433025
19283,4576.548604390752
19284,5315.663644417309
19285,4051.1946676360167
19286,6166.590291668473
19287,12036.380238507963
19288,9165.001697537564
19289,5016.596777820884
19290,3910.078134552343
19291,4693.206796715158
19292,5318.622023830739
19293,3674.0739926758
19294,8358.70624107802
19295,5031.118182115914
19296,4318.015750328633
19297,6101.766034239972
19298,3991.11618611952
19299,5474.998143379891
19300,6170.153522303217
19301,6169.90784699868
19302,5866.994231264206
19303,3775.3931970082726
19304,4591.758456508914
19305,5390.46887844958
19306,7793.267827919717
19307,7022.292754825458
19308,5516.997656347783
19309,3690.019692032854
19310,5330.1687842120555
19311,4857.656804489297
19312,4477.508801549295
19313,6066.462387468028
19314,5938.802366428438
19315,5114.8072405829425
19316,5234.4467600478
19317,5625.974066606978
19318,5596.199975726161
19319,5170.029590327686
19320,5484.598716919856
19321,5949.65434340302
19322,4683.2665508806995
19323,7381.477236714046
19324,5235.1134417311305
19325,4081.239059118026
19326,8652.90604964806
19327,4219.086342016112
19328,2711.9145532844786
19329,6630.566738059684
19330,7517.832175491171
19331,8676.031721986035
19332,4541.154350502344
19333,5184.872356553607
19334,4879.15110510471
19335,6136.914586419729
19336,4666.740646709072
19337,6197.807496763607
19338,2330.1098794746595
19339,4633.214565809744
19340,4443.123427474561
19341,4636.857576523077
19342,3976.039644096233
19343,5673.4336092476715
19344,6463.0219624370275
19345,4771.9178431776145
19346,7297.51629142685
19347,6275.887962500699
19348,6169.703929150067
19349,4619.099585613049
19350,5389.757010227198
19351,4757.543237930553
19352,6626.517489914464
19353,6332.4296363187805
19354,3555.2597046659776
19355,7487.510484472022
19356,6357.752918338045
19357,5567.833877649488
19358,4865.917052550218
19359,3599.2633072303674
19360,6783.798402536202
19361,4919.781126090566
19362,6756.910929453567
19363,5713.32439150847
19364,4594.629960210469
19365,6679.62792799687
19366,5343.944296271339
19367,4968.641567006026
19368,6466.246588636047
19369,4492.013832816065
19370,6528.710326068637
19371,8777.61004679692
19372,6615.885858512153
19373,4006.623383146628
19374,4691.174663768541
19375,3684.152424397115
19376,2530.757125063049
19377,7366.532258325671
19378,4000.584822578514
19379,7062.137159970823
19380,3430.8747399128392
19381,5925.636043053705
19382,5499.288804240151
19383,7253.796178822846
19384,4261.1309972850995
19385,4731.581170824987
19386,4730.320804794583
19387,6409.471643033961
19388,4566.788243574696
19389,5715.36238494547
19390,7176.607253414982
19391,8170.675982161984
19392,5745.792826026903
19393,5591.023949727172
19394,4961.3227096096525
19395,3726.717713619306
19396,4631.88230271607
19397,8115.670607520925
19398,6951.446125614857
19399,6434.370800450863
19400,14298.566856692405
19401,5142.796643321291
19402,4112.257492725949
19403,5136.598612262467
19404,6432.446754632147
19405,9582.213800869398
19406,5634.6379484009285
19407,6296.046190870054
19408,6275.231642671689
19409,5498.576847560199
19410,6384.56540127127
19411,3885.5022490391198
19412,4362.524362925008
19413,3766.2086036437013
19414,3663.0436293016896
19415,4207.804170526354
19416,6722.013632032086
19417,13623.235784586643
19418,5144.292003852507
19419,4498.4447957873945
19420,6157.475638277659
19421,3247.3801449614984
19422,5678.289639672198
19423,3295.157128261517
19424,7507.403549539167
19425,4829.666006713816
19426,5135.085548395663
19427,10354.021325048283
19428,11692.984263663504
19429,4855.958454377425
19430,5448.2652626888985
19431,3048.198309210568
19432,4914.63439417072
19433,4475.720518320861
19434,6862.485542088233
19435,3499.6013914108153
19436,4157.336592913347
19437,4380.990084481806
19438,4886.956453402222
19439,4974.101742980555
19440,5564.968147885357
19441,3468.654955737286
19442,6181.8050402126255
19443,6202.932574854696
19444,5901.248214437057
19445,4000.2208785101807
19446,3347.70763721443
19447,6134.405858614233
19448,3608.7263213199444
19449,7429.99878922068
19450,4354.062304294918
19451,3775.9904473615825
19452,5746.138505374968
19453,4597.416125960378
19454,4282.128792745395
19455,4870.649144682749
19456,5096.253674342044
19457,8043.898939326894
19458,8002.624038298833
19459,5013.271761235042
19460,4369.236694946433
19461,5068.178102490047
19462,5031.671300624907
19463,4018.0542346698767
19464,4990.3239359260915
19465,4896.7760504839
19466,8317.34579860406
19467,6639.5248629459675
19468,5369.746142855078
19469,5666.250081044283
19470,4473.1757446810125
19471,7652.8496922949225
19472,4771.884621699719
19473,10549.122899003713
19474,5393.98771420666
19475,4432.900223826544
19476,4303.0133043185115
19477,3667.017417634218
19478,6218.400662306415
19479,17070.99405779816
19480,2797.560721606206
19481,3657.3900698196853
19482,7878.786917611222
19483,5809.381096245327
19484,5533.890170926533
19485,6385.954170151308
19486,4470.807306056785
19487,4292.28603859717
19488,3081.318284039804
19489,7053.057470930958
19490,4708.228172913386
19491,5409.850078334929
19492,5402.283497488767
19493,4094.6340283950003
19494,6038.913137817161
19495,5438.652521432323
19496,3215.5792503687344
19497,7393.004419545841
19498,7255.97137296727
19499,3418.74071450138
19500,5780.608421050712
19501,5428.822695582091
19502,4050.117560959408
19503,7061.138633524821
19504,5079.068700482348
19505,6337.376053567971
19506,4288.457061476864
19507,4958.618167557477
19508,5835.8704726106635
19509,3473.472463806325
19510,6334.091321398301
19511,3524.7297010901975
19512,5328.124376122073
19513,4242.759300785859
19514,4792.553782633008
19515,5198.583457525637
19516,5559.953096054155
19517,5576.475945101929
19518,6174.404872445018
19519,5527.517706402607
19520,5667.348822376936
19521,5596.849975608213
19522,6251.540898026478
19523,7462.222591758374
19524,6028.186444847872
19525,3587.8909344505464
19526,4959.896029563581
19527,5371.293654130238
19528,3759.8071649361104
19529,9457.759452517686
19530,4827.246257692898
19531,6027.56160975791
19532,8911.684856941214
19533,5509.1047769511215
19534,3347.7766502926943
19535,11729.958186530173
19536,7964.849202018451
19537,5040.733176863763
19538,6777.282024893886
19539,8016.2777476265965
19540,4938.8495346795535
19541,5122.1936279979955
19542,5582.790803854988
19543,4768.047974107913
19544,4728.441820922933
19545,5567.647499761095
19546,4204.907223251127
19547,5706.319557487958
19548,5763.461542835259
19549,5599.454609584996
19550,5732.840550553595
19551,5179.466138822604
19552,5681.325035630976
19553,4539.146027168873
19554,6378.603279381911
19555,5476.917159103269
19556,5351.727607994327
19557,5961.886111229191
19558,5672.592773719555
19559,6858.176524740951
19560,4913.855028863416
19561,4672.714271867224
19562,5106.562820361778
19563,5241.070168019255
19564,5999.024905627349
19565,4178.664550019916
19566,4171.3587209654015
19567,6547.12481068923
19568,5511.1522259376125
19569,4658.874201760862
19570,6080.434787180515
19571,5252.28360105838
19572,5487.014313270264
19573,3752.434758368634
19574,2717.141857092713
19575,5695.8685531316905
19576,5093.70102600515
19577,5373.219001506356
19578,8077.182971575851
19579,7002.175947675151
19580,4386.683974761339
19581,7080.272760643329
19582,3107.5998295503127
19583,2550.094658270657
19584,5568.53054999818
19585,9715.70900611837
19586,6967.548315377967
19587,6052.769793560761
19588,3604.0312911769397
19589,5686.402880832328
19590,8041.653754678474
19591,5496.372485677048
19592,6719.993402104557
19593,3963.1238957355963
19594,4170.789744403813
19595,3826.895705994718
19596,4740.381013371662
19597,4848.1652233950945
19598,3642.5040607092037
19599,4341.670924488468
19600,3283.244722787833
19601,5295.299910549485
19602,6342.157381175683
19603,4168.309685585291
19604,5275.042126469114
19605,5732.128955196562
19606,4506.921967405965
19607,4189.196168657455
19608,7232.417317547632
19609,6936.142863078515
19610,4779.247577197264
19611,3266.9703069376396
19612,9751.084656635012
19613,5860.117986953923
19614,4033.2661478738555
19615,7830.998161869795
19616,7485.205288816624
19617,6269.057348998701
19618,4920.185044523814
19619,6111.9831291279515
19620,7986.525634785332
19621,10985.357332622174
19622,4179.187791364486
19623,3715.2977517708523
19624,4360.305885151803
19625,5771.225778023085
19626,4968.314047447952
19627,6741.698584779584
19628,6738.168168051333
19629,4751.012105460195
19630,3851.6596302140892
19631,5174.961754797121
19632,7278.115124812361
19633,4135.492799991791
19634,5693.378881447882
19635,3020.8435753866356
19636,6174.900119579571
19637,6532.812454246201
19638,6050.185023211372
19639,7160.956208059277
19640,5205.178248058059
19641,3602.4986736349797
19642,5151.445220415183
19643,5921.364876919851
19644,6709.622549272194
19645,6154.659076470464
19646,5662.185730563896
19647,5081.914263338858
19648,3957.874101938278
19649,7810.356904988323
19650,4402.832496044409
19651,9128.147054007395
19652,4747.805796876676
19653,3912.306077101305
19654,5876.706652703741
19655,5037.689653687263
19656,5800.5386557542815
19657,6940.728824631232
19658,3320.095562688684
19659,3576.551544715496
19660,5352.898772252817
19661,7013.546041808629
19662,7476.486306718691
19663,4822.37555884447
19664,5392.347719156242
19665,4687.702676848671
19666,5199.960055137214
19667,4475.562701576185
19668,8764.325513452924
19669,6880.951056006714
19670,10635.213300864676
19671,3644.8436657206084
19672,4974.278926290174
19673,9830.920540654568
19674,6257.558576746263
19675,3752.9326544313594
19676,8127.929065235005
19677,5304.945211777604
19678,4295.11474801298
19679,4030.338486725904
19680,4608.273991778007
19681,4528.085113696248
19682,4968.248886497369
19683,3895.4993987700473
19684,4118.99669720848
19685,6797.538104214923
19686,5615.776634749204
19687,18352.04108888177
19688,5918.437023863686
19689,4242.796992484805
19690,5475.476340325178
19691,8387.071206494707
19692,5013.276413084473
19693,6100.202603679327
19694,4253.858679602547
19695,6844.159150129604
19696,7156.0401920979975
19697,4274.76618371885
19698,4260.990896436443
19699,6101.026332663026
19700,6443.517788102012
19701,6075.9307386639375
19702,6184.393109232082
19703,4468.566416613733
19704,4166.968665858411
19705,5763.291636154151
19706,8002.646327198768
19707,8652.890885581688
19708,8128.0465380332225
19709,5700.8156270767895
19710,4279.273388976071
19711,5232.106089974731
19712,3733.030032395333
19713,7330.376243834106
19714,7953.553080587344
19715,7979.348119711229
19716,4427.589068332362
19717,4444.742021766006
19718,4332.777865444226
19719,5466.386744931836
19720,7957.77967790553
19721,5397.310899518087
19722,4154.701477787484
19723,4860.517191765689
19724,6523.968696542934
19725,3467.410189376222
19726,6217.222146342809
19727,3734.6015937036464
19728,6583.227733095392
19729,5428.024195331452
19730,5051.366196304027
19731,6050.969274456481
19732,5875.193923067943
19733,4724.584020821663
19734,5262.5795347021485
19735,6067.905158408747
19736,9115.896931192734
19737,4929.2131994715555
19738,6739.6353938987795
19739,6885.962331318107
19740,7552.516138599182
19741,5610.3431660003
19742,7697.690193035474
19743,4366.564334875988
19744,4162.016825057544
19745,5019.431050103998
19746,5409.284211614942
19747,8506.137169707765
19748,6269.052341717389
19749,4378.357616488632
19750,6088.9373388540525
19751,5221.183121794459
19752,7952.003175535628
19753,3278.163658682247
19754,11329.601885688218
19755,4702.871107835575
19756,4953.3967097342365
19757,6997.033401541567
19758,4988.281223840735
19759,4716.3558238596415
19760,5544.92177369164
19761,5421.025669479214
19762,4596.820332435831
19763,4789.887683819548
19764,6454.252504392091
19765,6845.52833181783
19766,5339.149640743963
19767,4641.217611699144
19768,6368.99823785055
19769,10548.368252665055
19770,5904.289446465937
19771,4750.585154183734
19772,5739.537490686558
19773,5499.0377790298835
19774,5599.583149562885
19775,6064.527285218471
19776,3567.9133773475764
19777,6122.012182378509
19778,5730.732285043275
19779,5389.911406128422
19780,7071.361466710538
19781,4241.488183586903
19782,4785.826342563684
19783,5648.730860189579
19784,6246.190013602527
19785,7467.512652146144
19786,4567.8063459671175
19787,4103.134817780743
19788,5617.363831039566
19789,5451.665930853127
19790,5420.08130360553
19791,6011.4472033660995
19792,6185.2044474975755
19793,6422.621279198451
19794,5266.00958867564
19795,4019.3945025618964
19796,5418.765619142217
19797,7091.310269031193
19798,7267.172798869443
19799,6877.070487161033
19800,6240.914488208482
19801,4906.461019835893
19802,7306.164396348538
19803,5191.510942111561
19804,5545.85703460709
19805,7426.593869350219
19806,6176.221877020642
19807,7982.637078018763
19808,7042.365919461578
19809,6717.987512885759
19810,5311.204371412216
19811,6652.3418116623325
19812,7065.693723064715
19813,5498.052319081358
19814,3883.2633835868737
19815,5497.5092022720755
19816,6381.294770174157
19817,4447.011851975099
19818,4565.701370729132
19819,6820.18166849902
19820,5574.76943430468
19821,5729.799728946151
19822,5050.275212038793
19823,4248.06674632988
19824,6203.416521152933
19825,6181.007528705731
19826,5899.608815529311
19827,5152.755184074925
19828,4766.097659395355
19829,5234.065444988239
19830,3594.742778607664
19831,5363.096289565817
19832,3960.68337376834
19833,6702.991439582138
19834,5454.528329987804
19835,4940.442468770008
19836,9263.039798948648
19837,5234.091885968692
19838,5175.475370263407
19839,9421.816415531997
19840,5839.814173457278
19841,6020.540805645818
19842,6489.54685673518
19843,4680.677133353977
19844,4651.814911079852
19845,4361.319346596088
19846,6330.026685430782
19847,9116.71283299733
19848,5441.3927055926115
19849,2660.977219026588
19850,4295.56913677813
19851,5855.024242120501
19852,6176.281007404575
19853,5453.186871991408
19854,5484.760233652375
19855,4365.2675478487445
19856,4728.459456643382
19857,2877.3457770853734
19858,4166.293336078979
19859,4949.358929619415
19860,6089.134214948839
19861,6080.598731785447
19862,5013.144108783049
19863,6775.397625412346
19864,7265.220317211335
19865,6392.982882439803
19866,4126.667401452428
19867,8124.044679838306
19868,8008.199390170046
19869,4492.235039079732
19870,6889.664352958539
19871,3823.4189601613675
19872,4958.457584199015
19873,3182.9693070841154
19874,6215.415377586286
19875,3943.146803613335
19876,7832.906952627598
19877,5609.860269144632
19878,6623.864426850926
19879,7369.384096931932
19880,4694.327547532874
19881,6947.958291908421
19882,15736.628669026344
19883,8009.00712792588
19884,4953.3026817003565
19885,2814.9491036196778
19886,5269.546860297715
19887,7441.638366273295
19888,5078.415538104575
19889,10800.741123944617
19890,15990.340352036439
19891,4205.072549281095
19892,4083.2328262560973
19893,7306.635343195441
19894,4270.222315463654
19895,7156.030939075755
19896,5135.369205338928
19897,6091.52333594695
19898,3401.9673213284477
19899,5367.911699080849
19900,5458.772504311311
19901,6179.774637003055
19902,7544.830146596721
19903,5352.127056011195
19904,4964.117350083832
19905,6093.573820042175
19906,4194.111150176414
19907,4659.076643820356
19908,6381.336241372158
19909,4344.121681217606
19910,5100.657558743855
19911,5780.173947574398
19912,4699.639919522189
19913,4771.757952545095
19914,5863.220323210264
19915,5945.848812212594
19916,7192.8397470291075
19917,6845.66979812318
19918,7218.367100289713
19919,5231.819649545703
19920,3487.3454965821925
19921,5263.819232338304
19922,5992.652185986518
19923,5368.362405224568
19924,3833.5849266747755
19925,7366.5298673507195
19926,5518.556239356155
19927,6763.4651607763035
19928,6148.5820414342825
19929,5021.743408756718
19930,4178.754485187596
19931,4476.062385035482
19932,7543.7360476202275
19933,4625.163175879233
19934,6365.293775389647
19935,12993.606903845415
19936,6059.359372485524
19937,5489.071057114324
19938,4737.6325666999255
19939,3949.389327041422
19940,5769.378858899205
19941,3973.5158103187523
19942,4528.393632245882
19943,8212.31540092993
19944,4128.534061707914
19945,13080.102531728317
19946,11465.863701331891
19947,4539.129919468085
19948,6062.429504503887
19949,4831.440095860229
19950,5743.167616998188
19951,4770.689423843534
19952,8884.229588738237
19953,5632.716510844746
19954,7593.170629527866
19955,5447.179040847066
19956,5922.441971622356
19957,5419.678096521942
19958,8015.230578269709
19959,6064.385294332001
19960,5296.2577906347415
19961,5341.695614032247
19962,5350.047951597012
19963,7068.031345626578
19964,7858.521148334295
19965,5851.9663884942465
19966,8516.574305829166
19967,5572.556592970169
19968,8352.87028932494
19969,4657.594789821865
19970,4950.2977197961445
19971,5026.47408258133
19972,8665.117899694225
19973,5416.606664042526
19974,6219.9785459713285
19975,6128.7181250695485
19976,6302.722683252706
19977,5083.175056043514
19978,7247.627175303172
19979,6075.367131960336
19980,3823.381672256502
19981,12182.269601514161
19982,13955.946431694552
19983,6265.880911643967
19984,5915.700102293705
19985,7206.955643223429
19986,8703.056296081442
19987,9099.532303455258
19988,5683.375335501792
19989,5901.238895976136
19990,4445.512470299285
19991,7035.5305373425035
19992,3456.334285988657
19993,5159.526993466693
19994,4987.035309882118
19995,4768.451853618089
19996,5800.508570909265
19997,4762.963166627116
19998,4244.301883232011
19999,5448.844963589357
20000,3304.030352992956
20001,4023.4865913163862
20002,4910.198207055537
20003,4743.444728080584
20004,7019.24376276731
20005,7829.80733898036
20006,6885.2917164592145
20007,5862.324246920214
20008,5506.433026249521
20009,8755.070884095045
20010,5991.485166537709
20011,4028.7761487359066
20012,4586.155550754158
20013,7533.613544794619
20014,4385.411265195781
20015,5742.830553224567
20016,2856.205557178665
20017,4244.000008348794
20018,6882.983608144063
20019,4501.279560555527
20020,4755.511723636753
20021,6780.85689239907
20022,7064.195352345531
20023,10210.512754152558
20024,5452.8288090259
20025,7909.908567948414
20026,3248.858347347872
20027,4763.905622227707
20028,4941.796091679045
20029,3829.7819524540305
20030,6553.163033981943
20031,4844.586632136098
20032,5575.519584540024
20033,6752.943369648653
20034,9227.687429685227
20035,7126.173132422866
20036,4995.766817533908
20037,4565.594065274175
20038,8379.62043975272
20039,6379.816096885826
20040,5364.252103586735
20041,5279.52964657416
20042,5929.382690335528
20043,8582.467895056769
20044,4604.3742562835005
20045,5471.4268935885975
20046,6064.796914644518
20047,6633.62779729665
20048,11368.79883875306
20049,5435.629444249251
20050,10474.531988397219
20051,6056.266670749726
20052,4765.029354617778
20053,2893.9106611700377
20054,5199.988852565144
20055,5753.895345873054
20056,4571.51988262539
20057,5811.482218257255
20058,5243.001329778913
20059,3957.9986623471295
20060,5560.02682543218
20061,4688.1242444197505
20062,6641.461776970745
20063,6517.514996763568
20064,6595.560914926416
20065,6594.051889875585
20066,4582.187477116989
20067,7411.367531418801
20068,4649.534795236014
20069,5490.491851730615
20070,5158.9611411117585
20071,5195.997813296609
20072,9126.459636921021
20073,5986.168997315511
20074,4153.606461359698
20075,5503.481650260433
20076,7170.133551352872
20077,5955.764527318478
20078,5624.087105412358
20079,6677.686971460623
20080,5305.218867221047
20081,5075.266824145276
20082,5411.065421957007
20083,7431.406818351197
20084,4956.798493830768
20085,5516.492107335297
20086,5216.830690016904
20087,4728.971910416576
20088,3806.537900391057
20089,4575.780290805243
20090,6984.17910451346
20091,7762.630534491844
20092,8356.900407445315
20093,8873.245320233107
20094,6848.242904126626
20095,5348.153284210608
20096,4797.304926964844
20097,9884.69088309455
20098,8097.190400176248
20099,6910.99087720544
20100,7088.165094046555
20101,7285.169215930181
20102,4821.668723591889
20103,4474.984446600684
20104,8675.337058644023
20105,5456.02978692964
20106,6031.902428931701
20107,5453.5482883523655
20108,2517.3158806427405
20109,8555.592141729452
20110,5414.859222264924
20111,4869.501126268467
20112,4476.517244972582
20113,4212.241984744699
20114,5709.267584319362
20115,6896.034127832709
20116,6217.204047096873
20117,4090.66877221354
20118,3797.2866309056135
20119,3468.475604145989
20120,3340.789135312187
20121,5640.7835995450705
20122,16066.978902234005
20123,3825.8782083674528
20124,4152.579555826464
20125,5619.274093039695
20126,4206.908272577755
20127,3593.8653368740356
20128,4795.72579352319
20129,3141.0018710101144
20130,6285.004641527989
20131,5583.4751897594
20132,3447.3723861906115
20133,7178.127207252515
20134,4246.0821032219255
20135,4561.169467233696
20136,6906.0589022789545
20137,6428.372475765338
20138,8476.42251142902
20139,4771.289245237878
20140,5402.420586876351
20141,4651.159926107809
20142,6390.597424812839
20143,12320.112744622711
20144,9389.008830681929
20145,5221.354570188804
20146,4068.3148971394085
20147,4917.213929859524
20148,5471.265630846935
20149,3480.8296825108573
20150,8521.294144825233
20151,5289.987587279204
20152,4542.022883473
20153,6306.523826607892
20154,4101.820132586023
20155,5617.38711291076
20156,6786.5062054397595
20157,6373.300193962399
20158,5918.5478870616025
20159,3682.3019005499646
20160,4638.123670375944
20161,5508.628819529062
20162,8017.274961064084
20163,7116.675362988117
20164,5710.211867338711
20165,4194.308372429189
20166,5547.52459838189
20167,4862.223773759451
20168,4446.355776155145
20169,6257.827859269089
20170,5899.208221440529
20171,5151.815835368977
20172,5458.453893192166
20173,5776.558401070272
20174,5820.207108870527
20175,5394.036723472052
20176,5624.710864500279
20177,6179.197714944292
20178,5246.818610496112
20179,7433.0308925114405
20180,5428.327652722059
20181,3961.6686875140813
20182,8727.888789096349
20183,4202.266297082263
20184,2656.212740388526
20185,7181.131883290136
20186,7741.839308635537
20187,9207.064602899567
20188,4640.764895424692
20189,5311.213797036673
20190,5049.675715238333
20191,6168.2478115995655
20192,4657.242292748152
20193,6142.105683867651
20194,2893.661939090077
20195,4577.512752913789
20196,4492.994006193681
20197,4860.864709667443
20198,4119.797998320177
20199,5897.4407423920375
20200,6687.029095581393
20201,4898.259283660681
20202,7574.324048092346
20203,6516.625397845172
20204,6393.711062294433
20205,4823.857377980969
20206,5894.045690623533
20207,5018.556101566153
20208,6831.275282282384
20209,6306.8237478257715
20210,3640.0823453452767
20211,7658.035094605645
20212,6835.985175730439
20213,5512.132064753533
20214,5089.924185694584
20215,3701.7800852053083
20216,7007.805535680568
20217,5038.5674231716985
20218,6701.209116557612
20219,5916.71673847219
20220,4667.90146650664
20221,6729.4985067159905
20222,5390.449546657827
20223,5192.648700150392
20224,6732.9718741518955
20225,4621.842281752665
20226,6795.435611584486
20227,8721.908233900971
20228,6885.453247849784
20229,4240.127716285488
20230,4915.181796912907
20231,4078.2575272563936
20232,2577.2623754495407
20233,7583.672962453766
20234,4165.223023042844
20235,7175.05463313265
20236,3654.8818730572048
20237,6308.617378997467
20238,6026.873427925537
20239,7354.585878867719
20240,4464.523344248819
20241,4981.739328546905
20242,4674.618991898627
20243,6647.709766610953
20244,4853.970626551434
20245,5947.629847728488
20246,7457.519584600688
20247,8409.88307392911
20248,5963.148640196738
20249,5528.670817856686
20250,5166.0805019775735
20251,3938.189581286616
20252,4835.274649679789
20253,8353.1010963642
20254,7114.39599492269
20255,6542.321996352658
20256,14344.103138888748
20257,5246.428447187946
20258,4336.264625870315
20259,5240.230416129123
20260,6370.09362276166
20261,9849.102260791427
20262,5851.9937625707635
20263,6499.438537833773
20264,6219.529829775734
20265,5736.814971137191
20266,6608.572534415636
20267,3830.4951061451293
20268,4630.90523467494
20269,3941.2381307540963
20270,3611.8906139597166
20271,4310.4670062028545
20272,6666.311819136131
20273,13731.265851959382
20274,5423.1450624853105
20275,4665.401867268684
20276,6261.107442144314
20277,3471.387278105865
20278,5883.047432040118
20279,3403.108324163317
20280,7486.664208624893
20281,5022.880217704745
20282,5415.529836472479
20283,10815.232132573688
20284,11765.454387706071
20285,4956.748154422298
20286,5785.3288896021295
20287,3272.205442354935
20288,5153.841485937866
20289,4644.787538108246
20290,7105.992380835621
20291,3443.899578514863
20292,4268.04053937985
20293,4593.4309203392695
20294,5184.85130396757
20295,5218.790903643588
20296,5509.266334989402
20297,3713.712887820595
20298,6356.834567323019
20299,6289.734031020727
20300,5826.297060764656
20301,3944.5190656142254
20302,3292.005824318478
20303,6287.018579467526
20304,3706.2954415437566
20305,7725.274011275108
20306,4578.069437439284
20307,3980.7482397295116
20308,6045.28621460608
20309,4821.423259104744
20310,4506.135925889761
20311,5075.4069370506695
20312,5320.26080748641
20313,8419.73486159808
20314,8213.406824508193
20315,5159.034561657806
20316,4467.7747833604
20317,5165.74722271386
20318,5176.585365438694
20319,3962.352421773922
20320,5590.289194397881
20321,5122.996446428908
20322,8778.556606129458
20323,8603.44711516806
20324,5633.554065010091
20325,5986.091590954467
20326,4693.950812627803
20327,7805.462413148216
20328,4995.891754844085
20329,10935.803694316375
20330,5863.029950537073
20331,5032.8654822983335
20332,4660.084011760439
20333,3926.7037855514636
20334,6438.206762063051
20335,17295.001190942516
20336,2858.6716032197355
20337,3542.319324243692
20338,8072.839056800648
20339,5753.679283349372
20340,5829.842625636324
20341,6604.6575944995775
20342,4415.10549316083
20343,4516.293171741536
20344,3305.3254171841727
20345,7386.145278284286
20346,5170.09255448918
20347,5420.164853155283
20348,5607.6048313645515
20349,4295.0329183949025
20350,6260.555155386539
20351,5643.973855308107
20352,3439.5863835131017
20353,7759.610569794839
20354,7613.383737402332
20355,3865.4973581838226
20356,5724.906608154757
20357,5622.036906573019
20358,4254.875353327328
20359,7285.145766669187
20360,5272.282911473276
20361,6465.265926301539
20362,4249.961813780736
20363,5173.435279639862
20364,5943.82166851246
20365,3678.230256174251
20366,6627.916779602845
20367,3530.759161049534
20368,5334.153836081407
20369,4038.3284676187523
20370,4957.191983097334
20371,5204.61291748497
20372,5590.265420150005
20373,5604.6614717330685
20374,6398.412005589384
20375,5703.683985235935
20376,5719.328499905328
20377,5768.815021038522
20378,6257.570357985812
20379,7756.0480499629175
20380,6246.101707847239
20381,3811.8980675949133
20382,5218.939947568272
20383,5665.119112334782
20384,3931.7722103664278
20385,9979.700695171021
20386,5051.253390837265
20387,6033.591069717244
20388,9083.649902371526
20389,5561.084454479513
20390,3433.7663076602544
20391,12500.854881289666
20392,8413.882936095133
20393,5264.740310008129
20394,6949.247070324195
20395,8240.284880770965
20396,5162.856667823919
20397,5128.223087957329
20398,5724.3117077903225
20399,5185.435256189212
20400,4899.437898163088
20401,5511.94568686514
20402,4141.965764219943
20403,6022.900207321888
20404,5684.070017980894
20405,5605.48406954433
20406,5677.1387376576395
20407,5401.093252023286
20408,5687.35449559031
20409,4824.101617060657
20410,6979.227214487015
20411,5489.358665957402
20412,5565.128129631183
20413,5967.915571188524
20414,5896.599906863921
20415,7332.372795137372
20416,4858.153215967462
20417,4843.7103491073785
20418,5323.918634531613
20419,5166.119014346854
20420,6223.032038771715
20421,4374.9124595867415
20422,4342.354798205556
20423,7034.070560983594
20424,5682.148303177767
20425,5060.6122360845175
20426,6024.7329742845595
20427,5469.639415228215
20428,5493.043773229598
20429,3696.73294547268
20430,2698.332797256869
20431,5827.971100761604
20432,4959.754880387593
20433,5317.517188610401
20434,8249.14801700616
20435,7220.091210674518
20436,4352.208545149832
20437,7208.162633376897
20438,3249.8436286872966
20439,2589.9846518369727
20440,5512.828737102224
20441,9887.674051548684
20442,7008.682773860332
20443,6145.878126094477
20444,4090.9770414713075
20445,5675.0981320004275
20446,8047.683214637813
20447,5440.670672781092
20448,7283.54546171997
20449,3871.49508996647
20450,4342.754789834122
20451,3973.3275616278806
20452,4745.441505140841
20453,4853.225715164273
20454,3610.1806953673977
20455,4452.484876591452
20456,3414.704878647305
20457,5589.125368754028
20458,6348.186841135017
20459,4392.316818729657
20460,5245.051578368631
20461,5956.136088340928
20462,4746.824032271408
20463,4361.161214087764
20464,7730.181839256954
20465,6963.558318999914
20466,4996.603391367099
20467,3217.6225031523823
20468,10097.204345371305
20469,6053.332197944851
20470,3977.5643349779016
20471,8406.152907503054
20472,7590.684127132148
20473,6362.349060320807
20474,5144.19217766818
20475,6285.72428697129
20476,7930.823821889377
20477,11200.69517588063
20478,4118.731044209029
20479,3659.5959388748984
20480,4226.359739534246
20481,5756.7192484366915
20482,5173.071839815872
20483,6736.572993203405
20484,6873.557502568919
20485,4975.019238604561
20486,3879.593914210403
20487,5738.513814412534
20488,7373.370353927709
20489,4202.154252012318
20490,5917.386014592248
20491,3168.2443992099556
20492,6378.29246654329
20493,6849.393104080131
20494,6124.4678409665385
20495,7418.82118713803
20496,5479.0935156022615
20497,3819.8544878048174
20498,5375.452353559549
20499,5948.78033284125
20500,6933.62968241656
20501,6324.829951187902
20502,5894.080815659672
20503,5305.921396483224
20504,4070.0387752840757
20505,7904.617584500584
20506,4593.852251532301
20507,9156.08133800371
20508,4951.1981438403955
20509,4131.00950144958
20510,6100.713785848107
20511,5250.696784723312
20512,5834.983552943425
20513,7098.293835492807
20514,3305.5890331022933
20515,3537.640605120949
20516,5576.905905397183
20517,7340.768208237355
20518,7734.351285797445
20519,5025.767905808189
20520,5923.881369305336
20521,4879.691400526718
20522,5423.96718828158
20523,4506.538954728154
20524,8684.933988598561
20525,7154.866323550917
20526,10944.67776062352
20527,3868.8507988649744
20528,5067.570637612281
20529,10049.249598352642
20530,6568.385354219428
20531,3781.8801841969675
20532,8354.830589937885
20533,5565.704582414891
20534,4538.212225826545
20535,4254.345619870271
20536,4571.662523551255
20537,4792.39777428142
20538,5498.8135684563085
20539,4119.506531914418
20540,4230.016435485462
20541,6741.8362913189685
20542,5874.5776332972655
20543,18540.968067281752
20544,6135.792838033521
20545,5474.106508690523
20546,5561.455583312243
20547,9267.206500423317
20548,6088.4962080825335
20549,6257.136831439611
20550,5509.859964409761
20551,7918.284052939541
20552,8124.561271638534
20553,5295.723861144952
20554,4473.556003275565
20555,7165.59437848993
20556,7276.170650237532
20557,5951.636650361915
20558,7219.518335779034
20559,5857.571374932736
20560,5237.518256971718
20561,6951.834578755758
20562,8279.026452728835
20563,9100.123613787158
20564,8298.204228870065
20565,6182.310501145259
20566,4807.0509035455
20567,6413.209213097372
20568,4810.628563677009
20569,7505.348301583512
20570,8612.691798814505
20571,8454.995133168419
20572,4958.442356008366
20573,4733.364572103382
20574,4512.8515950437995
20575,6543.599315939397
20576,8015.740791146288
20577,5549.907022140341
20578,5268.579161505579
20579,5954.237772428122
20580,7633.657838768605
20581,4563.106171052923
20582,7372.903919701619
20583,4912.345640049825
20584,7542.3432574524
20585,6727.789034911587
20586,6266.951005050938
20587,7120.313923059927
20588,6957.555679261565
20589,5751.616746288053
20590,5700.949630363384
20591,7159.7692654021785
20592,9434.504632631351
20593,5832.12969473444
20594,8079.388539830343
20595,7916.048158984477
20596,8697.489225298748
20597,7078.889844049112
20598,7948.331719667707
20599,5389.147578414397
20600,5817.138926941494
20601,5458.78295146952
20602,6617.38272686742
20603,9709.383098933466
20604,7372.714996508874
20605,5680.225193774051
20606,7202.815022572147
20607,6133.225069030616
20608,7961.279774773235
20609,3729.661929766277
20610,11343.45804304906
20611,4779.703225973108
20612,5886.957731818875
20613,7174.0766183956475
20614,5983.5621976069015
20615,4924.66227461309
20616,5852.836853858608
20617,5910.676608878487
20618,4852.735999711523
20619,5990.2940897425915
20620,7439.631767667649
20621,8397.142258695223
20622,5334.181016538937
20623,5674.634075705159
20624,7473.660126994965
20625,12079.136771666745
20626,6961.02054022913
20627,5894.757691938741
20628,6792.458592483464
20629,6421.529674280365
20630,6842.821591831434
20631,7217.860996649046
20632,3953.2299814033954
20633,7423.229185045289
20634,6876.859630269213
20635,6268.459315612589
20636,8215.53400446555
20637,4526.769657802866
20638,4882.680344184372
20639,6832.722870775446
20640,7444.7938910010325
20641,8068.894381055585
20642,5486.201281771517
20643,4390.257428003174
20644,6797.23282631548
20645,6337.223811363602
20646,6504.739758328648
20647,6870.154285002112
20648,7151.5810911367935
20649,7577.432177405258
20650,6643.4903444341535
20651,4229.687715072888
20652,6556.391429593052
20653,8285.496703794426
20654,8077.202592998883
20655,7201.060587426411
20656,6592.773936043807
20657,5908.864401590291
20658,8680.024943256114
20659,5538.878972778099
20660,5985.742019625052
20661,8775.186851668572
20662,7019.508716361048
20663,8350.561219912588
20664,7981.578966693216
20665,7765.683529575643
20666,6442.743395629366
20667,7020.265953556166
20668,8125.472810604821
20669,6460.541427799664
20670,4946.940047164111
20671,5651.762074357506
20672,7336.150257061454
20673,4751.0423659967855
20674,4661.789704378402
20675,6803.52368739145
20676,6387.206144891455
20677,6994.384468735356
20678,6265.1850081043
20679,4626.409864548452
20680,6488.740241924564
20681,7209.338777246263
20682,6670.705914054278
20683,6336.95208612218
20684,5720.953146282652
20685,5493.957435907451
20686,4226.997720866343
20687,6570.292773959476
20688,4932.829988604564
20689,7724.349202285423
20690,6406.525075964616
20691,5799.149550406021
20692,10275.332703789381
20693,6157.719521428811
20694,6823.70307777662
20695,9703.01156828729
20696,6877.100575855069
20697,7253.7499170282945
20698,6804.806935200164
20699,4636.81009031781
20700,5853.202591409806
20701,5281.601298060959
20702,6391.015615134834
20703,10071.568319884616
20704,6532.479618597703
20705,3958.585046336553
20706,5611.366012182723
20707,6073.8516876630965
20708,6338.509863651229
20709,6388.522686630945
20710,5619.911531540365
20711,5524.653701606038
20712,5698.657441748299
20713,3154.484165649215
20714,4556.541676248936
20715,6121.31910239074
20716,7252.78951580419
20717,7055.95621922001
20718,5241.51310505594
20719,6713.322022002225
20720,8629.286044470377
20721,7659.127640771302
20722,5313.8338531608915
20723,9221.733083145446
20724,8279.236780232699
20725,5496.060364392452
20726,6952.32512044019
20727,4300.883395349527
20728,5435.922019387175
20729,4237.406090649416
20730,7070.667558878638
20731,4198.137865976656
20732,9026.988538172545
20733,6810.229667780421
20734,7887.198805911471
20735,8428.572953106182
20736,5810.94445272712
20737,7791.245131248827
20738,17371.341544366976
20739,8647.300293816354
20740,5100.473567467028
20741,4578.507045145371
20742,5596.39999016545
20743,7801.9995142707685
20744,6456.365351431127
20745,11339.093239826674
20746,15588.959253939087
20747,5273.6107318627
20748,5011.750815312243
20749,8159.896505421681
20750,5350.992943406264
20751,7825.236225471951
20752,6432.724976930796
20753,6443.387507963687
20754,4920.488669769463
20755,6440.153415322229
20756,6511.693606108217
20757,7476.244197535729
20758,8918.874065360573
20759,6375.410537661415
20760,6267.429963598016
20761,6906.01053062895
20762,5228.05076263075
20763,5564.8194687189825
20764,7254.95442162285
20765,5316.268296053834
20766,6348.550773176121
20767,6185.913747960204
20768,5968.046916356051
20769,5794.650569285499
20770,6961.4927170018855
20771,7002.8799881070645
20772,8067.742934192811
20773,8109.201385009136
20774,8471.387230667056
20775,6348.213526503697
20776,4526.478859253329
20777,5746.703776150904
20778,6985.332577338918
20779,6565.089502175062
20780,4931.857320466401
20781,7608.892972773833
20782,5597.99720911295
20783,7675.540058522885
20784,7612.962970040671
20785,6102.961174655159
20786,4473.6300270587335
20787,5779.671813054361
20788,7912.755130779181
20789,5472.337550140552
20790,7438.122105291844
20791,14385.505137984614
20792,7260.067028429516
20793,5393.6553359565305
20794,5704.974724812491
20795,4425.4581710110315
20796,6366.731190762061
20797,4137.770390114055
20798,5658.530852283385
20799,8763.600310325244
20800,4584.845182886774
20801,11479.996164308932
20802,12045.106715176418
20803,5656.078054850935
20804,7129.657573473602
20805,5833.745352967227
20806,6930.977968756561
20807,5023.215414551686
20808,9725.925290457408
20809,5633.564215795459
20810,8504.729518169528
20811,6571.22416688626
20812,6195.9670128845555
20813,7090.693261748889
20814,9177.071425213366
20815,6848.122055606152
20816,5310.933157961999
20817,6523.141643755646
20818,6086.73969099152
20819,7699.0914669049935
20820,8660.463433479941
20821,7429.718766844532
20822,8640.445939745974
20823,6810.238544380836
20824,9967.648340044883
20825,5512.663644499045
20826,5780.0840089764
20827,6478.966822157504
20828,9852.689145081391
20829,6750.851297586842
20830,6276.772195490228
20831,7314.001782388808
20832,6587.6446385980535
20833,6749.594996052926
20834,8155.298529023925
20835,6244.430565821277
20836,4875.678339553222
20837,12125.256779740894
20838,16049.631809284847
20839,7268.03423406652
20840,6185.260934569691
20841,7515.054551730869
20842,8878.46885419796
20843,10013.260495025499
20844,5626.36251372852
20845,6234.555188205069
20846,4923.492469658709
20847,8188.838061960798
20848,3797.4547075106357
20849,5144.607261296678
20850,6148.492255203277
20851,5649.080286528318
20852,6145.444382127053
20853,5875.461337519899
20854,4354.413495073517
20855,7033.579721360089
20856,4192.393001673255
20857,5103.210722833976
20858,6098.957958012182
20859,5419.191599123917
20860,8348.893171094083
20861,8943.691634181258
20862,8105.687100759961
20863,7086.041317813681
20864,6848.626292979496
20865,10073.296333578966
20866,6073.467249393377
20867,4065.094329176522
20868,6231.8067306923
20869,8529.097515140653
20870,5202.829068754126
20871,5990.002188049552
20872,3443.520306069474
20873,4467.657921775423
20874,8573.22528720076
20875,5520.881529960866
20876,5893.199022624325
20877,7946.171625585595
20878,7561.365497588081
20879,11596.015494022691
20880,6883.221718130316
20881,8537.884204030228
20882,3519.0036800765197
20883,5728.923378499646
20884,5321.603085811549
20885,4813.74109065039
20886,6717.449745096796
20887,4807.153677005767
20888,6940.222848615673
20889,7027.809901116486
20890,11183.85434663416
20891,7883.313565402204
20892,5827.75006776916
20893,5559.762135195689
20894,9387.425290764742
20895,7646.797475478846
20896,5849.316241006676
20897,6335.07733973429
20898,7034.9488577826905
20899,10002.341029607112
20900,5788.220399055661
20901,5783.997376187368
20902,7247.454125705642
20903,6998.19950118246
20904,11310.780953891868
20905,6699.889056555703
20906,10931.803990112807
20907,6970.608927629675
20908,6029.28896692423
20909,3549.2417744833438
20910,5535.583390408452
20911,6525.7653688325945
20912,5752.965912348788
20913,6713.297103571059
20914,6479.250181504372
20915,4018.6337265571565
20916,6670.823743130486
20917,5552.548264344041
20918,7433.301859638736
20919,7872.326740386065
20920,7167.354714235574
20921,6845.111059621482
20922,5496.529733996938
20923,8384.768309081213
20924,5425.680229100865
20925,6854.085107936876
20926,6408.792512071243
20927,6704.931164292427
20928,10845.870934686205
20929,7422.223018364152
20930,4755.901637432407
20931,5532.702984941681
20932,7064.3823877424475
20933,6108.70728579202
20934,6488.147916902115
20935,6869.748380268108
20936,6070.817476798519
20937,5793.991267252201
20938,6445.702263060648
20939,7484.368067240051
20940,5081.2174500646315
20941,6763.018653722622
20942,6347.4214733591925
20943,6075.737276633879
20944,5020.604654438774
20945,6097.777092852982
20946,7997.235739229659
20947,8880.675553124545
20948,8357.857312401482
20949,9363.736237829793
20950,8003.776780682433
20951,6333.678205898141
20952,5891.168887430748
20953,9903.136237083654
20954,9135.999429045065
20955,7490.937263169417
20956,7134.129812809435
20957,7220.201605489701
20958,5917.70897552114
20959,5421.44093876195
20960,9525.599129463983
20961,6945.20335552907
20962,6317.656663161846
20963,6247.445225048738
20964,4063.4883490789366
20965,8490.397818831407
20966,6513.898753895118
20967,6060.87866400633
20968,5306.212961296958
20969,5891.446217121363
20970,6502.603970041712
20971,7721.743554778606
20972,7136.04362051747
20973,5584.593918220711
20974,4947.028802385409
20975,3771.819116557153
20976,4426.027059098403
20977,5943.200123373549
20978,16069.187181085545
20979,4079.514718739328
20980,4391.023658246209
20981,6177.298395253149
20982,5086.849437595157
20983,3843.536466244259
20984,5996.18951241707
20985,3558.460885481894
20986,7352.135509181172
20987,5837.945959899004
20988,4451.329269203117
20989,8211.499335572273
20990,5185.466254335907
20991,5554.093225577873
20992,7958.795798748064
20993,6593.008377890206
20994,9831.589374836449
20995,5680.086331586183
20996,6487.131426853607
20997,5810.569656609932
20998,7784.923535819044
20999,12431.570022097621
21000,10967.161058909891
21001,6387.357397438986
21002,4949.476265832616
21003,6039.700433418505
21004,6594.2365484358015
21005,3837.2663085049217
21006,9793.64097903368
21007,6794.723242914164
21008,5624.218657309942
21009,7578.2583395742395
21010,4939.89359850733
21011,6494.612729714188
21012,8079.9954712564095
21013,7426.037090431508
21014,6778.399789966819
21015,4115.084899169392
21016,5375.74852690641
21017,6540.843793279286
21018,9141.889980446656
21019,7301.56554045274
21020,6842.388554038744
21021,5090.410044805661
21022,6651.417586630926
21023,5016.287841379742
21024,5594.875005567526
21025,6106.052085755868
21026,6136.477429896574
21027,5480.8107002640345
21028,6762.748533572948
21029,7003.917485742802
21030,6687.098290505768
21031,6525.0605913759255
21032,6566.186049259031
21033,7194.922698901364
21034,6163.437267888534
21035,8413.256651996033
21036,6569.942946443554
21037,4284.0120601791095
21038,9039.964750860383
21039,4518.609738401351
21040,3116.9093031432017
21041,8320.958882566287
21042,8450.500884644389
21043,10469.314050363726
21044,5516.887273807153
21045,6462.768315988892
21046,5940.444223033348
21047,6327.8285849832655
21048,4836.890796301852
21049,6397.531066542972
21050,3485.624914471205
21051,5003.042964078589
21052,4651.210686753538
21053,5955.778085122286
21054,5033.523095510774
21055,7006.264861473639
21056,7688.542604104031
21057,6034.794793205974
21058,8892.728962196443
21059,7629.391519510855
21060,7878.026378603527
21061,5800.082340719571
21062,6768.628288151524
21063,5978.061273813415
21064,9256.498969295673
21065,6275.375895196811
21066,3768.2321051535478
21067,9075.028996427503
21068,7790.172422790149
21069,5680.737869028851
21070,6162.717935600654
21071,4582.096605746321
21072,8312.815195795516
21073,5092.923751579079
21074,7283.620990863649
21075,7133.320293898656
21076,4852.2399161561425
21077,7098.211153683904
21078,5989.610975331022
21079,6442.12908509829
21080,7798.944857569927
21081,4676.198610160047
21082,7980.475940768739
21083,8794.487900316515
21084,8067.551288296002
21085,5334.298350518809
21086,5965.290687118456
21087,5000.852364738772
21088,3046.048784442303
21089,7440.8904414417775
21090,5228.691321698316
21091,7614.301597229553
21092,4726.509838111235
21093,7466.858875224593
21094,6819.974932879683
21095,7534.4712026048655
21096,5638.77183201322
21097,5922.184580311335
21098,4976.703232608042
21099,7363.771291689423
21100,5947.904440601308
21101,6959.591824904099
21102,8699.053394086586
21103,9500.251944142217
21104,7189.335728153536
21105,5942.575791483704
21106,6317.100718480761
21107,4874.378458087049
21108,5567.2547622503225
21109,8650.769137631485
21110,7232.939698842112
21111,7794.418309804643
21112,13501.684703580731
21113,5474.5342594191525
21114,5482.5600483272365
21115,5438.720975884217
21116,6743.5853452164265
21117,11145.771454439913
21118,6974.477787411355
21119,7733.444236396791
21120,6622.198763396099
21121,6688.481019740838
21122,7863.571219565134
21123,4097.709541746658
21124,5600.386692414681
21125,4812.098065461519
21126,3973.362234152089
21127,4510.375167618771
21128,6976.27216806707
21129,14205.330193412934
21130,6734.300023277556
21131,5835.883543541026
21132,6375.091940217152
21133,4810.808935936028
21134,7228.716100767569
21135,4504.64453865774
21136,8856.028424945442
21137,6256.885916267763
21138,6577.182139702524
21139,12355.605776773022
21140,11160.239364936055
21141,5393.104267715068
21142,6668.1576926668295
21143,4961.536084501531
21144,6153.777022033706
21145,5765.833182031806
21146,8386.714435048036
21147,3673.5454244491007
21148,5594.032695515334
21149,5585.570860265931
21150,6795.366153323788
21151,5418.699065059504
21152,5778.139473658283
21153,4912.944087582749
21154,7697.914792011384
21155,6586.1611551971355
21156,6259.811986191696
21157,4400.074275927073
21158,3484.061069811834
21159,6628.570157761572
21160,4656.52397560031
21161,8351.362344978257
21162,5542.009088626361
21163,5095.077010553796
21164,7065.109936063831
21165,5785.994773343273
21166,5677.110208508615
21167,5961.7327617043065
21168,6452.514583654013
21169,9293.444527436857
21170,8434.84568697963
21171,6393.040260220824
21172,5436.289809949714
21173,6259.181996931917
21174,6108.405705306177
21175,4488.712114794031
21176,6704.877730938956
21177,6311.941638273992
21178,9872.727240362787
21179,9562.769102012482
21180,6606.642595909208
21181,6874.220049075542
21182,5645.6168612314505
21183,8078.0291306477575
21184,6060.123178943523
21185,11327.239966316101
21186,6714.217030174458
21187,6080.6272887813575
21188,4900.7641717080305
21189,5035.09552319233
21190,7456.861895843447
21191,17937.71817656374
21192,3046.2813892895406
21193,3664.4457439534995
21194,8274.631557341967
21195,5979.79105081179
21196,6621.238294310244
21197,7903.289211340751
21198,4716.209134796766
21199,5501.040448375488
21200,4273.107645087547
21201,8358.11313466365
21202,6068.874108134942
21203,6501.990946435966
21204,6564.5363868873765
21205,5286.033450983125
21206,7238.729668742541
21207,6877.688747705558
21208,4668.81497972535
21209,8993.817792581553
21210,8676.470624317733
21211,4729.634085493369
21212,6288.995855185428
21213,6529.020524323453
21214,5381.776900127301
21215,8468.304215834236
21216,6487.965982760928
21217,6634.330054486421
21218,5331.787907061419
21219,6130.366835162687
21220,7090.836032123362
21221,4931.5591521612105
21222,7864.233948728298
21223,3483.0590885531487
21224,5390.4330564683205
21225,4391.3532631072885
21226,6267.05963994516
21227,5511.239723071745
21228,5768.647552089373
21229,6996.225181676068
21230,7263.1245821697485
21231,6484.259667842834
21232,5899.213823642474
21233,6924.449424403194
21234,6829.440563022341
21235,8974.939815852309
21236,7465.23933631684
21237,4956.868576193404
21238,5830.094628065932
21239,6989.797644361017
21240,4882.000744422975
21241,11039.490407994983
21242,6169.193523567373
21243,6502.518351979187
21244,10302.897557274095
21245,5872.723696403978
21246,4367.80893144978
21247,13590.584499227396
21248,9385.91571053733
21249,6666.969208194542
21250,7867.885474688092
21251,9522.967745286825
21252,6323.058527593395
21253,5318.338214616233
21254,5945.9662966390115
21255,6052.889943235069
21256,5783.078495475969
21257,5882.597438268895
21258,4176.753318627957
21259,7280.026432448479
21260,5905.269128287758
21261,5805.0561521743675
21262,5857.793617581202
21263,6637.417526258682
21264,5913.691632583246
21265,6082.482969004555
21266,8007.848855652717
21267,5625.322152414055
21268,6463.670665486436
21269,5915.101026633952
21270,6812.3988934948775
21271,8347.618056784328
21272,5236.149041247373
21273,5635.654066452169
21274,6459.143693199223
21275,5431.452777997692
21276,7373.146141383189
21277,5483.311302337548
21278,5134.2985155503475
21279,8003.832269956563
21280,7260.273288057194
21281,5954.042166820413
21282,6224.50026159758
21283,6597.417318624073
21284,5626.363997901848
21285,3850.9526147778934
21286,2819.3546465830086
21287,6679.158180398988
21288,5240.591453776127
21289,5639.242760869283
21290,9424.118146970237
21291,8561.4223574199
21292,4460.884457368998
21293,7320.697435541161
21294,4652.576979310711
21295,3387.533442402849
21296,5911.401245510198
21297,10888.744940655813
21298,6934.941613104899
21299,6376.651353571258
21300,4928.999723360197
21301,5927.39043432569
21302,8082.086846540311
21303,5974.973815776295
21304,8610.284869259274
21305,4004.815314638721
21306,5158.480126599702
21307,4862.301323522217
21308,4956.314073274975
21309,5048.72421204527
21310,3727.3150097726198
21311,5587.96929739449
21312,4312.616875539209
21313,6474.727633266666
21314,6481.507065807267
21315,5495.72908777561
21316,5475.824805845413
21317,7240.952842999469
21318,5926.365500516582
21319,5197.679204665121
21320,8861.461965845541
21321,7245.197183289495
21322,6212.015796336363
21323,3350.942727824634
21324,10277.089669108453
21325,7073.26234440417
21326,4177.331622290924
21327,9545.249973344185
21328,8526.788519575923
21329,6939.613038033736
21330,6229.625343029579
21331,7244.735380870051
21332,8169.770159797616
21333,12846.115624710976
21334,4524.514419654684
21335,4039.358681119856
21336,4437.361702303932
21337,6183.765084685915
21338,6183.0299599051505
21339,6903.389690009071
21340,6566.041637889587
21341,6068.085347290853
21342,4078.8985433147054
21343,6841.966407453237
21344,8529.510461276619
21345,4343.549823091329
21346,7194.068923443582
21347,3788.6833382469586
21348,7471.270436763137
21349,7999.113874776375
21350,6342.452411921057
21351,8562.18412180671
21352,6531.4966850869805
21353,5096.849890256762
21354,6541.706216321053
21355,6214.004513857565
21356,8042.2013702405575
21357,6538.610227927983
21358,7030.977357683623
21359,6409.373989523927
21360,5129.330914802219
21361,8384.76107015141
21362,5499.093692194923
21363,9430.12486563813
21364,6099.854194415708
21365,5446.071650857151
21366,7705.925037986241
21367,6086.032328905956
21368,6035.001610659373
21369,7366.462557496524
21370,3379.858130962937
21371,3705.660968628761
21372,6728.745256823143
21373,8442.437673163588
21374,8683.976287542373
21375,6345.034349430199
21376,6935.121268887162
21377,5894.818835029457
21378,6602.482829768169
21379,4560.38243804411
21380,9021.434078472766
21381,8371.564960555856
21382,11264.486883079513
21383,5010.594976383563
21384,5425.95489202341
21385,10003.658691605086
21386,7701.98030715257
21387,3852.446015537502
21388,9805.361251938983
21389,6652.845840687099
21390,5917.094780962553
21391,5269.584883024089
21392,5186.8963993544385
21393,6010.684365865576
21394,6716.834026202865
21395,5411.455067055395
21396,4544.8297662040795
21397,7553.331173234293
21398,6809.989032850572
21399,20460.57310164815
21400,7647.09487570386
21401,0.0
21402,0.0
21403,0.0
21404,0.0
21405,0.0
21406,0.0
21407,0.0
21408,0.0
21409,0.0
21410,0.0
21411,0.0
21412,0.0
21413,0.0
21414,0.0
21415,0.0
21416,0.0
21417,0.0
21418,0.0
21419,0.0
21420,0.0
21421,0.0
21422,0.0
21423,0.0
21424,0.0
21425,0.0
21426,0.0
21427,0.0
21428,0.0
21429,0.0
21430,0.0
21431,0.0
21432,0.0
21433,0.0
21434,0.0
21435,0.0
21436,0.0
21437,0.0
21438,0.0
21439,0.0
21440,0.0
21441,0.0
21442,0.0
21443,0.0
21444,0.0
21445,0.0
21446,0.0
21447,0.0
21448,0.0
21449,0.0
21450,0.0
21451,0.0
21452,0.0
21453,0.0
21454,0.0
21455,0.0
21456,0.0
21457,0.0
21458,0.0
21459,0.0
21460,0.0
21461,0.0
21462,0.0
21463,0.0
21464,0.0
21465,0.0
21466,0.0
21467,0.0
21468,0.0
21469,0.0
21470,0.0
21471,0.0
21472,0.0
21473,0.0
21474,0.0
21475,0.0
21476,0.0
21477,0.0
21478,0.0
21479,0.0
21480,0.0
21481,0.0
21482,0.0
21483,0.0
21484,0.0
21485,0.0
21486,0.0
21487,0.0
21488,0.0
21489,0.0
21490,0.0
21491,0.0
21492,2979.7137347026837
21493,0.0
21494,0.0
21495,0.0
21496,0.0
21497,0.0
21498,0.0
21499,0.0
21500,0.0
21501,0.0
21502,0.0
21503,0.0
21504,0.0
21505,0.0
21506,0.0
21507,0.0
21508,0.0
21509,0.0
21510,0.0
21511,0.0
21512,0.0
21513,0.0
21514,0.0
21515,0.0
21516,0.0
21517,0.0
21518,0.0
21519,0.0
21520,0.0
21521,0.0
21522,0.0
21523,0.0
21524,0.0
21525,0.0
21526,0.0
21527,0.0
21528,0.0
21529,0.0
21530,0.0
21531,0.0
21532,0.0
21533,0.0
21534,0.0
21535,0.0
21536,0.0
21537,0.0
21538,0.0
21539,0.0
21540,0.0
21541,0.0
21542,0.0
21543,0.0
21544,0.0
21545,0.0
21546,0.0
21547,0.0
21548,0.0
21549,0.0
21550,0.0
21551,0.0
21552,0.0
21553,0.0
21554,0.0
21555,0.0
21556,0.0
21557,0.0
21558,0.0
21559,0.0
21560,2733.4054243698747
21561,0.0
21562,0.0
21563,0.0
21564,0.0
21565,0.0
21566,0.0
21567,0.0
21568,0.0
21569,0.0
21570,0.0
21571,0.0
21572,0.0
21573,0.0
21574,0.0
21575,0.0
21576,0.0
21577,0.0
21578,0.0
21579,0.0
21580,0.0
21581,0.0
21582,0.0
21583,0.0
21584,0.0
21585,0.0
21586,0.0
21587,0.0
21588,0.0
21589,0.0
21590,0.0
21591,0.0
21592,0.0
21593,0.0
21594,0.0
21595,0.0
21596,0.0
21597,0.0
21598,0.0
21599,0.0
21600,0.0
21601,13688.285622260033
21602,26700.067505013023
21603,0.0
21604,0.0
21605,0.0
21606,0.0
21607,0.0
21608,0.0
21609,0.0
21610,6425.0304597938675
21611,0.0
21612,0.0
21613,0.0
21614,0.0
21615,0.0
21616,0.0
21617,0.0
21618,0.0
21619,0.0
21620,0.0
21621,0.0
21622,0.0
21623,0.0
21624,0.0
21625,0.0
21626,0.0
21627,0.0
21628,0.0
21629,4527.5010424008115
21630,0.0
21631,0.0
21632,0.0
21633,0.0
21634,0.0
21635,0.0
21636,0.0
21637,0.0
21638,0.0
21639,3484.8877114942006
21640,0.0
21641,0.0
21642,0.0
21643,0.0
21644,0.0
21645,0.0
21646,0.0
21647,0.0
21648,0.0
21649,0.0
21650,0.0
21651,0.0
21652,0.0
21653,0.0
21654,0.0
21655,0.0
21656,0.0
21657,8055.795740768172
21658,0.0
21659,0.0
21660,0.0
21661,0.0
21662,0.0
21663,0.0
21664,0.0
21665,0.0
21666,0.0
21667,0.0
21668,0.0
21669,0.0
21670,0.0
21671,0.0
21672,0.0
21673,0.0
21674,6704.863472049438
21675,0.0
21676,0.0
21677,0.0
21678,0.0
21679,0.0
21680,0.0
21681,0.0
21682,0.0
21683,0.0
21684,0.0
21685,0.0
21686,0.0
21687,0.0
21688,0.0
21689,0.0
21690,0.0
21691,0.0
21692,0.0
21693,0.0
21694,0.0
21695,0.0
21696,0.0
21697,0.0
21698,0.0
21699,0.0
21700,0.0
21701,0.0
21702,0.0
21703,0.0
21704,0.0
21705,0.0
21706,0.0
21707,0.0
21708,0.0
21709,0.0
21710,0.0
21711,0.0
21712,0.0
21713,0.0
21714,0.0
21715,0.0
21716,0.0
21717,0.0
21718,0.0
21719,0.0
21720,0.0
21721,0.0
21722,0.0
21723,0.0
21724,0.0
21725,0.0
21726,0.0
21727,0.0
21728,0.0
21729,0.0
21730,0.0
21731,0.0
21732,0.0
21733,0.0
21734,0.0
21735,0.0
21736,1966.883282406434
21737,0.0
21738,0.0
21739,0.0
21740,0.0
21741,0.0
21742,0.0
21743,0.0
21744,0.0
21745,0.0
21746,0.0
21747,0.0
21748,0.0
21749,0.0
21750,4050.155948332264
21751,0.0
21752,0.0
21753,0.0
21754,0.0
21755,0.0
21756,0.0
21757,0.0
21758,0.0
21759,0.0
21760,0.0
21761,0.0
21762,0.0
21763,0.0
21764,0.0
21765,0.0
21766,0.0
21767,0.0
21768,0.0
21769,0.0
21770,0.0
21771,0.0
21772,0.0
21773,0.0
21774,0.0
21775,0.0
21776,0.0
21777,0.0
21778,0.0
21779,0.0
21780,0.0
21781,0.0
21782,0.0
21783,0.0
21784,0.0
21785,0.0
21786,0.0
21787,0.0
21788,0.0
21789,0.0
21790,0.0
21791,0.0
21792,0.0
21793,6263.302120651079
21794,0.0
21795,0.0
21796,0.0
21797,0.0
21798,0.0
21799,0.0
21800,0.0
21801,0.0
21802,0.0
21803,2854.2549102395196
21804,0.0
21805,0.0
21806,0.0
21807,3018.3285735140676
21808,0.0
21809,0.0
21810,0.0
21811,0.0
21812,0.0
21813,0.0
21814,0.0
21815,0.0
21816,0.0
21817,0.0
21818,0.0
21819,0.0
21820,0.0
21821,0.0
21822,0.0
21823,0.0
21824,0.0
21825,0.0
21826,0.0
21827,0.0
21828,0.0
21829,0.0
21830,0.0
21831,0.0
21832,0.0
21833,0.0
21834,18065.92242276562
21835,0.0
21836,0.0
21837,0.0
21838,0.0
21839,0.0
21840,0.0
21841,0.0
21842,0.0
21843,0.0
21844,0.0
21845,0.0
21846,0.0
21847,0.0
21848,5834.319570531154
21849,0.0
21850,0.0
21851,0.0
21852,0.0
21853,0.0
21854,0.0
21855,0.0
21856,0.0
21857,0.0
21858,0.0
21859,0.0
21860,0.0
21861,0.0
21862,0.0
21863,0.0
21864,0.0
21865,0.0
21866,0.0
21867,0.0
21868,0.0
21869,0.0
21870,0.0
21871,0.0
21872,0.0
21873,0.0
21874,0.0
21875,0.0
21876,0.0
21877,0.0
21878,0.0
21879,0.0
21880,0.0
21881,0.0
21882,0.0
21883,0.0
21884,0.0
21885,0.0
21886,0.0
21887,0.0
21888,0.0
21889,0.0
21890,0.0
21891,0.0
21892,0.0
21893,0.0
21894,0.0
21895,0.0
21896,0.0
21897,0.0
21898,0.0
21899,0.0
21900,0.0
21901,0.0
21902,0.0
21903,0.0
21904,0.0
21905,0.0
21906,0.0
21907,0.0
21908,0.0
21909,0.0
21910,0.0
21911,0.0
21912,0.0
21913,0.0
21914,0.0
21915,0.0
21916,0.0
21917,0.0
21918,0.0
21919,0.0
21920,0.0
21921,0.0
21922,0.0
21923,10696.016893848506
21924,0.0
21925,0.0
21926,0.0
21927,0.0
21928,0.0
21929,0.0
21930,0.0
21931,0.0
21932,0.0
21933,0.0
21934,0.0
21935,0.0
21936,0.0
21937,0.0
21938,0.0
21939,0.0
21940,0.0
21941,0.0
21942,0.0
21943,0.0
21944,0.0
21945,0.0
21946,0.0
21947,0.0
21948,0.0
21949,0.0
21950,0.0
21951,0.0
21952,0.0
21953,0.0
21954,0.0
21955,0.0
21956,0.0
21957,0.0
21958,0.0
21959,0.0
21960,0.0
21961,0.0
21962,0.0
21963,0.0
21964,0.0
21965,0.0
21966,0.0
21967,2904.533099430903
21968,16331.65977839172
21969,0.0
21970,0.0
21971,0.0
21972,0.0
21973,0.0
21974,0.0
21975,0.0
21976,0.0
21977,0.0
21978,0.0
21979,0.0
21980,0.0
21981,0.0
21982,0.0
21983,0.0
21984,0.0
21985,0.0
21986,0.0
21987,0.0
21988,0.0
21989,0.0
21990,0.0
21991,0.0
21992,0.0
21993,0.0
21994,0.0
21995,0.0
21996,12023.974129469889
21997,0.0
21998,0.0
21999,0.0
22000,0.0
22001,0.0
22002,0.0
22003,0.0
22004,0.0
22005,0.0
22006,0.0
22007,0.0
22008,0.0
22009,0.0
22010,0.0
22011,0.0
22012,0.0
22013,0.0
22014,0.0
22015,0.0
22016,0.0
22017,0.0
22018,0.0
22019,0.0
22020,0.0
22021,0.0
22022,0.0
22023,0.0
22024,0.0
22025,0.0
22026,0.0
22027,0.0
22028,0.0
22029,0.0
22030,0.0
22031,0.0
22032,0.0
22033,0.0
22034,0.0
22035,0.0
22036,0.0
22037,0.0
22038,0.0
22039,0.0
22040,0.0
22041,0.0
22042,0.0
22043,0.0
22044,0.0
22045,0.0
22046,0.0
22047,0.0
22048,0.0
22049,0.0
22050,0.0
22051,0.0
22052,0.0
22053,0.0
22054,0.0
22055,0.0
22056,0.0
22057,0.0
22058,0.0
22059,0.0
22060,0.0
22061,0.0
22062,0.0
22063,0.0
22064,0.0
22065,0.0
22066,2928.7083278367245
22067,0.0
22068,0.0
22069,0.0
22070,2369.3058238956028
22071,0.0
22072,0.0
22073,0.0
22074,0.0
22075,0.0
22076,0.0
22077,0.0
22078,0.0
22079,0.0
22080,0.0
22081,0.0
22082,0.0
22083,0.0
22084,0.0
22085,0.0
22086,0.0
22087,0.0
22088,0.0
22089,0.0
22090,0.0
22091,0.0
22092,0.0
22093,0.0
22094,0.0
22095,0.0
22096,0.0
22097,0.0
22098,0.0
22099,0.0
22100,0.0
22101,0.0
22102,0.0
22103,0.0
22104,0.0
22105,0.0
22106,0.0
22107,0.0
22108,0.0
22109,0.0
22110,0.0
22111,0.0
22112,0.0
22113,0.0
22114,0.0
22115,0.0
22116,0.0
22117,0.0
22118,0.0
22119,0.0
22120,0.0
22121,2619.4439828896207
22122,0.0
22123,0.0
22124,0.0
22125,0.0
22126,0.0
22127,0.0
22128,0.0
22129,0.0
22130,0.0
22131,0.0
22132,0.0
22133,0.0
22134,0.0
22135,0.0
22136,9137.924978079021
22137,0.0
22138,0.0
22139,0.0
22140,0.0
22141,0.0
22142,0.0
22143,0.0
22144,0.0
22145,0.0
22146,0.0
22147,0.0
22148,0.0
22149,0.0
22150,0.0
22151,0.0
22152,0.0
22153,0.0
22154,0.0
22155,0.0
22156,0.0
22157,0.0
22158,0.0
22159,0.0
22160,0.0
22161,0.0
22162,0.0
22163,0.0
22164,0.0
22165,0.0
22166,0.0
22167,0.0
22168,0.0
22169,0.0
22170,0.0
22171,0.0
22172,0.0
22173,0.0
22174,0.0
22175,0.0
22176,0.0
22177,0.0
22178,0.0
22179,0.0
22180,0.0
22181,0.0
22182,0.0
22183,0.0
22184,0.0
22185,0.0
22186,0.0
22187,0.0
22188,0.0
22189,0.0
22190,0.0
22191,0.0
22192,0.0
22193,0.0
22194,0.0
22195,0.0
22196,0.0
22197,0.0
22198,0.0
22199,0.0
22200,3390.568062733415
22201,0.0
22202,0.0
22203,0.0
22204,0.0
22205,0.0
22206,0.0
22207,0.0
22208,0.0
22209,0.0
22210,0.0
22211,0.0
22212,0.0
22213,0.0
22214,0.0
22215,0.0
22216,0.0
22217,0.0
22218,0.0
22219,0.0
22220,0.0
22221,0.0
22222,0.0
22223,0.0
22224,0.0
22225,0.0
22226,0.0
22227,0.0
22228,0.0
22229,0.0
22230,0.0
22231,0.0
22232,0.0
22233,0.0
22234,0.0
22235,0.0
22236,0.0
22237,0.0
22238,0.0
22239,0.0
22240,0.0
22241,12401.435000990778
22242,4938.897618391044
22243,0.0
22244,0.0
22245,0.0
22246,0.0
22247,0.0
22248,0.0
22249,0.0
22250,0.0
22251,0.0
22252,0.0
22253,0.0
22254,0.0
22255,0.0
22256,0.0
22257,4747.2568368019265
22258,4203.395454159895
22259,6059.590155935106
22260,3929.3694146780226
22261,5897.093110658201
22262,3859.2590956577733
22263,6194.797117275356
22264,6100.28228627475
22265,4210.083433477638
22266,3394.795854735581
22267,6708.106330472759
22268,5617.259329782524
22269,4959.059963826063
22270,6040.98111325482
22271,4927.646380949535
22272,3004.551937370653
22273,6140.023516922089
22274,7856.344535506902
22275,8768.26252136333
22276,7637.113611243087
22277,6936.798412404215
22278,4019.836074883062
22279,5981.899550944294
22280,2505.0724854396235
22281,7169.050788822746
22282,8942.694734935247
22283,7627.478192067941
22284,5470.836454818253
22285,3318.4597651709178
22286,4110.738066459796
22287,5941.144612364218
22288,8121.876940802346
22289,5876.492680121639
22290,4910.610241288494
22291,5440.108787495619
22292,6327.359490094408
22293,2840.6248438117
22294,7126.2715785689325
22295,4436.10175387474
22296,6714.218166084036
22297,6305.639213951573
22298,3940.2799932929606
22299,6749.857527532575
22300,5263.553752507125
22301,4506.064401195242
22302,4486.0001693829145
22303,6339.9580279425045
22304,10488.104723476177
22305,5721.731529354707
22306,6092.351134523547
22307,7270.321311459912
22308,7994.503928524253
22309,6209.459714856968
22310,6560.664498166292
22311,2780.5555425799707
22312,3421.161768867258
22313,5110.113922033546
22314,5888.7366570158465
22315,8532.057057173926
22316,6964.9149931059665
22317,3837.490986774161
22318,6953.653318206219
22319,4969.122810974079
22320,6368.522879593169
22321,3221.011505597304
22322,10582.08935172202
22323,3801.9827891654563
22324,4209.348511837759
22325,6855.918547891535
22326,4838.98793401324
22327,5421.497353880843
22328,4238.899637639173
22329,5774.129203148762
22330,5454.494189786782
22331,5464.967054238772
22332,7336.931510057077
22333,7470.388977707273
22334,5452.344466333307
22335,3859.384171305361
22336,6562.221556164121
22337,11954.853617423678
22338,5362.200902753807
22339,3054.52298428113
22340,6560.60855381084
22341,5152.413358139911
22342,6140.973581728753
22343,7308.6190617393895
22344,2807.0196662405588
22345,6986.650124130166
22346,5023.641007733855
22347,5685.440485139782
22348,5626.314834525034
22349,3609.49715381903
22350,5725.338446074448
22351,5651.675848455219
22352,6992.0138265825335
22353,6727.206972276849
22354,4489.319412892043
22355,4836.378476814366
22356,6476.279173807683
22357,5765.104332228178
22358,4101.357479004207
22359,5428.979019432705
22360,5249.918803328237
22361,5774.8445522297425
22362,5529.526108581627
22363,3381.896112795584
22364,6049.253632654386
22365,5660.996967372402
22366,6282.98416585733
22367,7891.331591720891
22368,7604.100076467036
22369,5464.934601437298
22370,7434.051530095379
22371,4641.860130564758
22372,4083.278319585171
22373,7751.949364506899
22374,6382.410017417713
22375,7465.069252601137
22376,8734.191114127381
22377,7430.740042699208
22378,5745.243835219486
22379,6134.773986244709
22380,7636.036887751445
22381,4071.296258515509
22382,2591.535259366081
22383,5594.771834545463
22384,5192.186571388816
22385,5420.459189131706
22386,3804.138295167076
22387,6289.385010706624
22388,5488.541429610756
22389,5142.212205608741
22390,5608.00401662231
22391,3539.3725970053288
22392,6029.125758305803
22393,6879.955400673495
22394,4469.374050624621
22395,5739.43368427312
22396,3555.113679362705
22397,6447.157332726278
22398,3302.169895370509
22399,4372.3348719402675
22400,4555.086707072705
22401,7405.205427859019
22402,4706.446894836866
22403,4601.555991091201
22404,10490.529725349088
22405,4757.62522759658
22406,5836.340197310796
22407,9981.143042036263
22408,6499.303009607157
22409,6947.962405141444
22410,6194.451891841881
22411,5775.301144586287
22412,5276.100556921958
22413,3720.6669641401213
22414,5863.28758730272
22415,7645.6012381543715
22416,4504.336437174501
22417,3174.1982791630744
22418,2994.348521530537
22419,7069.842172452134
22420,7703.88535626888
22421,5617.304701733072
22422,6049.006355504397
22423,4937.898089349978
22424,3854.372291596701
22425,2370.078625931137
22426,3523.2719544132487
22427,5433.338212088874
22428,7033.936012254763
22429,5821.432940302095
22430,4882.488837028643
22431,8441.612166680214
22432,7783.453663817654
22433,7279.65858566579
22434,4896.492831040593
22435,7692.321582746721
22436,9330.997486745284
22437,4109.91217193585
22438,6183.866316037231
22439,5143.373428629146
22440,6147.298994674283
22441,3475.032117622651
22442,5706.2631824272785
22443,4889.668235780059
22444,7626.663130532682
22445,6229.120346340209
22446,7309.814437897942
22447,7100.947101699956
22448,5196.96191067728
22449,7419.071524063384
22450,18136.13022697682
22451,9272.567794813565
22452,4868.376551552725
22453,3372.092700937362
22454,6406.412303494631
22455,7655.082541885231
22456,4004.9255407079445
22457,10091.95863177875
22458,16578.753774142784
22459,4114.734566712866
22460,3767.8334069417083
22461,9368.540595920154
22462,3882.2887716175255
22463,7288.700721994541
22464,3958.627769876437
22465,5418.147844570276
22466,4127.632126298081
22467,5494.525034136041
22468,6110.239945161659
22469,5291.926682179376
22470,8859.20243659377
22471,6047.116563433236
22472,5919.456674890824
22473,6603.645811851383
22474,5012.151894709654
22475,5440.972491901851
22476,7742.506332800379
22477,4880.542289091845
22478,5523.247372749566
22479,4714.425369969286
22480,4145.933557080303
22481,4237.3174255686
22482,5268.405429195233
22483,5336.998150402781
22484,8038.344346797501
22485,6537.8284734587305
22486,6973.5676017926435
22487,4554.828368234977
22488,4890.030582703047
22489,4007.087323659571
22490,5512.956159973548
22491,6115.678930824953
22492,3122.5117538677105
22493,6654.00499947473
22494,6134.707009495799
22495,6028.2132046412535
22496,5670.511911873707
22497,5235.842709986622
22498,3470.4969886263257
22499,3114.2149846074335
22500,8674.69931330645
22501,5299.42375096764
22502,5554.625948597431
22503,12227.89433819127
22504,7029.599677733723
22505,5266.335703382263
22506,5382.97284639497
22507,3488.402215136912
22508,4605.026810438138
22509,3474.71374472269
22510,4015.4648366850247
22511,7637.103520463253
22512,5226.01588727769
22513,10362.697505379227
22514,11346.404733120364
22515,5367.981217065703
22516,5457.90681345758
22517,4081.0534248345584
22518,5030.215810742718
22519,4816.976049385406
22520,9826.559321329212
22521,6402.033377713301
22522,7218.0565916241985
22523,4772.456201746796
22524,5380.65748093841
22525,6321.9360468140385
22526,7176.855638827827
22527,6490.309530396656
22528,4894.632881006605
22529,6403.964673786213
22530,5506.900751710001
22531,8467.391092873291
22532,7315.464741745784
22533,6509.34344471567
22534,7932.774291011946
22535,6544.812447529018
22536,8525.831769349375
22537,3259.412384695629
22538,5379.522593294297
22539,5885.388825529273
22540,8993.134492842344
22541,6092.818807691083
22542,7109.763661403203
22543,6697.469333568132
22544,7562.13662856145
22545,6005.506035531363
22546,6806.925563274755
22547,5698.484803756121
22548,3971.6617135818547
22549,11782.004904668262
22550,15794.45788827317
22551,6939.26404969335
22552,6953.4769173324
22553,7618.178964915528
22554,8416.228964772848
22555,7957.641592005954
22556,4555.229413524476
22557,5055.918806675286
22558,5776.752361548994
22559,7570.421890749132
22560,2874.094860801459
22561,5000.3679629987755
22562,5649.131506587061
22563,4048.94288951283
22564,5156.586484880797
22565,3787.025651140716
22566,3472.5965584636515
22567,6311.629887169213
22568,2832.615694105902
22569,3950.5812860654974
22570,5527.59325262325
22571,5691.416626489675
22572,7857.7300586489955
22573,9570.466640653596
22574,6319.247829593536
22575,6891.078439774579
22576,6363.574724803183
22577,9133.383187340563
22578,5180.650908858829
22579,3377.6444938785644
22580,5171.857069154114
22581,9341.04564733013
22582,3809.9048215056805
22583,7131.2180761016125
22584,3634.48118293915
22585,4119.02162924433
22586,6338.262995833377
22587,5098.633959404828
22588,5490.8534953910685
22589,8178.641500671746
22590,8510.925431311014
22591,9325.70060288286
22592,4265.400078690054
22593,9233.995455270035
22594,2755.0785329489436
22595,4492.0173679824975
22596,6054.781415488539
22597,4057.335209750848
22598,7945.650016765257
22599,3258.580173612644
22600,5024.884160475336
22601,6204.593198447859
22602,8815.558587770713
22603,8960.6599455045
22604,4470.5833564352715
22605,3285.342007817924
22606,6464.600678657525
22607,7350.535410069871
22608,5490.758392291635
22609,5653.168169581453
22610,7578.4472399265605
22611,7992.480067283877
22612,5325.864925611399
22613,4651.469819558355
22614,6871.765280166776
22615,6046.588608915324
22616,11829.437427713401
22617,6793.515898157919
22618,12856.883792040417
22619,6195.202049798732
22620,5456.5919088045675
22621,2959.3551337163053
22622,5429.272454552983
22623,5591.304460883527
22624,5207.859703915962
22625,7488.85509101004
22626,5946.3825504969955
22627,3156.3079945708846
22628,6846.072243251873
22629,4530.038718264628
22630,6460.21971592833
22631,7253.878764386367
22632,5844.14480513935
22633,7934.47422356936
22634,5099.289255103471
22635,7127.327644034808
22636,4215.572433259552
22637,6463.980891614334
22638,6283.6574919255545
22639,4426.58142432753
22640,8842.326037139044
22641,6538.0442258120775
22642,3711.9993039345704
22643,4672.305980370624
22644,6802.674742100246
22645,5335.214564010707
22646,5021.562904925388
22647,6077.5602202545115
22648,4997.067038877579
22649,5391.1331530576535
22650,6289.040945543939
22651,9209.408194749416
22652,4804.343098706137
22653,4329.0458276210575
22654,5612.895069853737
22655,5738.414390345748
22656,3218.2304759199974
22657,4685.285165925755
22658,8317.483966971597
22659,6430.01731803732
22660,9678.910057453077
22661,8285.91815984736
22662,7670.727087841098
22663,4411.225464731717
22664,4225.276732754301
22665,9707.052078000715
22666,7624.4525119742775
22667,6711.242356059712
22668,6264.100729337691
22669,6691.551896714676
22670,4380.012845722318
22671,3748.763669531717
22672,8501.552712247474
22673,6351.867657388688
22674,5813.7554805836135
22675,5040.995879421972
22676,2521.024078015248
22677,8095.110731947003
22678,6346.622180824125
22679,5183.436751196454
22680,3810.4096318806314
22681,5136.391516058883
22682,5389.213673431263
22683,5431.712039581264
22684,8158.064568692646
22685,4879.979075561611
22686,4201.974718786084
22687,3546.798515819722
22688,3111.634325154571
22689,5362.274088820108
22690,14968.289305126296
22691,3668.3705315947045
22692,5677.861514271931
22693,6036.249523208853
22694,3282.3014738497827
22695,3906.1288052208506
22696,5502.334411721069
22697,3164.5851011127143
22698,8874.127272090926
22699,6520.385314318196
22700,2706.658789721034
22701,8005.504835803919
22702,2899.465658565653
22703,3961.6897705137653
22704,7414.194600508777
22705,7711.685806018558
22706,8141.546036175703
22707,3529.7578889819256
22708,5299.7079973338905
22709,4230.053035565636
22710,7103.583196036583
22711,14854.90175377606
22712,10642.227077211815
22713,5649.79385927695
22714,3348.0100998221255
22715,5660.4152672575765
22716,4306.566876407582
22717,2871.74122886247
22718,8341.862954547381
22719,4889.944050211392
22720,4972.077298990462
22721,6989.9312931494305
22722,4591.480736979365
22723,4832.893328647278
22724,5634.774690493199
22725,7214.724187008993
22726,6759.653462196475
22727,3278.3899382599243
22728,4148.109159364355
22729,6449.094623381727
22730,8528.994553565102
22731,6383.879628219181
22732,6501.390636547401
22733,2696.253022589748
22734,6952.536892537223
22735,4641.665715684575
22736,2828.0951469970464
22737,5250.462589896526
22738,5310.123274368606
22739,4326.638029937584
22740,6219.377750658366
22741,5059.151903242085
22742,5560.817236550286
22743,6305.101263786281
22744,5909.146714168927
22745,7416.841692756814
22746,5178.309636958647
22747,8163.639748126865
22748,6030.864102347829
22749,3245.046074499404
22750,10161.738219591156
22751,3560.2729764994137
22752,3680.7139436465704
22753,6494.615025351482
22754,9301.328922596433
22755,8802.421353362042
22756,4112.301456401949
22757,4564.023810055439
22758,4660.118120390412
22759,6229.82375070188
22760,5506.874504918898
22761,7336.538720302739
22762,2582.367411118036
22763,5530.796195223442
22764,5317.452872247524
22765,5111.012351247045
22766,3310.3870903604384
22767,6678.752023414098
22768,6951.386166788668
22769,4091.321833516068
22770,7045.363482671612
22771,7405.3687052925925
22772,7269.585641870123
22773,4553.544229672933
22774,4525.601544306278
22775,4161.575601539772
22776,7385.345736850999
22777,5407.124983884056
22778,2809.3456642722
22779,7884.27319206797
22780,6695.875970929724
22781,6646.49558995195
22782,5518.708285814215
22783,2816.5331760075787
22784,8107.603500796916
22785,4065.703437227621
22786,7993.81686384084
22787,5472.935454312966
22788,4687.53912449262
22789,7825.850798072182
22790,4940.110137037392
22791,5167.347342753651
22792,6392.111526676007
22793,3876.946086885859
22794,6094.651985999914
22795,9733.847418534593
22796,6625.582238228668
22797,3112.0320213489395
22798,5357.625956784265
22799,2736.840753084842
22800,2258.7020902186123
22801,6732.859892416367
22802,4863.556355485652
22803,5943.596460481306
22804,4149.100452239492
22805,5995.144973539811
22806,4626.5561135887565
22807,8010.151180457847
22808,5109.387000859827
22809,5418.877948351293
22810,5293.352687277853
22811,5976.473008866273
22812,5469.491348771529
22813,4944.600219805316
22814,7193.4662026775795
22815,9206.340460554147
22816,6566.686259643086
22817,6844.717176056545
22818,5601.658036071535
22819,3128.9022425644175
22820,5114.056203411091
22821,8993.917302728409
22822,6200.291227161057
22823,4638.881877632636
22824,13805.056178188412
22825,4970.332024755779
22826,4997.218047744591
22827,4319.130578598682
22828,7563.201273905655
22829,10524.905311907929
22830,6178.504669917584
22831,7189.271673287842
22832,7585.925970274497
22833,5389.122563032715
22834,6578.725713244869
22835,4924.022753264855
22836,3932.3019510795875
22837,4727.461623929864
22838,3241.122729986593
22839,3464.0696126686635
22840,7516.576368233928
22841,17415.78650756031
22842,5558.341535403198
22843,2903.410037501398
22844,5596.5265577744585
22845,4244.0374449952915
22846,6078.253752043305
22847,2058.075754062571
22848,5786.32719276479
22849,5914.645467073768
22850,4386.578437739103
22851,11108.681371972287
22852,11388.96759750421
22853,5128.414380206167
22854,4124.623497757303
22855,3802.1422420634917
22856,4992.443642707652
22857,4548.7590320152685
22858,7693.923658291978
22859,4009.3667080162227
22860,4976.428979733175
22861,4027.150346861579
22862,5721.900629535648
22863,4548.045355751827
22864,6209.287930443152
22865,2555.9740314858686
22866,7135.473927198498
22867,5568.308996423848
22868,5617.759040387217
22869,4647.405896081391
22870,3629.4200121490962
22871,5407.66442529796
22872,3431.768381238417
22873,8258.203722012277
22874,4805.65576881666
22875,3770.609388942012
22876,5630.235263574613
22877,5037.5429875410055
22878,5281.66972980037
22879,4979.817926936593
22880,5496.837834418334
22881,8076.955654673237
22882,7179.665390036679
22883,5802.454663380289
22884,4223.169662312194
22885,4306.274881052748
22886,5537.78687022693
22887,5173.230505048223
22888,5106.067914911434
22889,5039.465701992088
22890,9438.243860163502
22891,7521.260173611535
22892,4041.5601170058367
22893,4186.624102312963
22894,4647.441276367008
22895,6866.360795815272
22896,5197.237023498479
22897,9127.75555050265
22898,5873.032057095752
22899,5183.129606205389
22900,3772.9745789652848
22901,2834.5381362935236
22902,5491.425894875325
22903,20010.67651833076
22904,2097.503593550843
22905,4600.374555059245
22906,6771.872804005666
22907,6594.077914871425
22908,5864.346101373185
22909,7269.896844978454
22910,5182.16562207617
22911,5271.576026132085
22912,3361.651044512196
22913,6815.120609588013
22914,3749.655272391457
22915,5256.942111679527
22916,6172.914501638257
22917,3761.006972716022
22918,6780.623434972645
22919,6642.337091935462
22920,4057.074881454325
22921,7174.900467646797
22922,6413.85337841982
22923,2507.78121917962
22924,6876.470575222283
22925,6055.803541166703
22926,4579.79276439392
22927,7793.842879721845
22928,6195.79856118748
22929,6780.776353421976
22930,3998.0735466104234
22931,5598.836079225727
22932,4535.064662519437
22933,3722.2212669616265
22934,6515.6992233178335
22935,2956.624158600321
22936,5505.512226541517
22937,3417.3700523652624
22938,5890.841125982129
22939,5133.5007284561025
22940,4723.471486763568
22941,5858.814345937567
22942,7072.480423763233
22943,4885.48220753797
22944,6641.970868395841
22945,5472.529772745638
22946,6341.618711088147
22947,7900.39116151183
22948,6427.801246662273
22949,4508.699867065729
22950,4361.662378375916
22951,5327.56352044388
22952,3789.5575048267024
22953,10641.021282453205
22954,5607.746233626018
22955,6128.34136743625
22956,8930.234505491886
22957,6407.278025955661
22958,2810.5499973209157
22959,11863.906723767808
22960,7548.817108222561
22961,6054.7678817144115
22962,7030.717407169642
22963,8344.900601053612
22964,6447.448788174283
22965,5433.0345090473875
22966,4766.970005712614
22967,3848.0129265230216
22968,4196.015840804942
22969,7172.080102006266
22970,3366.283841854344
22971,7298.0412769731165
22972,6983.584458199737
22973,5722.030149527048
22974,6644.7171562188905
22975,4952.745320634999
22976,7428.195964680662
22977,4040.2504500992604
22978,4810.321580593583
22979,4783.53440672005
22980,3735.274326859612
22981,6187.328867453049
22982,6150.830872905244
22983,6375.7936393663795
22984,5802.9399234623
22985,3927.866349360374
22986,5955.799733516218
22987,5863.0106599284445
22988,6706.191414138627
22989,3214.776433530206
22990,4112.390630599085
22991,7685.171477346756
22992,6292.100148555877
22993,3872.543641050323
22994,7378.524826162742
22995,6294.281624136929
22996,5878.854738222072
22997,4594.721527411161
22998,2004.6217302210032
22999,6215.509480651574
23000,6018.833889928226
23001,5814.479428100485
23002,8017.975858100924
23003,7049.9344696824355
23004,3590.4544629359816
23005,6774.464098353993
23006,2720.6077812114913
23007,1964.137870119107
23008,6274.763830160002
23009,9297.61416926809
23010,5994.393112216369
23011,5258.115199677126
23012,2923.828449930926
23013,4865.495957968441
23014,8578.775104496392
23015,6399.221572111667
23016,8063.77750354528
23017,3273.8329080460476
23018,4627.360267329641
23019,3104.534862427377
23020,5057.243356841943
23021,3895.2259696259707
23022,2749.5190280729776
23023,5064.783194298693
23024,2681.673556113542
23025,5588.672700636561
23026,5477.937134382311
23027,4934.904744977538
23028,4531.8571369902875
23029,6943.136640390141
23030,4590.00580060398
23031,3929.030733407663
23032,8467.593522743826
23033,7301.340784937439
23034,5858.321157605589
23035,2366.978641291502
23036,6439.45918450395
23037,6727.840329712867
23038,4867.2544809037645
23039,8355.370040219854
23040,9944.8433538733
23041,6054.4699307475985
23042,5872.806770805405
23043,5571.555847101986
23044,8735.949184408588
23045,11401.242620399478
23046,3818.395712580438
23047,4321.862628424901
23048,5676.425966745998
23049,6115.49459457179
23050,5163.89462280737
23051,8447.057913713199
23052,6124.624599004511
23053,5334.6761166613005
23054,3011.0828247699715
23055,5493.660313309478
23056,5557.504389886944
23057,3200.8145477461094
23058,6667.7469951984285
23059,2960.303799586539
23060,6851.453273631278
23061,6433.832572259778
23062,5269.372152905664
23063,6874.052803686208
23064,4203.534534743727
23065,4639.082824148605
23066,6121.293240497677
23067,5824.5088838693755
23068,7375.78671731965
23069,5754.238456464852
23070,6661.357658861314
23071,5498.93129688749
23072,3246.1606280909855
23073,8554.805255464064
23074,3231.03762177067
23075,10035.01578856065
23076,5510.445891579156
23077,4936.675079379441
23078,6344.771310196133
23079,4129.906235776145
23080,5001.940249179898
23081,6672.440412028279
23082,3365.7609501196293
23083,2756.5396751853377
23084,6193.939340783702
23085,6222.716445555134
23086,7917.994659205275
23087,5871.788232393713
23088,5386.333426872288
23089,4573.825239391038
23090,6282.14859600144
23091,3806.8310942180765
23092,9683.906934151311
23093,6327.815521150759
23094,11359.733143865735
23095,4707.041539869312
23096,4642.812869087075
23097,9589.63357583644
23098,6489.938140367385
23099,3065.0051746456134
23100,8917.922684152938
23101,5249.895520947646
23102,5299.791406541468
23103,5440.991883814039
23104,5321.687444099558
23105,3640.4921392334422
23106,4816.801988070346
23107,4271.265951790053
23108,3320.7087197268975
23109,7860.022657570492
23110,5731.831955368958
23111,21417.33060286252
23112,7021.320335032318
23113,5877.9277797384775
23114,8291.653674026662
23115,10088.056629273226
23116,6671.205462879991
23117,7787.028287070318
23118,6025.545646034277
23119,8366.976478447175
23120,8533.553527731716
23121,6223.5793442852355
23122,6191.228077383248
23123,8008.917651323352
23124,7739.12313063579
23125,7464.825927181555
23126,7820.653484176791
23127,6633.386685493301
23128,5706.199616127283
23129,7504.985036268616
23130,10408.569970482284
23131,11208.84617127445
23132,10773.856495110796
23133,8019.476788603866
23134,6800.988798477331
23135,7162.670222569235
23136,5423.5549769412655
23137,8987.23084650455
23138,11519.59015159031
23139,9354.102371842788
23140,6592.735411033171
23141,6133.274432352057
23142,5507.995041308447
23143,6947.120035426692
23144,10794.398829087533
23145,7650.195659415433
23146,6151.546307777937
23147,6913.498239848731
23148,8292.953917193134
23149,5021.312640516892
23150,8215.00513410932
23151,5500.340889135713
23152,8671.431376882834
23153,7513.552985082029
23154,6418.308313763429
23155,7718.9168370437765
23156,7593.626048619772
23157,5867.652793388363
23158,7501.279637692208
23159,7499.385153480763
23160,12949.760644047912
23161,6977.7881370769555
23162,8922.906555936423
23163,8581.545745780819
23164,9583.1612766445
23165,7463.717692721677
23166,10284.485458386967
23167,5724.798838818411
23168,5619.380501564872
23169,7227.298446534668
23170,7281.968454901092
23171,10116.867282015348
23172,8044.977408557405
23173,6122.926814753204
23174,8006.833804507981
23175,6721.086010643932
23176,10669.12705377495
23177,5196.903790591531
23178,13439.687102546093
23179,5962.772237180193
23180,6446.6494721833005
23181,8835.046224064004
23182,6230.727824257638
23183,6960.926996528917
23184,7657.376051927932
23185,7999.361042408576
23186,8077.9643729913505
23187,6365.343664769764
23188,8300.967179297766
23189,8573.016825132194
23190,7683.235489197009
23191,6251.25505827051
23192,7685.223739670872
23193,12257.183991491913
23194,6955.062855565943
23195,5347.880164184517
23196,8006.484330202055
23197,6540.114947781344
23198,7260.485706660781
23199,7639.194498221482
23200,5240.243816104
23201,7954.482836026568
23202,6831.440054693432
23203,7485.6365343331545
23204,8202.037083359877
23205,5606.25877118545
23206,7028.580879729425
23207,7542.402374805605
23208,8447.251511349825
23209,8978.79504387581
23210,6265.1066894632095
23211,5936.96274671217
23212,7687.840606786231
23213,7201.5519083250665
23214,6341.857000006426
23215,7575.802437324657
23216,7788.017467406617
23217,8193.332495344925
23218,7026.907936132011
23219,5694.669689752943
23220,7056.301427689794
23221,8854.651090339245
23222,8636.257667095604
23223,9833.86170888468
23224,8888.119417162483
23225,6894.865439822973
23226,9044.02637751505
23227,6843.239170500514
23228,8062.9893576359655
23229,9339.224058021611
23230,7283.657365837383
23231,9961.883323625016
23232,9497.48597982822
23233,8648.72673976481
23234,7265.512780251753
23235,8517.961036282555
23236,8963.332812186147
23237,6679.332889966746
23238,5188.037765355776
23239,6759.5546138888285
23240,7953.084406578535
23241,6822.1495486136655
23242,6220.931342295117
23243,8696.167546838078
23244,7097.42952793277
23245,7456.73613603801
23246,6584.332607283914
23247,6120.561944783903
23248,7926.4639653225495
23249,7876.581307391345
23250,7588.890175720112
23251,7098.927152021184
23252,6151.140094633867
23253,7628.59168573516
23254,4865.802478995332
23255,6481.1248302635695
23256,5853.649662920823
23257,8474.28209711562
23258,7111.464822922331
23259,6409.65704106652
23260,11117.269365452192
23261,6433.56383090579
23262,7840.517418458911
23263,10662.848711274677
23264,7426.102200991446
23265,7999.93248750714
23266,8449.06016505157
23267,7462.496258266412
23268,6285.046747998747
23269,6180.609913100796
23270,8164.261698180007
23271,11084.821334959717
23272,6601.466453705111
23273,4453.00588084612
23274,5898.58135678969
23275,8475.258139529264
23276,8822.130993993613
23277,7358.5871796444135
23278,8077.134192838927
23279,5642.522744729024
23280,6374.9502520721
23281,4071.5113095834154
23282,5745.581415694301
23283,6900.96203378722
23284,8011.162512253146
23285,7500.781530824092
23286,6867.818475995353
23287,9466.460491555421
23288,10794.00104682807
23289,8262.822870793994
23290,5892.3609484626195
23291,9532.509191756923
23292,12053.378799088534
23293,6411.547461184532
23294,8373.534453410644
23295,6063.989820667473
23296,6897.736597110141
23297,4739.443898069178
23298,7970.356572909734
23299,6290.097094864874
23300,8989.682989602688
23301,7157.417769906176
23302,9299.510832761445
23303,8858.983066976554
23304,6493.841882304928
23305,9151.962606149042
23306,20275.61869684123
23307,12371.631473788122
23308,7149.69253403772
23309,4587.19621490801
23310,7418.041998960552
23311,10266.933214159193
23312,6671.165464278192
23313,11652.467190546458
23314,18539.553277686806
23315,5555.4550704629355
23316,5589.380255582317
23317,9279.421986010757
23318,6042.624252833945
23319,10507.471213529847
23320,7543.207646831472
23321,7703.893499460052
23322,5529.706573801377
23323,7516.918366158085
23324,7672.492805522484
23325,7642.704294835431
23326,10139.918799130015
23327,7303.090990640959
23328,6757.921779232078
23329,7917.91918088024
23330,6104.094574870819
23331,5888.483537665365
23332,8290.319343343392
23333,6346.935993768648
23334,6828.523884114252
23335,7758.73221314274
23336,6143.603195561268
23337,6432.338817502697
23338,7093.63917082399
23339,7484.368729167711
23340,9018.907791770922
23341,7810.171220421748
23342,8757.985769577044
23343,6457.167667254913
23344,5310.516317516466
23345,7871.612525309982
23346,7344.422620611445
23347,6874.012383251715
23348,5385.40353591179
23349,9635.57715301889
23350,7906.05851166147
23351,8091.284150125345
23352,7433.268491062512
23353,6657.65556645206
23354,5895.275667425668
23355,5471.031040911095
23356,10673.282117525561
23357,6392.706288235798
23358,7910.761344853836
23359,15357.614106804813
23360,8085.598091607272
23361,7035.4703328042
23362,6306.893235450626
23363,5897.609429767412
23364,7768.281373743145
23365,5395.7566276304315
23366,5802.085741153284
23367,10507.697461752414
23368,6339.935840218337
23369,15637.269572968706
23370,14560.546575401453
23371,6169.15781848323
23372,8072.723441698684
23373,6387.46575953752
23374,7400.743216760498
23375,6470.315437392327
23376,10806.225182927006
23377,8113.224230193981
23378,9964.891443527802
23379,7531.140336254396
23380,7885.214594318141
23381,7336.0617717602745
23382,9909.414736111206
23383,8258.789268539475
23384,7243.060015842704
23385,7329.485517849065
23386,7160.456704530716
23387,9560.617692240143
23388,9647.23232005391
23389,7474.528983590093
23390,10511.732713724126
23391,7506.402642067193
23392,10903.149888874503
23393,5672.886419469406
23394,6409.629669091731
23395,6858.491237173444
23396,11727.416745397477
23397,7337.414883313983
23398,8669.332526588229
23399,7923.423634371681
23400,9022.624031542475
23401,6988.435331374911
23402,9042.70042218814
23403,7425.4959109775755
23404,5344.898025865506
23405,14767.152685202578
23406,18493.388612933704
23407,8148.779436422208
23408,8075.057325494537
23409,10278.498869369214
23410,11156.95682547377
23411,10664.091158656602
23412,7159.610820094177
23413,7754.937366041719
23414,6890.33383886337
23415,8881.577626995388
23416,5248.4697576176
23417,7060.3488170917535
23418,7136.760009044959
23419,6365.551294788908
23420,7764.492198299098
23421,6084.0717699599745
23422,5972.456674066216
23423,7555.8900788557585
23424,4839.87300771869
23425,5695.845918861668
23426,6948.068302444672
23427,7946.883863503238
23428,9250.00088197012
23429,10027.57535972665
23430,8349.78850958556
23431,7847.917080843719
23432,7378.15873773597
23433,10482.936056724842
23434,7462.532548265339
23435,5799.488627677766
23436,6528.963987964016
23437,9491.696872763074
23438,5542.038255247472
23439,8378.566587011635
23440,4354.429883475459
23441,5837.673872747311
23442,8955.69667680101
23443,5769.769907761127
23444,6977.900684603074
23445,9365.283475985108
23446,9741.681496339465
23447,11461.366118924961
23448,6647.827018984944
23449,10529.925430060115
23450,4736.40725913223
23451,6103.20285407763
23452,7130.967964029093
23453,5558.298756406823
23454,8697.601629185789
23455,5945.601487164042
23456,6655.844371789138
23457,8740.276667366052
23458,11719.689169301126
23459,9018.057466141605
23460,6512.22313763628
23461,5771.149797075792
23462,9452.866629053344
23463,8378.847662806762
23464,7385.734583894873
23465,6670.5619479452425
23466,7729.450936035003
23467,10854.97016048003
23468,6021.464561081951
23469,6996.855026510319
23470,8194.005041355056
23471,8662.695223047669
23472,13649.595856051443
23473,7248.445155127907
23474,13384.798515229259
23475,7609.728277240376
23476,6411.0663210616485
23477,4483.028334078317
23478,7401.899965639717
23479,7078.886181710092
23480,6585.7619016132985
23481,8044.9975657590285
23482,6906.98627654192
23483,5512.309798154828
23484,7809.584945191064
23485,6357.804576322138
23486,8358.341468418832
23487,8297.700613040097
23488,8229.766597800508
23489,9614.172116294207
23490,6609.788030198056
23491,9046.008574325262
23492,6163.8702381010635
23493,7549.424084716096
23494,7110.608573944646
23495,6693.047356460014
23496,11218.336452565045
23497,7415.736290929547
23498,5628.198296159115
23499,7424.518031463699
23500,9161.617012006569
23501,7986.819496850386
23502,7336.373447883204
23503,8470.931653490634
23504,6687.1640549066915
23505,6976.598444783068
23506,7570.927415047816
23507,10481.83993754307
23508,6904.003166092497
23509,7085.1050030577835
23510,7092.035024097761
23511,6664.542207409686
23512,5511.015967735217
23513,7043.646005222124
23514,9012.367342772137
23515,8886.266397650474
23516,11056.9606830599
23517,12339.888158461687
23518,8909.829118290389
23519,6587.4302656773425
23520,6230.3091026184475
23521,11279.98105127593
23522,9458.986224171807
23523,8536.377729582835
23524,8793.79325991604
23525,9210.72344001242
23526,6428.2590592594925
23527,5919.510924843537
23528,10379.609718228134
23529,7480.400425068403
23530,8011.633433109908
23531,7010.3483399214665
23532,3769.9846079739905
23533,10882.592567055315
23534,7594.790493962896
23535,6585.657749145334
23536,5402.335134427895
23537,6549.850310367129
23538,7274.844773416104
23539,9433.813476400259
23540,7734.970752833316
23541,5396.498945447264
23542,5771.817805134128
23543,5278.2565878828955
23544,4868.244726971966
23545,8032.444821974248
23546,17439.688033480637
23547,5606.82280297839
23548,6473.238342121146
23549,7477.485751791698
23550,5730.290321880392
23551,5935.766941111291
23552,6572.801136542006
23553,5277.2250943947
23554,8171.534290529473
23555,8339.529240281943
23556,5068.637923356902
23557,9261.394227744002
23558,5744.869087174609
23559,5830.247742307423
23560,8689.362215380426
23561,9324.08301782519
23562,9703.570656970654
23563,6432.561583006352
23564,7634.213979543482
23565,5635.091320007068
23566,8329.745563346787
23567,14563.454029494826
23568,11424.320424525562
23569,7243.738233189638
23570,5101.559341469753
23571,6203.550108724035
23572,6627.290210612409
23573,5349.064234749934
23574,9759.435925800177
23575,6800.367927492719
23576,6046.6176880281255
23577,9685.689104699935
23578,5856.736765479215
23579,6716.700423953157
23580,8170.6671492875
23581,8377.204642325223
23582,8441.046764791654
23583,5275.865322688645
23584,6409.769780382818
23585,7770.214625087168
23586,10106.758380608346
23587,8994.300931981552
23588,7643.622039239293
23589,5464.665646753639
23590,7132.613557969787
23591,6439.231567379858
23592,5382.681066887624
23593,7939.048813209858
23594,7731.871178976621
23595,6796.553800421293
23596,7332.742255258683
23597,7036.275246984287
23598,7326.939945084728
23599,7144.504592979128
23600,7165.681176081856
23601,8385.24988293114
23602,7286.198576572607
23603,10095.733960929752
23604,7206.72175990019
23605,5756.530569311822
23606,11881.042896060031
23607,5868.117365755882
23608,4922.390422220312
23609,9125.216181818789
23610,9720.908324871221
23611,12133.424962704757
23612,6001.73886205928
23613,6782.143490849143
23614,6622.029127201802
23615,8235.149268522693
23616,6912.179163343918
23617,8744.796851175899
23618,4565.235429070699
23619,7553.033764825943
23620,6942.920061272865
23621,6627.142400887566
23622,5792.0004192545475
23623,7848.996035852047
23624,8852.583656489252
23625,6260.50985240505
23626,10038.804179211495
23627,8487.244965220798
23628,8613.147737042058
23629,6197.038370358842
23630,7463.632919111134
23631,6609.527378969152
23632,10949.939293836984
23633,8056.453594307867
23634,5325.463175479092
23635,8871.25049382307
23636,8358.515854853498
23637,7901.182076895627
23638,6340.0830512371995
23639,4722.988925094942
23640,8923.03421905517
23641,6768.073928482975
23642,9362.935135707146
23643,7841.9820926058
23644,6489.864168668939
23645,9138.441593556785
23646,7544.359075392562
23647,7406.491663909411
23648,8077.0109381515695
23649,6379.895159603522
23650,8437.568693227586
23651,11277.409217636508
23652,8858.319594293738
23653,5228.580245757011
23654,6856.8672967494185
23655,5405.091666369207
23656,4098.0621538554215
23657,9221.781319978345
23658,5767.261553609418
23659,9469.189814986694
23660,5577.684864428848
23661,8666.996883251852
23662,7326.373517506304
23663,10017.229998305873
23664,6413.411902529448
23665,6623.031024719378
23666,7055.346440883063
23667,8402.42965348545
23668,6638.885335484323
23669,8491.2598939542
23670,8959.676842903484
23671,10282.73699566983
23672,7877.14552200837
23673,8122.102982199142
23674,7005.342108766722
23675,5231.226659089105
23676,6703.823713719505
23677,10944.389544164082
23678,9863.946064760647
23679,7366.021530717684
23680,15324.348250271696
23681,7206.394660980982
23682,6416.4545920726605
23683,6956.948550924502
23684,8889.25986534859
23685,12124.332873433803
23686,7706.175177778568
23687,8570.357589294612
23688,8827.956679211355
23689,7326.74360146445
23690,7870.533741038405
23691,6279.246600816592
23692,5716.556543883645
23693,5825.458041718276
23694,5100.339598630836
23695,5856.301446845104
23696,9356.007345097309
23697,16629.861675970908
23698,7043.425586666463
23699,5824.9778261616
23700,8031.1820600860765
23701,5213.144583897363
23702,7424.628147575476
23703,4260.511968683421
23704,10021.246993281156
23705,6818.9441187426855
23706,6937.252744281587
23707,13946.267644008552
23708,12222.415351028934
23709,7164.9156711052465
23710,7373.742279562677
23711,4443.293098323508
23712,6401.962850636767
23713,6217.2535360652455
23714,9071.47306854417
23715,6029.592196958166
23716,6006.721734959646
23717,6169.66249320845
23718,7133.9017858375
23719,6777.625901509417
23720,7657.307302615376
23721,4261.028531747027
23722,8226.047615365438
23723,8177.709145523357
23724,8707.52894326477
23725,6198.000159553606
23726,5529.370452513249
23727,7996.285840657284
23728,5189.203959835243
23729,9756.805764516737
23730,6104.240312264426
23731,5970.684290015195
23732,7511.282707528954
23733,6584.410303157191
23734,6463.031181125923
23735,7684.23379953125
23736,7384.2369093496345
23737,9957.009143884216
23738,10440.731079018766
23739,7048.645614775169
23740,5178.274225362183
23741,6751.168464430798
23742,6697.209109170005
23743,6779.922684471873
23744,6899.50619521472
23745,6647.554436355888
23746,10939.761967715427
23747,8663.033793825294
23748,7085.8339658048735
23749,7469.972120315329
23750,6520.673696355578
23751,9533.337656662025
23752,7001.492138776282
23753,13292.206857358042
23754,7501.933665552525
23755,6373.051509893648
23756,6204.370533847079
23757,4941.232137083677
23758,7894.355943050029
23759,19107.345391594437
23760,4583.085089305997
23761,5716.157200247757
23762,10282.215587387518
23763,8322.371550308635
23764,7179.152814584362
23765,8435.448166232203
23766,6555.009917521488
23767,6102.202547315333
23768,5219.877225102567
23769,8843.091611288852
23770,6451.840459064304
23771,7073.73039662983
23772,7385.418708097504
23773,5660.268154072891
23774,8526.083779262783
23775,7652.254508040995
23776,5313.223142191228
23777,9422.264519241062
23778,9444.53654884798
23779,5249.760228296291
23780,8250.280928435748
23781,7626.4448248606395
23782,6095.00389225851
23783,9098.326909853258
23784,7068.346812511217
23785,8071.137190522863
23786,5953.8792343911055
23787,6534.254019406486
23788,6999.075528339186
23789,4983.136333757691
23790,7972.810311821169
23791,5339.90361226392
23792,6567.456309608065
23793,5956.308388768955
23794,6807.6476255554035
23795,6588.672276141715
23796,7467.618213898981
23797,8190.649508509206
23798,8387.35035242472
23799,7297.454746541405
23800,7301.4223474566525
23801,7418.9463594502995
23802,9054.918782666417
23803,9357.50225001515
23804,7726.36590727739
23805,5564.526221785994
23806,6609.900334027767
23807,7078.288106788969
23808,5551.959828866712
23809,11725.949206652498
23810,7112.964425911955
23811,8203.293013965493
23812,11269.713358446217
23813,6937.298007781804
23814,5245.175403798616
23815,13493.668156974672
23816,9905.644191323843
23817,6944.1941144301145
23818,9185.48985146532
23819,10252.803976809315
23820,6903.979518144277
23821,6811.116748146972
23822,7406.7137141779785
23823,6760.732970542407
23824,6357.251213168003
23825,7954.861720654788
23826,5765.687697607486
23827,7863.03880641827
23828,8381.353746024779
23829,7038.110679283116
23830,8288.261325293031
23831,6659.78952998606
23832,7657.411655868996
23833,6024.067560933994
23834,9147.056584110056
23835,7389.360945869832
23836,7069.947705060902
23837,7369.735896538524
23838,7688.864148864588
23839,8879.31572178091
23840,7061.885216590652
23841,6222.411274676825
23842,7345.516620007025
23843,7488.301234649537
23844,7532.126003663163
23845,5540.2378097433875
23846,5506.921992725338
23847,8554.672449119465
23848,7176.755417954914
23849,6392.9058755521255
23850,8673.680784814504
23851,7091.775674074722
23852,7318.389229753622
23853,5825.213539354308
23854,4288.908443843352
23855,7993.698670676044
23856,7550.642066474787
23857,7846.421799244432
23858,10313.517858581514
23859,9199.562599972078
23860,5503.2605200460885
23861,8972.113190709391
23862,4790.832560622599
23863,4276.501236466854
23864,8078.438594640849
23865,12009.443011331005
23866,9156.371680296776
23867,7990.664211294578
23868,5694.344190411245
23869,7614.050694947489
23870,9922.038524442763
23871,7877.022156140831
23872,9379.892622962108
23873,5830.5985420879615
23874,5056.510289426218
23875,5770.539028918488
23876,6331.07047702859
23877,6686.563776945783
23878,5371.262457858782
23879,6799.559415019163
23880,4925.74547658515
23881,7189.018551441512
23882,8305.951021198962
23883,6242.5802396368235
23884,7171.600845455652
23885,7805.5051203862895
23886,5856.918354714954
23887,6053.943550548007
23888,9599.157319626964
23889,9000.857224782309
23890,6967.135481998057
23891,4808.616539492044
23892,13047.721155695723
23893,8273.13703206985
23894,6439.513887105308
23895,10548.304924137947
23896,9532.063840849138
23897,7737.565818019787
23898,6903.100400204799
23899,7476.309804293333
23900,10245.26641143352
23901,14218.6277194043
23902,6364.554605170164
23903,5590.65443597385
23904,6677.805744267236
23905,7514.4938166474985
23906,7326.466635997897
23907,9211.4971179421
23908,9230.218139582896
23909,6844.872560020931
23910,5334.00257448248
23911,7467.081743945572
23912,8687.639056097925
23913,5752.027529546098
23914,8119.709671923691
23915,4750.43225825738
23916,8896.177013011884
23917,9169.039657979045
23918,7559.904633951993
23919,8966.027364876436
23920,6853.742584846769
23921,5834.740187506725
23922,7067.470055580996
23923,8192.701308692129
23924,8635.768721226228
23925,7751.667830432684
23926,7799.300545201742
23927,7511.219946037202
23928,5666.526616829621
23929,9844.27664392682
23930,5296.227945662656
23931,10911.859484770057
23932,6917.909118096627
23933,6030.262434006636
23934,7613.42361666742
23935,6797.260385888595
23936,7800.181663707952
23937,9213.569556336655
23938,4737.969182293383
23939,5212.238055329838
23940,7734.708612308835
23941,9957.533282274102
23942,9268.555071739629
23943,7105.449024590378
23944,7221.4710835333
23945,6987.384113840021
23946,7526.159031672578
23947,6334.872884900518
23948,11034.279210597628
23949,8969.954186351546
23950,12452.797674996493
23951,5409.595368618543
23952,6414.238520293545
23953,10296.696314565725
23954,8145.360376245316
23955,5736.593335099483
23956,10883.48904692624
23957,7013.098286150923
23958,6737.485210266474
23959,5867.742468538645
23960,6676.122388079052
23961,5810.043166831159
23962,7307.940280754935
23963,5430.019561953656
23964,5778.637385821397
23965,9954.068246898045
23966,7407.178370472782
23967,21802.249708828203
23968,8068.481895354177
23969,5674.899619103841
23970,8228.652605863002
23971,10261.984652994423
23972,6714.279996029841
23973,7742.940753443631
23974,6068.620179184127
23975,8424.801746003252
23976,8679.373953649003
23977,6061.63073110049
23978,6146.314591566558
23979,7870.085530910999
23980,7893.731745594202
23981,7524.016362566139
23982,8007.265534940168
23983,6577.589314521974
23984,5769.755890870011
23985,7524.502118563794
23986,10356.69661390528
23987,11619.724082675986
23988,10740.352295408698
23989,7905.869539661214
23990,6746.241334764989
23991,7075.393029317092
23992,5430.054425969189
23993,8873.87025555465
23994,11338.13305749349
23995,9393.497483489962
23996,6332.603615386604
23997,6099.770232649974
23998,5558.034482962767
23999,6903.411468175861
24000,10812.308246056258
24001,7425.075186617661
24002,6007.919590904779
24003,6789.024995624874
24004,8240.845758843127
24005,5033.57099156351
24006,8073.74310655291
24007,5379.979494199142
24008,8524.960983858336
24009,7455.369771053965
24010,6413.923047647171
24011,7648.2181482415535
24012,7741.60393873715
24013,6109.9929181802145
24014,7195.495583451257
24015,7731.08736325001
24016,12631.971585285673
24017,6725.36653397143
24018,9160.267001966213
24019,8693.931921792231
24020,9744.431893149116
24021,7406.9068194246065
24022,10046.325101735925
24023,5873.78741229571
24024,5783.874627896032
24025,6966.015132409795
24026,7047.698860280847
24027,10226.07156500533
24028,8022.0491352986155
24029,6111.61971496826
24030,7855.040565734005
24031,6768.2560193972995
24032,10807.168205348626
24033,5173.729956367002
24034,13165.033353440356
24035,6052.245698174458
24036,6493.819480936668
24037,8880.570799804844
24038,6280.434218910516
24039,6847.624947374568
24040,7692.9309219786155
24041,7799.084442102978
24042,7744.221515522133
24043,6343.281877757924
24044,8100.3389277628985
24045,8429.491522933446
24046,7707.516800927605
24047,6323.640542421326
24048,7792.023664279809
24049,11785.141244588187
24050,7203.08967924408
24051,5737.992114770881
24052,7764.004249374114
24053,6646.914872390281
24054,7059.1565848317805
24055,7542.840197223571
24056,5233.901743961603
24057,7834.8632130920705
24058,7095.9831145853495
24059,7351.204047363347
24060,8335.9513800239
24061,5637.676199267093
24062,6766.35949460023
24063,7377.39568534283
24064,8304.40164256085
24065,9029.878389388841
24066,6190.29679807032
24067,5682.9298825275655
24068,7641.7420657649345
24069,7036.036693200767
24070,6716.428599904377
24071,7742.45389144309
24072,7894.817392015553
24073,8207.185261312945
24074,6940.460822257704
24075,5731.594477833024
24076,6934.499962723927
24077,8951.447892549231
24078,8742.90881920356
24079,9497.10564573845
24080,8565.408220074769
24081,6759.341998506782
24082,9218.480307597712
24083,6806.1879800329
24084,8130.496961984289
24085,9439.96067894749
24086,7224.918705607023
24087,9806.896530634864
24088,9231.3719784663
24089,8496.933500990837
24090,7089.429906164429
24091,8362.974243292412
24092,8829.77749254503
24093,6793.140116544586
24094,5258.578131711137
24095,6609.167109863054
24096,8041.8262403543495
24097,6537.760160432492
24098,6236.612866364939
24099,8672.993712613537
24100,7239.113909543316
24101,7190.302331298039
24102,6549.831091260929
24103,6097.388110559374
24104,7971.6264025831715
24105,7748.053390553956
24106,7679.173864115268
24107,7017.976272826674
24108,6239.881928409682
24109,7299.855407348069
24110,5009.02871522522
24111,6604.348102329962
24112,5702.594669818397
24113,8322.488858341656
24114,7239.508011541527
24115,6521.9643256738955
24116,10986.71893538555
24117,6596.8779338080085
24118,7578.273860431679
24119,10664.729007299433
24120,7391.600684968461
24121,7880.407918746722
24122,8360.805787345744
24123,7022.679019243365
24124,6188.692447000836
24125,6270.893601495952
24126,8184.804612487343
24127,11173.563168735522
24128,6593.295623460907
24129,4323.1941517539535
24130,5885.812712267329
24131,8198.346674820914
24132,8266.826620212953
24133,7234.218516653319
24134,7905.298059370112
24135,5644.944305467067
24136,6469.359332435136
24137,4126.247095701505
24138,5761.262939764123
24139,6766.9280541917005
24140,7868.372621556142
24141,7620.582334950654
24142,6801.530962129035
24143,9079.400342398674
24144,10594.747904978236
24145,8143.203247859507
24146,5830.715430652576
24147,9607.373669289642
24148,11524.650941725686
24149,6396.428388289653
24150,8547.623317237229
24151,5837.660280407489
24152,6671.407056850157
24153,4756.050831186329
24154,8112.040954520279
24155,5977.4645788947
24156,8776.52689796716
24157,7122.916253883191
24158,9223.246821922032
24159,9194.440407595608
24160,6317.759008217605
24161,8906.51050825492
24162,19731.41044136532
24163,12011.398512625901
24164,7337.138754293881
24165,4270.237342959828
24166,7085.878269715104
24167,10107.021596707411
24168,6715.05134571672
24169,11228.219873627759
24170,18291.67577127308
24171,5569.307836430951
24172,5731.348627662457
24173,8948.799663859547
24174,6150.881885330519
24175,10519.246296487672
24176,7690.997569602742
24177,7690.483630506589
24178,5371.460840456452
24179,7469.519462961958
24180,7483.239262998867
24181,7652.507408692645
24182,10075.675148042637
24183,7105.339552575443
24184,6639.632015573821
24185,7658.935280103333
24186,5870.703667330197
24187,6050.214576584068
24188,7975.4200467946075
24189,6195.881000666222
24190,6725.71295832604
24191,7770.364085101761
24192,6251.860828057842
24193,6596.808317742843
24194,7201.896803320564
24195,7531.538737921078
24196,8606.384001479444
24197,7865.812000342396
24198,9048.42246346676
24199,6592.674476643125
24200,4900.0401453406175
24201,7957.09407375973
24202,7511.074074729878
24203,6723.861058276412
24204,5493.661168408364
24205,9652.842789503497
24206,7687.645399255621
24207,8130.450741567442
24208,7457.960075295164
24209,6540.762733607201
24210,5906.907539384689
24211,5622.919281676537
24212,10302.139611028933
24213,6283.101268152429
24214,8153.998695428268
24215,15417.78141632644
24216,7944.13806018651
24217,7115.352213146514
24218,6169.83243967109
24219,5909.2413017264325
24220,7805.344555809041
24221,5361.844319841377
24222,5906.38960844939
24223,10476.445975353885
24224,6040.038773529758
24225,16594.632645878602
24226,14703.772811631328
24227,6026.0889407970335
24228,8024.655132035914
24229,6426.632350979617
24230,7459.942831690071
24231,6494.596749122924
24232,10899.002119914087
24233,7869.626884017269
24234,10255.328137417519
24235,7672.824717864941
24236,7795.497530906038
24237,7146.5573043749855
24238,9999.487231791878
24239,8031.699301950975
24240,7213.637287545994
24241,7163.614970997748
24242,6490.817069643106
24243,9279.656551549051
24244,9615.980833655383
24245,7308.289838141391
24246,10355.029863739155
24247,7363.702362978382
24248,10901.716909226174
24249,5789.691460946028
24250,6406.501174692638
24251,6772.403183645758
24252,11558.102799080527
24253,7214.40375302527
24254,8541.391288349158
24255,7834.137625802072
24256,8721.887364632867
24257,6818.620012789719
24258,9297.632285891228
24259,7439.346308623213
24260,5404.41540125021
24261,14247.89419927503
24262,18348.66365262237
24263,8064.512465940125
24264,7862.962716055276
24265,9998.031247815125
24266,10786.057256696513
24267,10652.528821058171
24268,7250.312962618111
24269,7616.861923552222
24270,6589.597171953767
24271,8687.898785557301
24272,5238.7361781209875
24273,7085.11107941312
24274,7050.312895170652
24275,6452.4434758298485
24276,7754.413551802053
24277,6397.8588167492835
24278,6115.618716057731
24279,7411.550802428198
24280,4928.015864103016
24281,5544.036367068453
24282,6884.457991974476
24283,7684.0185103755175
24284,8982.846924268586
24285,9670.762090284301
24286,8484.735598219693
24287,7680.312482479572
24288,7256.989729070916
24289,10260.741847735288
24290,7450.663674153551
24291,5845.813373085629
24292,6608.840098167992
24293,9328.662630301153
24294,5651.570240315183
24295,8122.388822156058
24296,4375.391743206839
24297,6033.220189124243
24298,9336.575281971911
24299,5628.9327106639885
24300,6692.226362354594
24301,8667.066394803975
24302,9192.675324381273
24303,11688.017676692269
24304,6759.34317491839
24305,9733.034196470233
24306,4849.601294279864
24307,6121.794651864284
24308,6783.722773956631
24309,5350.331728206102
24310,8361.082032309461
24311,6104.66140266711
24312,6761.6223085686415
24313,8515.172530209373
24314,11996.123945833107
24315,9063.149527570538
24316,6544.755716981412
24317,6165.006450134103
24318,9654.83388631487
24319,8218.569146513599
24320,7518.775001005489
24321,6490.959559856639
24322,7338.49790556575
24323,11069.830427748017
24324,6181.248815948929
24325,6996.600461585883
24326,8010.092604527911
24327,8503.967623955848
24328,13096.024368302427
24329,7020.894754255872
24330,13410.101859741477
24331,7476.046044064102
24332,6385.098864587016
24333,4504.0061452811715
24334,7282.56190755033
24335,6902.425912126617
24336,6413.275129616098
24337,7406.145490384092
24338,6791.836602454148
24339,5600.671616361805
24340,7541.610204806485
24341,6080.511752692287
24342,8464.757400228622
24343,8166.068519143099
24344,8217.658045441958
24345,9387.024083263124
24346,6373.046945148946
24347,9066.63660103685
24348,6268.7443152915175
24349,7432.690816147378
24350,6965.228380074795
24351,6749.821907069598
24352,11317.639624372043
24353,7384.178372598361
24354,5766.011526701457
24355,7356.52371494901
24356,8974.585551194734
24357,7938.416048602979
24358,7311.971514836529
24359,8395.012386081055
24360,6831.554305890999
24361,6301.067457097877
24362,7447.250312892797
24363,9939.270297164978
24364,6911.907097982131
24365,7273.319723383561
24366,6962.854599129291
24367,6527.043484942932
24368,5584.013378667308
24369,6950.788489104074
24370,8860.294591923343
24371,9085.65665631756
24372,10731.749908466118
24373,12195.233639580783
24374,8744.602348639006
24375,6921.861903020032
24376,6303.306513550538
24377,11141.126501700419
24378,9531.98363510389
24379,8577.057014300837
24380,8778.16832762184
24381,9046.453786870477
24382,6555.918255079547
24383,6025.926856653333
24384,10486.025650037916
24385,7400.167403460527
24386,7883.617701799044
24387,7091.349168164827
24388,3872.267724166807
24389,10718.322913913371
24390,7449.410300093047
24391,6537.899638946001
24392,5658.525236175996
24393,6513.339263817503
24394,7211.146919776445
24395,9409.411543353575
24396,7460.1636222613315
24397,5295.992111054752
24398,5509.518546483046
24399,5281.834986463155
24400,4949.245555215326
24401,7799.660210561182
24402,17211.634175779724
24403,5616.612974250633
24404,6147.080201847362
24405,7297.5043494827005
24406,5809.749295504411
24407,5775.552068324911
24408,6420.728385693207
24409,5302.679885278331
24410,7792.2357470669085
24411,8012.876780224835
24412,5175.053855166698
24413,8943.760276345047
24414,5831.541696944609
24415,6104.164035799907
24416,8561.85666310753
24417,8812.483669380445
24418,9852.180989810131
24419,6513.562411249712
24420,7772.027210085824
24421,5445.6766668815935
24422,8128.737652888671
24423,14129.160973022312
24424,11164.701249001973
24425,7096.201986312708
24426,5428.462256874107
24427,5997.631059662634
24428,6856.191833902082
24429,5333.439302455741
24430,9958.826184467263
24431,6923.524378865383
24432,5962.079414843195
24433,9288.032579599003
24434,5708.3817728254835
24435,6797.701252196517
24436,8295.323542630633
24437,8221.321682573493
24438,8072.32230277885
24439,5306.898757971147
24440,6469.900468365358
24441,7555.374760868459
24442,10124.7408490652
24443,8742.215245424437
24444,7491.085635619028
24445,5613.327101392059
24446,7003.711074883493
24447,6524.992575977611
24448,5753.667817085525
24449,7882.894589059383
24450,7578.563085901159
24451,6806.343971693535
24452,7289.618840312715
24453,7283.394490813721
24454,7334.299138921483
24455,7029.354918891356
24456,7190.392815298149
24457,8013.551811129187
24458,7229.40090252645
24459,9820.33709941604
24460,7053.233981824226
24461,5717.934781161069
24462,11549.048838820512
24463,5740.10163444502
24464,4624.551495793428
24465,9228.629311151646
24466,9405.698791917534
24467,12236.204963744503
24468,6108.154793869076
24469,6764.689800453144
24470,6769.190639869759
24471,8238.727667102941
24472,6678.633505790696
24473,8500.83024584539
24474,4439.541577216225
24475,7251.254441027306
24476,6745.472408873203
24477,6569.517991137239
24478,5919.659615074602
24479,7687.666767673202
24480,8967.106173689208
24481,6243.056162009051
24482,10178.159264373166
24483,8397.600126647207
24484,8521.168330716802
24485,5996.4372207734505
24486,7514.620415151258
24487,6601.614052725045
24488,10786.565105650618
24489,8040.828662013674
24490,5375.998927609496
24491,8739.82631420912
24492,8345.579004432135
24493,7619.000045692028
24494,6272.17687536026
24495,4977.30565195105
24496,8842.801197447288
24497,6813.823327953772
24498,9061.509438039184
24499,7784.065973184864
24500,6493.442567249198
24501,8874.898332209468
24502,7630.120083990315
24503,7471.591644423598
24504,8062.761875460335
24505,6384.106686476894
24506,8579.89206192884
24507,10943.634480047083
24508,8996.132824836071
24509,5448.131654883843
24510,6723.250952545893
24511,5466.349172572772
24512,4123.51694473905
24513,9206.15638768414
24514,5614.045813687061
24515,9361.089487036128
24516,5392.294100914393
24517,8502.61418122923
24518,7387.631023709869
24519,9879.51416324278
24520,6209.196133772333
24521,6407.867580321515
24522,6750.173374928287
24523,8524.135492758021
24524,6418.187365611195
24525,8624.46311075154
24526,8796.787101592205
24527,10420.55022621216
24528,7745.3156610706865
24529,7773.626885668789
24530,6819.976374527604
24531,5443.277825563154
24532,6497.597248081016
24533,10744.38272753488
24534,9905.339046875046
24535,7601.777584148564
24536,15334.358235469057
24537,7209.973059561241
24538,6341.163726208334
24539,6982.403341808134
24540,8590.298752291812
24541,11958.30688342739
24542,7574.16880894337
24543,8417.821185674344
24544,8457.83457861328
24545,7349.648702689129
24546,7789.358587170626
24547,6007.636581870956
24548,5797.557372127005
24549,5673.449862637878
24550,5131.373033913337
24551,5866.091618117346
24552,9122.660729156938
24553,16390.550496449767
24554,7033.918315178186
24555,5969.486540599829
24556,8051.592220748467
24557,5062.712768342223
24558,7492.921530004672
24559,4484.128424705548
24560,10104.82891037353
24561,6666.40771512242
24562,7004.415926622009
24563,13714.139641639566
24564,12270.374304195659
24565,7119.656618143774
24566,7342.856718398897
24567,4334.769745307014
24568,6539.776081179109
24569,6325.900868135406
24570,8780.133215625709
24571,5721.422618838867
24572,5869.578521303128
24573,6314.062208591373
24574,6967.28092315429
24575,6798.036062171808
24576,7335.748136127405
24577,4354.69945826968
24578,8096.776533681771
24579,8143.501458342569
24580,8449.80965647354
24581,5884.39790243063
24582,5310.524479860764
24583,7941.040088838262
24584,5336.3654725032
24585,9377.86179940182
24586,6045.482133235659
24587,5864.069933135292
24588,7619.930039599116
24589,6466.053191622518
24590,6356.8423958611065
24591,7545.90777025313
24592,7337.711680345423
24593,10038.009972127566
24594,10357.88271895813
24595,6896.109211154903
24596,5301.430676734847
24597,6919.573241109014
24598,6824.868304990059
24599,6170.215076262993
24600,6830.873454598276
24601,6756.20176842605
24602,10300.292794970586
24603,8717.901486877221
24604,7219.037182602224
24605,7600.001983172772
24606,6643.830147728242
24607,9459.483922518932
24608,6930.916336353183
24609,13400.702011473115
24610,7332.269296134707
24611,6297.4364659258135
24612,6188.745601552886
24613,5030.305249328173
24614,8000.7718748598245
24615,18057.474901747202
24616,4633.620841436401
24617,5312.013369068098
24618,10244.321081442979
24619,8023.14470596251
24620,7338.035791285328
24621,8332.050518660095
24622,6453.244586814468
24623,6037.5116194484945
24624,5120.317280471307
24625,8917.952770634707
24626,6496.266203185737
24627,7154.73122487319
24628,7250.473125313272
24629,5741.268982316251
24630,8242.044369934838
24631,7408.864076873765
24632,5258.4949560975365
24633,9412.757247752777
24634,9355.15139066831
24635,5336.432838066291
24636,7948.855230767808
24637,7394.56993065571
24638,5932.710279387162
24639,9015.144277744414
24640,6915.810408890951
24641,7761.431486465658
24642,6033.338208015124
24643,6404.303601420716
24644,7234.831581770067
24645,4850.66040311871
24646,8066.481238343822
24647,5344.115139137292
24648,6587.8664702704555
24649,5940.683456474762
24650,6678.74514246911
24651,6614.127067025346
24652,7355.176245096516
24653,7983.7620208004955
24654,8060.677022993099
24655,7376.913720165424
24656,7126.148982708444
24657,7519.2020603075125
24658,8903.291672029014
24659,9194.61250870387
24660,7882.295655175675
24661,5519.102679338339
24662,6690.901162271127
24663,7068.780835300693
24664,5666.612558550075
24665,11403.855801026486
24666,7057.870699451036
24667,8199.00081914955
24668,11384.366088129567
24669,6774.879817240403
24670,5286.934155176537
24671,13237.29012127105
24672,9927.766857019791
24673,6861.550182594509
24674,9298.600726529332
24675,10146.989777211202
24676,6846.916764298907
24677,6806.824553331042
24678,7388.988066288044
24679,6805.15871466384
24680,6463.667144977798
24681,7272.126106213068
24682,5776.968234445785
24683,7718.489091595432
24684,8044.008754838806
24685,7016.986722385055
24686,8162.017768058032
24687,6753.460456508713
24688,7636.287698970934
24689,6354.035157921252
24690,9231.014618506175
24691,7336.215909646551
24692,7278.835940977241
24693,7324.497743644244
24694,7618.735506889786
24695,8960.316550024263
24696,6663.920711407225
24697,6328.8272064866205
24698,7225.128392026868
24699,7220.5409297697315
24700,7632.56279623433
24701,5633.908736266041
24702,5528.891054206337
24703,8614.407518594473
24704,6985.732305835066
24705,6473.906703795486
24706,8429.65391482613
24707,6994.557713857071
24708,7301.241860730885
24709,5640.641764199704
24710,4318.2981817519685
24711,7774.452617358393
24712,7175.1735917345
24713,7606.647227851097
24714,10438.984094570153
24715,9367.847708794992
24716,5513.050691318331
24717,8662.407486652182
24718,4910.318710957396
24719,4277.514406986614
24720,7760.918534132379
24721,12136.451101938981
24722,9101.12592847774
24723,7958.2075169182535
24724,5800.533059027959
24725,7598.425762653296
24726,9930.101690551448
24727,7739.423703172399
24728,9303.068603280813
24729,5840.388713360204
24730,5183.518380034207
24731,5819.271999809238
24732,6324.028886218701
24733,6670.9388446515895
24734,5400.6521957673995
24735,6489.840752287317
24736,5053.404672405204
24737,6932.292730209187
24738,8314.014187307648
24739,6149.643628276723
24740,7081.2393889021705
24741,7691.113211184846
24742,6118.379928922278
24743,6202.194905166256
24744,9375.098096145353
24745,8850.794395165525
24746,6822.647125450514
24747,4818.406710764286
24748,12897.658326078936
24749,8090.129346004868
24750,6214.701690907926
24751,10408.130237540137
24752,9657.530076837775
24753,7861.118519755209
24754,6868.68655357906
24755,7582.725736103129
24756,10377.248309786915
24757,14387.63251151
24758,6355.786009196729
24759,5434.167865169706
24760,6214.907018321524
24761,7456.887769132332
24762,7145.0334758751505
24763,9144.36695700093
24764,9214.593207288694
24765,6707.546887498209
24766,5301.545880106155
24767,7490.186629301573
24768,8923.395109528794
24769,5841.1895026185675
24770,8001.909130628349
24771,4877.44034886537
24772,8718.695643872721
24773,9174.361410548601
24774,7506.759597728712
24775,9093.76719361426
24776,6942.815697091264
24777,5671.673175028591
24778,7008.717683752328
24779,8135.095261176966
24780,8514.312766345145
24781,7595.344596198474
24782,7659.403800486118
24783,7388.783072028094
24784,5760.197543352274
24785,9694.213814310033
24786,5401.10202285311
24787,10879.402790393722
24788,6777.6437747836135
24789,5867.1954215284995
24790,7570.132523253685
24791,6981.138036530978
24792,7727.377475889211
24793,8986.285459978055
24794,4680.363134778218
24795,5196.613123035646
24796,7641.772000948734
24797,9844.75132631859
24798,9295.91957257494
24799,6918.748091578272
24800,7311.904090019362
24801,7114.3922044480105
24802,7338.914334400691
24803,6319.247952606326
24804,10653.166110539265
24805,9021.049843082548
24806,12558.473759823088
24807,5292.442680826136
24808,6381.590128643072
24809,10121.631188984555
24810,8221.188702966623
24811,5778.638548785654
24812,10743.592302210609
24813,7119.51421796072
24814,6554.5979327124205
24815,5803.839678844003
24816,6359.092000459145
24817,5903.714093353811
24818,7311.102059939819
24819,5455.48122248667
24820,5799.98178558419
24821,9754.4659805464
24822,7500.849296995431
24823,21736.798563351393
24824,7905.414882876043
24825,5446.793811338053
24826,8310.812254575569
24827,10247.41111250184
24828,6736.5906485385385
24829,7803.979987183541
24830,6090.9308316928245
24831,8517.055430513872
24832,8746.26712696994
24833,6115.209238033735
24834,6044.386079415084
24835,7877.42446634079
24836,7896.15762437745
24837,7581.801176096917
24838,8014.604470369959
24839,6625.028694422186
24840,5702.8734750239055
24841,7531.841053993585
24842,10462.775892551203
24843,11626.570735985633
24844,10947.063918477363
24845,7907.384653059641
24846,6814.993634986765
24847,7052.013949015271
24848,5452.3650784778865
24849,9021.482874812797
24850,11340.67015201127
24851,9442.230628999514
24852,6403.563705554203
24853,6183.154360041939
24854,5641.418610354732
24855,6969.0108758874585
24856,10891.039815123657
24857,7432.414122047451
24858,5984.5405106029575
24859,6622.449571339917
24860,8289.578904352675
24861,4966.688575717405
24862,8033.364606975256
24863,5356.60041389732
24864,8527.386862641586
24865,7562.16755290406
24866,6399.349507154587
24867,7650.755242759334
24868,7744.029817520398
24869,6158.7260636897645
24870,7276.4195909166165
24871,7706.8820057672365
24872,12516.02497121969
24873,6727.90362848921
24874,9209.000147475765
24875,8717.304556112102
24876,9810.031300860714
24877,7382.701461941833
24878,10083.019825864721
24879,5896.481065028926
24880,5639.583768584435
24881,7049.39925980176
24882,7001.05507868169
24883,10185.693065427677
24884,8172.367456149777
24885,6133.930367476958
24886,7831.661485432183
24887,6790.566671905997
24888,10847.488070396987
24889,5251.39954362323
24890,13705.340519627165
24891,6135.629825566423
24892,6516.130133445366
24893,8963.954927196804
24894,6256.228861427743
24895,6901.203454307813
24896,7729.625646107412
24897,7775.705361801156
24898,7746.758610039913
24899,6347.668411140965
24900,8059.960428185244
24901,8436.830458363236
24902,7790.90092831957
24903,6326.066421204574
24904,7909.977482126703
24905,11786.656357986614
24906,7205.515558027328
24907,5718.781587491517
24908,7766.541343891894
24909,6523.730270819
24910,7018.7780852541255
24911,7550.179132653361
24912,5311.57133121783
24913,7842.202148521861
24914,7101.663413577729
24915,7358.5429827931375
24916,8316.740852744537
24917,5547.6382490644555
24918,6773.698430030021
24919,7210.820261057874
24920,8430.435922466428
24921,9052.18904189754
24922,5995.239651590541
24923,5487.872736047787
24924,7707.341473476533
24925,7043.375628630558
24926,6719.237478912143
24927,7860.634261698479
24928,8012.997762270943
24929,8299.438945823555
24930,7006.060229969303
24931,5641.556527630387
24932,6941.838898153717
24933,8936.87435205665
24934,8770.934011847996
24935,9499.64274025623
24936,8542.029139772947
24937,6766.680933936573
24938,9177.275530839108
24939,6979.7272850358195
24940,8167.191686113086
24941,9399.582179369836
24942,7232.257641036814
24943,9864.681344165641
24944,9233.909072984081
24945,8473.554420689015
24946,7049.051406586776
24947,8420.759056823183
24948,8837.11642797482
24949,6647.743231594419
24950,5280.888784219835
24951,6713.259190120135
24952,8064.136892863047
24953,6608.720250600091
24954,6225.089385266364
24955,8750.663299869766
24956,7267.139102187752
24957,7212.612983806736
24958,6525.625733778155
24959,6179.740341499806
24960,8050.357971650572
24961,7755.392325983747
24962,7701.484516623966
24963,7083.5756805382725
24964,6262.1925809183795
24965,7307.19434277786
24966,5037.053907869656
24967,6589.774561837377
24968,5726.951735080168
24969,8329.827793771447
24970,7268.383833376439
24971,6455.081909827791
24972,10994.05787081534
24973,6624.903126452444
24974,7563.811535673627
24975,10743.460576366831
24976,7367.395327485688
24977,7882.945013264502
24978,8258.182298043055
24979,6960.020588402165
24980,6196.031382430627
24981,6293.20425400465
24982,8263.536181554744
24983,11195.873821244219
24984,6595.721502244155
24985,4156.618727468997
24986,5888.238591050576
24987,8205.685610250704
24988,8269.363714730733
24989,7287.797023586564
24990,7958.876566303357
24991,5620.738947984294
24992,6492.731966755006
24993,4058.4214288777534
24994,5907.248776658512
24995,6743.548973889879
24996,7870.909716073922
24997,7648.607527595089
24998,6879.200549385263
24999,9081.937436916454
25000,10580.285580220185
25001,8119.8241675576855
25002,5838.054366082367
25003,9770.750241671221
25004,11652.21060190286
25005,6418.739040798351
25006,8631.007444629191
25007,5859.739149118021
25008,6693.485925560688
25009,4758.587925704109
25010,8140.0661471647145
25011,5984.311232204346
25012,8843.420071288097
25013,7098.710896400417
25014,9447.482909322085
25015,9243.17355310516
25016,6277.380508639951
25017,9034.070168432094
25018,19810.142010432715
25019,11990.67090584635
25020,7415.870323361281
25021,4323.815849893073
25022,7061.67291223233
25023,10211.11367696449
25024,6720.3625789495845
25025,11175.449174492576
25026,17841.88582547526
25027,5661.561520941569
25028,5753.659280171155
25029,8924.594306376772
25030,6173.192537839217
25031,10664.122304087121
25032,7696.308802835607
25033,7752.758505493706
25034,5283.910867353712
25035,7523.097969895203
25036,7485.776357516647
25037,7654.933287475893
25038,10203.23480821981
25039,7090.877227817391
25040,6616.252935271999
25041,7681.628932836549
25042,5755.160064822075
25043,6072.525229092766
25044,7951.214689311834
25045,6267.29823367234
25046,6702.333878024218
25047,7945.007852229292
25048,6274.17148056654
25049,6590.035687908343
25050,7224.207455829262
25051,7553.849390429776
25052,8610.327363612163
25053,7865.118375688334
25054,9097.155608976313
25055,6595.1003554263725
25056,4901.555258739045
25057,7993.788797888529
25058,7629.027892576772
25059,6699.655700793639
25060,5515.971820917061
25061,9798.828626397884
25062,7708.588180664171
25063,8132.87662035069
25064,7506.693220804715
25065,6561.705515015751
25066,5984.5771266409165
25067,5603.708754397173
25068,10323.082392437484
25069,6201.771990780555
25070,8202.731840937815
25071,15466.514561835991
25072,7923.668625013202
25073,7219.444293403595
25074,6102.06735660814
25075,5986.91088898266
25076,7698.012365799203
25077,5440.575888908777
25078,5929.76224276926
25079,10478.871854137135
25080,6019.569338356449
25081,16245.576431297679
25082,14731.798004275766
25083,5958.3238577340835
25084,8091.548305356851
25085,6429.058229762865
25086,7462.36871047332
25087,6577.980876514888
25088,10901.659023477161
25089,7872.283787580343
25090,10304.06128292707
25091,7700.849910509377
25092,7857.772405893156
25093,7078.7922213120355
25094,10004.798465024745
25095,8011.229866777666
25096,7295.796936258561
25097,7143.145535824439
25098,6236.142570718498
25099,9527.825475193697
25100,9618.406712438633
25101,7287.820402968082
25102,10432.699450995382
25103,7343.232927805073
25104,10970.527631560302
25105,5792.117339729276
25106,6362.520532552468
25107,6751.933748472449
25108,11806.271722725172
25109,7193.934317851961
25110,8398.476118510696
25111,7960.171905707651
25112,8701.417929459558
25113,6750.854929726769
25114,9346.36543140078
25115,7497.5141223785095
25116,5383.945966076902
25117,14325.946786755774
25118,18372.036286942242
25119,8044.043030766817
25120,8111.131639699915
25121,10051.60975474837
25122,10864.109844177257
25123,10654.95469984142
25124,7333.697090010076
25125,7694.914511032968
25126,6569.127736780459
25127,8620.133702494351
25128,5227.439433262326
25129,7163.84264848052
25130,7115.9123028822505
25131,6474.754128338546
25132,7838.892595639722
25133,6464.751990070221
25134,6261.60455295212
25135,7391.081367254889
25136,4950.3265166117135
25137,5399.673226162383
25138,6906.536860685007
25139,7804.014426636808
25140,8962.377489095277
25141,9650.292655110992
25142,8508.108232539564
25143,7659.8430473062635
25144,7236.520293897607
25145,10263.167726518537
25146,7529.395243220952
25147,5991.799209980018
25148,6677.650820502123
25149,9234.493253245297
25150,5653.99611909843
25151,8187.988229867656
25152,4440.991150918438
25153,6116.604316516208
25154,9372.620837049335
25155,5723.501783133117
25156,6660.010215259333
25157,8651.849666984544
25158,9187.810618826676
25159,12084.509558165382
25160,6744.769634425806
25161,9755.344848978933
25162,4731.081621882405
25163,6141.680884591623
25164,6763.571037035585
25165,5357.178381515748
25166,8444.466159701424
25167,6188.045530059076
25168,6634.368044848287
25169,8577.639987424354
25170,12019.496580152978
25171,8870.925442567019
25172,6567.0663694901095
25173,6263.075494255547
25174,9635.623359035508
25175,8238.455379240939
25176,7597.506570072887
25177,6486.094854302042
25178,7333.633200011153
25179,11269.997016813477
25180,6222.725195165148
25181,7159.450190808705
25182,7994.875876708482
25183,8561.752437486626
25184,13116.45945962534
25185,6926.725377200017
25186,13612.182642262618
25187,7471.181338509505
25188,6290.929487531161
25189,4458.042080430055
25190,7365.946034942295
25191,6964.902028895034
25192,6408.410424061501
25193,7408.57136916734
25194,6786.971896899551
25195,5678.3412036180325
25196,7543.125318204912
25197,6082.9376314755345
25198,8492.782592873058
25199,8161.203813588502
25200,8390.061942535965
25201,9452.623490974722
25202,6368.182239594349
25203,9133.52977435778
25204,6201.861899445413
25205,7454.76968485791
25206,6950.011652255365
25207,6605.5310477580015
25208,11345.664817016479
25209,7406.257241308893
25210,5794.0367193458915
25211,7529.836467543434
25212,9036.860426181851
25213,8060.668156671446
25214,7334.282167345227
25215,8457.287261068164
25216,6535.231388921419
25217,6248.296757962694
25218,7538.210231794076
25219,9934.40559161038
25220,7025.012689786739
25221,7252.480900869474
25222,6957.989893574694
25223,6483.062842802761
25224,5586.4392574505555
25225,6918.572342008813
25226,8766.125214867485
25227,9066.446129038199
25228,10751.636141193458
25229,12167.472624820548
25230,8650.43297158315
25231,6907.288362527447
25232,6305.732392333785
25233,11288.739120958568
25234,9534.40951388714
25235,8648.017104468438
25236,8855.837914878066
25237,9152.533065516398
25238,6583.943447723982
25239,5959.044440807228
25240,10569.680306141125
25241,7422.246272171058
25242,7987.709782056125
25243,7113.659820673524
25244,3943.2278143344106
25245,10989.436714448337
25246,7434.193572273618
25247,6557.78587167334
25248,5660.951114959244
25249,6476.597064934977
25250,7213.955798784212
25251,9431.722195862274
25252,7387.3934751620645
25253,5361.59151876635
25254,5365.155405576976
25255,5365.21911385512
25256,4971.556207724024
25257,7794.795505006585
25258,16756.483547525906
25259,5699.997101642598
25260,6142.215496292765
25261,7401.59642973978
25262,5832.059948013109
25263,5846.51215849251
25264,6415.86368013861
25265,5386.0640126702965
25266,7581.640542734478
25267,7997.660052405406
25268,5017.766408267694
25269,8938.89557079045
25270,5922.168599091468
25271,6106.5899145831545
25272,8467.687286051674
25273,8653.118766965608
25274,9900.914135319683
25275,6535.873063758409
25276,7800.052402730259
25277,5330.13306437347
25278,8235.535434738762
25279,14405.394449700416
25280,11318.230884475664
25281,7063.9858392174465
25282,5451.8348911939775
25283,6017.517292389973
25284,6858.61771268533
25285,5411.108889711969
25286,9939.615657187902
25287,6951.549571509819
25288,5968.926068152841
25289,9255.816432503741
25290,5703.517067270886
25291,6820.011904705215
25292,8323.348735275065
25293,8216.456977018895
25294,8057.105574959421
25295,5390.282885363112
25296,6492.211120874056
25297,7511.394118728288
25298,10453.029020229887
25299,8800.000058955215
25300,7486.220930064431
25301,5490.1424998207785
25302,6998.846369328896
25303,6660.101019744225
25304,5734.457289806161
25305,7965.246819999819
25306,7640.837960888276
25307,6794.820490594961
25308,7309.505073040054
25309,7286.203369821487
25310,7341.145792231129
25311,7009.20318197031
25312,7212.703467806847
25313,7998.3350833097575
25314,7236.247555836097
25315,9815.472393861442
25316,7038.017254004797
25317,5800.094429873636
25318,11544.184133265915
25319,5844.193714702101
25320,4671.99087569364
25321,9256.654503796082
25322,9425.585024644874
25323,12264.23015638894
25324,6136.179986513511
25325,6767.115679236391
25326,6798.066461704671
25327,8322.111794494906
25328,6673.768800236099
25329,8651.148566696547
25330,4446.388230525871
25331,7345.425674551117
25332,6767.551277583734
25333,6425.154850231169
25334,5762.372168175598
25335,7689.1818810716295
25336,9038.066263856806
25337,6245.482040792298
25338,10206.184457017602
25339,8377.448389726162
25340,8615.737403185929
25341,5885.268424441763
25342,7218.297498181678
25343,6285.406362030016
25344,10764.700980820191
25345,8118.498249269895
25346,5135.034945387446
25347,8706.389957983649
25348,8467.93749168114
25349,7614.135340137431
25350,6325.755382293505
25351,5000.678286270921
25352,8864.880066157817
25353,6897.207455345737
25354,9041.357701118139
25355,7768.849245365434
25356,6576.826694641163
25357,8870.033626654871
25358,7765.228527756929
25359,7478.438297733245
25360,8111.495020969886
25361,6467.490813868859
25362,8603.26469624871
25363,10938.769774492486
25364,9024.158017480506
25365,5471.504289203714
25366,6607.70735003777
25367,5488.6598250814695
25368,4206.901072131016
25369,9369.006116906961
25370,5609.181108132464
25371,9418.874300566906
25372,5247.930960008323
25373,8470.398034133968
25374,7409.9416762185665
25375,9958.245732310179
25376,6193.979405952904
25377,6427.753813048854
25378,6818.984097262417
25379,8457.253076911918
25380,6413.322660056598
25381,8609.889570258958
25382,8799.212980375454
25383,10465.228507018672
25384,7765.201893798026
25385,7768.762180114192
25386,6708.807578195917
25387,5146.954908593574
25388,6492.732542526419
25389,10847.373680019606
25390,9942.033771003842
25391,7582.567056869199
25392,15430.294616640645
25393,7293.357186953206
25394,6406.763133919933
25395,7065.787469200099
25396,8610.184985019152
25397,11973.140719396393
25398,7569.304103388773
25399,8412.956480119747
25400,8452.969873058682
25401,7378.524524524041
25402,7809.2448198979655
25403,5963.655939730786
25404,5819.868024635703
25405,5658.233134818449
25406,5214.757161305302
25407,5854.568137018771
25408,9229.458511007033
25409,16510.23775095884
25410,7036.344193961434
25411,5917.041356204809
25412,8134.97634814042
25413,5128.3121760538215
25414,7460.70538290941
25415,4469.554884212965
25416,10090.255369880948
25417,6661.543009567823
25418,7006.841805405255
25419,13716.565520422815
25420,12182.356621194262
25421,7198.388187211174
25422,7348.167951631763
25423,4376.246124523233
25424,6567.801273823544
25425,6374.634013644957
25426,8800.019448353047
25427,5728.269272148513
25428,5854.361793483698
25429,6342.087401235808
25430,6987.167155881629
25431,6881.420189563773
25432,7486.066456978567
25433,4357.125337052928
25434,8081.559805862342
25435,8225.66110705512
25436,8417.593509378281
25437,5899.231738399632
25438,5317.37113317041
25439,8003.314963825379
25440,5040.0425555336205
25441,9435.646612932598
25442,6171.5164131412375
25443,5824.680914038601
25444,7643.302673918986
25445,6588.411678871524
25446,6039.340939556738
25447,7511.155737943219
25448,7391.290187278668
25449,10060.320624636264
25450,10405.24454519176
25451,6891.244505600306
25452,5329.455869379282
25453,6796.388639537733
25454,6800.801435348358
25455,6192.293944973524
25456,6837.720107907922
25457,6779.57440274592
25458,10367.185968291524
25459,8766.634632386771
25460,7204.463642109639
25461,7605.313216405638
25462,6671.855340372677
25463,9521.758797506049
25464,6984.4948432864285
25465,14118.364882090025
25466,7327.4045905801095
25467,6268.4565534385765
25468,6266.415188809114
25469,5032.731128111422
25470,7933.88945901372
25471,18718.439720116054
25472,4392.656859214351
25473,5283.033456580861
25474,10306.595956430096
25475,8091.955428296628
25476,7386.768936794879
25477,8327.185813105498
25478,6524.204676982067
25479,5993.530977308324
25480,4953.741856186351
25481,8940.263423143406
25482,6518.576855694435
25483,7177.041877381887
25484,7221.493212826035
25485,5763.579634824949
25486,8171.984139021281
25487,7379.884164386528
25488,5280.573824808068
25489,9415.183126536027
25490,9340.577850175729
25491,5269.550422220186
25492,7928.703493846762
25493,7389.705225101113
25494,5891.692965055749
25495,9263.313201389055
25496,6910.945703336354
25497,7823.8989436806405
25498,6055.648860523822
25499,6375.323688933479
25500,7220.258041277482
25501,4824.159291501502
25502,8068.90711712707
25503,5427.4992665292575
25504,6687.9036858244945
25505,6018.35304373099
25506,6673.880436914513
25507,6697.511194417311
25508,7417.451120083633
25509,7924.0262520676315
25510,8042.9244099590205
25511,7399.224372674122
25512,7204.880551775845
25513,7547.227252951948
25514,9105.649409155008
25515,9197.03838748712
25516,7931.02880068522
25517,5490.122766851102
25518,6713.211814779825
25519,7071.206714083941
25520,5694.63775119451
25521,11398.991095471889
25522,7164.668481301131
25523,8282.384946541508
25524,11412.391280774003
25525,6853.6113863078035
25526,5404.887973023431
25527,13389.809244639606
25528,9913.19331652721
25529,6788.780035495242
25530,9326.625919173766
25531,10241.558849680332
25532,6953.714546149002
25533,6890.208680723006
25534,7471.147715000611
25535,6827.469367172538
25536,6509.202749574358
25537,7273.641219611495
25538,5859.127883158352
25539,7725.335744905078
25540,8026.256141804728
25541,7100.37084977702
25542,8227.617175769632
25543,6755.886335291961
25544,7736.324914524973
25545,6226.780894200898
25546,9236.32585173904
25547,7398.490784633668
25548,7264.262400484657
25549,7407.881871036209
25550,7672.372558947162
25551,8982.627202532958
25552,6548.377108899103
25553,6171.539759587617
25554,7220.263686472271
25555,7198.676804939302
25556,7783.788153993547
25557,5636.334615049289
25558,5551.584706939553
25559,8642.43271123891
25560,6952.295949609594
25561,6491.676296346815
25562,8451.732783536661
25563,6989.693008302474
25564,7384.62598812285
25565,5682.118143415923
25566,4395.967769008196
25567,7769.587911803796
25568,7170.308886179903
25569,7660.225734784342
25570,10467.009287214587
25571,9391.220343114863
25572,5512.074387711589
25573,8720.19230018296
25574,4959.051856466947
25575,4103.635799841624
25576,7829.7292564665095
25577,12164.476294583419
25578,9163.400803464858
25579,8121.057246141076
25580,5828.558251672394
25581,7625.550082152663
25582,10030.138906105487
25583,7746.270356482045
25584,9350.507983181024
25585,5923.772840752169
25586,5228.1966608407165
25587,5696.087398237957
25588,6312.505405120126
25589,6744.067371950449
25590,5478.321783023627
25591,6460.86083980008
25592,4997.069434050933
25593,6935.101609216953
25594,8397.39831469961
25595,6215.243035988321
25596,7163.399037614738
25597,7673.360598150767
25598,6215.233005552612
25599,6230.220097810691
25600,9346.118183658116
25601,8954.886475422605
25602,6793.667212963277
25603,4901.790838156251
25604,12976.389895146334
25605,8061.149433517631
25606,6236.780559618457
25607,10502.699310009264
25608,9702.208357644286
25609,7983.370627823676
25610,6965.461832091165
25611,7610.750928747564
25612,10384.094963096562
25613,14436.365657019553
25614,6439.170136588695
25615,5436.473458521984
25616,6210.042312766927
25617,7535.619338199733
25618,7123.169351044721
25619,9235.771446825882
25620,9296.945438229124
25621,6563.183746592139
25622,5379.215467362383
25623,7543.765136234818
25624,8966.643155909796
25625,5829.892757759906
25626,8127.943410533928
25627,4905.465541509805
25628,8713.830938318124
25629,9227.939917481846
25630,7541.61307971355
25631,9266.171090708265
25632,6945.241575874512
25633,5666.808469473994
25634,6990.96507071825
25635,8213.82683024435
25636,8496.560153311066
25637,7653.129409729252
25638,7654.539094931521
25639,7442.361578961339
25640,5762.623422135522
25641,9772.945383377431
25642,5243.814575954107
25643,10957.072377649949
25644,6748.6638622963765
25645,5862.330715973902
25646,7617.5719031538965
25647,6933.743914414408
25648,7789.6523508763285
25649,9194.163518094136
25650,4759.094703845619
25651,5185.3163781769845
25652,7663.850869659265
25653,9907.884146425042
25654,9318.230225083636
25655,6913.883386023675
25656,7339.9292826637975
25657,7142.417397092447
25658,7340.429447799118
25659,6346.372272105693
25660,10624.186198052028
25661,9023.475721865798
25662,12581.957892510156
25663,5248.462038685965
25664,6503.842236711539
25665,10068.860489849372
25666,8269.921848476171
25667,5862.022676177619
25668,10725.83968917653
25669,7025.059928099802
25670,6580.747353707498
25671,5857.418185777248
25672,6453.263233982955
25673,5906.13997213706
25674,7339.977881774731
25675,5437.728609452592
25676,5973.294538178613
25677,9859.848920981332
25678,7466.313606808432
25679,21422.95171848056
25680,7863.588608351198
25681,6053.945013712522
25682,9534.593688680727
25683,11296.265389224176
25684,7636.027594023548
25685,8330.12298190073
25686,6261.833571110706
25687,9188.876166382386
25688,9615.72099957816
25689,6925.730051425239
25690,6355.7876306608205
25691,8239.74367868132
25692,8552.952441324052
25693,8159.389954307142
25694,8446.803063732299
25695,7620.719889569338
25696,6104.182612898057
25697,8153.373265017666
25698,11159.434658327395
25699,12468.29452900446
25700,12241.099039008976
25701,8412.913273971686
25702,7676.06608716274
25703,7402.119813564205
25704,6062.271698798225
25705,9449.87796218556
25706,12055.911763075095
25707,9936.55260887984
25708,7025.576871211298
25709,6843.635955363103
25710,6848.577513464765
25711,7350.740222427976
25712,11377.129606074059
25713,8175.015157372106
25714,6465.5119285465325
25715,7096.3121757149875
25716,8550.91063887503
25717,5227.357634000421
25718,8504.781923828257
25719,5971.481305946889
25720,9043.762090165712
25721,8348.678816977863
25722,6669.6387292698055
25723,7997.6648663544665
25724,8303.061070357335
25725,6495.561606768626
25726,7752.262623061125
25727,8097.390140618733
25728,12744.344927748623
25729,7053.224866421567
25730,10347.923183628089
25731,9171.948914720617
25732,10172.350513201247
25733,7901.022619294722
25734,11636.710088371452
25735,6318.0682886130135
25736,5940.6900722831315
25737,7629.044650182414
25738,7472.472395534693
25739,10657.110382280689
25740,8554.096802690272
25741,6390.070100332008
25742,8393.824763776216
25743,7090.8962579003955
25744,12294.89702366325
25745,5353.64746625011
25746,14559.267387149852
25747,6619.776669264378
25748,7043.188751242932
25749,9718.899116806953
25750,6730.78613580478
25751,7885.497500745314
25752,8871.24438570657
25753,8151.9924735848845
25754,9150.055655309377
25755,6589.088101093956
25756,8662.243298432883
25757,8678.25014831622
25758,8697.276487831448
25759,6349.0954574591915
25760,8469.644063991476
25761,12277.323015616075
25762,7667.4385085054655
25763,5989.070809606736
25764,7980.319189789709
25765,7013.255709701366
25766,7490.195402107138
25767,7720.949760650933
25768,5345.965385106288
25769,8332.8688061513
25770,7563.586364055869
25771,7779.046516534183
25772,8587.030074859753
25773,6010.397432037139
25774,7262.422997687718
25775,7843.261020899712
25776,8671.855612419411
25777,9756.10956714971
25778,6627.680411432379
25779,6038.687828877739
25780,7948.761163429523
25781,7467.79951979845
25782,6940.310632665325
25783,8245.348234551151
25784,8504.168540985645
25785,8512.114928625218
25786,7247.479919922293
25787,6104.31571060307
25788,7563.371109177817
25789,9300.387693666618
25790,10475.449773671944
25791,9672.146996988578
25792,9240.73958142189
25793,7257.273840511751
25794,9678.481133680494
25795,7670.0456891300455
25796,9465.28341340068
25797,9870.999496222852
25798,7706.120245411885
25799,10577.591717878255
25800,9486.441065381294
25801,9227.878187832888
25802,7520.468723439789
25803,9133.669430535792
25804,9594.584503044776
25805,7552.151913348474
25806,5375.332793478552
25807,7508.858164062152
25808,8936.821590062083
25809,7032.02946868619
25810,6970.919911553655
25811,9536.765966919702
25812,8253.816443586666
25813,7685.572876701207
25814,7147.157944802255
25815,6498.9488137898525
25816,8564.420095814263
25817,8370.27321803329
25818,8315.717901622536
25819,7445.8948928788
25820,6983.685223935987
25821,7812.722963689945
25822,5549.82536991272
25823,7047.755777905789
25824,6200.814339455239
25825,8944.70868582099
25826,7637.77433426959
25827,6725.070772249552
25828,11325.816116139375
25829,7271.824588081426
25830,8196.851356304851
25831,11977.596766386772
25832,7988.927538509787
25833,8238.612906630491
25834,8700.108852126117
25835,7310.609041341269
25836,6637.259326852907
25837,6620.704430619396
25838,9020.941917202763
25839,12518.469873096265
25840,6670.572358597325
25841,4630.481331844068
25842,6202.904299913831
25843,8449.889263035158
25844,8784.39465470339
25845,8370.781472964896
25846,8969.111574488536
25847,6242.271159008395
25848,6935.186635514891
25849,4527.11423887051
25850,6342.0470687410725
25851,7213.600845338691
25852,8121.421386313348
25853,8483.853499092269
25854,7406.283635497521
25855,9350.298392108492
25856,12321.54995771108
25857,8603.83950621259
25858,6200.373578422896
25859,10461.068645765456
25860,12497.828748806165
25861,6581.010318024876
25862,10095.857898922726
25863,6260.010920969072
25864,7093.757697411738
25865,5225.799211104649
25866,9158.767871627559
25867,6491.992077604124
25868,9338.246936651223
25869,7720.243107424517
25870,9999.643816174002
25871,9577.403534545583
25872,6748.797825492964
25873,9507.932772807164
25874,21481.776988566333
25875,13624.538482173979
25876,7951.930450970462
25877,4929.357542396447
25878,7367.656015028343
25879,11032.41625498536
25880,7482.341457256264
25881,11799.349325623674
25882,20106.689648369516
25883,5817.575535843596
25884,5911.189769082981
25885,9546.126517400859
25886,6368.572193293763
25887,11894.620918219138
25888,8685.848019097994
25889,8387.40817513618
25890,4696.779016005735
25891,8076.017510385552
25892,7699.554203414462
25893,8243.988671344398
25894,10598.634494483642
25895,7332.37353656108
25896,7100.268273926921
25897,8196.99472791865
25898,6163.6073196255475
25899,6599.608315205022
25900,8383.41328267417
25901,6741.160838047411
25902,7317.214770073788
25903,8574.182485842208
25904,6569.529160687727
25905,7250.190716871913
25906,7776.410861384216
25907,8107.064352054597
25908,9212.6102338598
25909,8336.535692541349
25910,9755.036256631442
25911,7036.190677014903
25912,5264.56914108154
25913,8821.88732739142
25914,8167.861845551933
25915,7031.413946117668
25916,5515.578999008145
25917,10842.850490996658
25918,8443.684395097285
25919,8464.126424930624
25920,8178.446613044016
25921,7162.622939859204
25922,6023.310065134445
25923,5901.1409728551935
25924,11476.760565377257
25925,6675.634595155626
25926,8507.561287250515
25927,17465.89759873535
25928,8297.879871085974
25929,7594.418510445027
25930,6341.785414360235
25931,6117.848121480794
25932,8131.278604361404
25933,6077.082102169276
25934,6223.500019736673
25935,11495.84261648006
25936,6270.6389588158745
25937,19944.439283782485
25938,16120.991866527576
25939,5995.185011625663
25940,8468.606417754898
25941,6643.04747217232
25942,7963.835590477448
25943,7521.068775108098
25944,11143.15533222085
25945,8222.872240519446
25946,10730.96525613235
25947,8926.82440946302
25948,8359.239285897258
25949,7132.199707616339
25950,10713.544673731858
25951,8617.884027272514
25952,7614.269879895944
25953,7377.913906802899
25954,6241.1393348363945
25955,9935.606188761334
25956,10216.971937196295
25957,7536.451496268134
25958,11812.005661495194
25959,7833.89958543453
25960,11750.331000596649
25961,6032.124045982454
25962,7337.162850804901
25963,7242.6004061019075
25964,12758.297231276889
25965,7677.949656506887
25966,8817.06298348304
25967,8189.513595209478
25968,9353.65230506175
25969,6971.659833499113
25970,10223.949543120663
25971,8239.533768232637
25972,5998.826858126472
25973,16032.432278293632
25974,20310.16635379016
25975,8665.575241790897
25976,8355.335292484368
25977,10769.783711068041
25978,12260.218901446877
25979,11771.892710961629
25980,8020.824332831975
25981,8692.948840702993
25982,7074.656357692543
25983,9241.472416035045
25984,5492.594708685084
25985,7784.673156744078
25986,7509.801577002669
25987,6975.14759606071
25988,8484.154562450389
25989,6646.018341829501
25990,6875.120302205012
25991,7698.090263130563
25992,5236.961241732674
25993,6373.620874412851
25994,7147.956550637997
25995,8686.344331824796
25996,9558.989125784847
25997,10012.611867451524
25998,8927.232602459024
25999,7894.611418284723
26000,7720.535632552526
26001,11029.356564001839
26002,7982.499575378381
26003,6605.31495923291
26004,7043.168825840498
26005,9475.91294319829
26006,6192.138027132571
26007,8565.169405490788
26008,4848.771864486074
26009,7001.945799036547
26010,10596.826134654564
26011,6155.700376495461
26012,6901.506524003022
26013,9121.901538433352
26014,9693.339239738754
26015,12892.746374057611
26016,7181.7071279735
26017,10201.132091042284
26018,5339.279706964836
26019,6962.02775894068
26020,7399.965211342312
26021,6331.126029766215
26022,9329.80764222176
26023,6792.177999742723
26024,7074.762045537979
26025,9115.78189545849
26026,12550.413383992025
26027,9425.871906064393
26028,7158.566293242009
26029,6722.011363553281
26030,10101.170159696305
26031,8669.753104190331
26032,8575.376161885037
26033,6642.902015093498
26034,7955.165411035253
26035,12413.307152180148
26036,6452.066884666976
26037,7970.92306404855
26038,8464.927748157286
26039,9099.894345520777
26040,14478.760722135075
26041,7303.198700652833
26042,15280.921652618248
26043,8284.876893884031
26044,6667.402810983978
26045,5410.860777017149
26046,8291.998475619701
26047,7438.764633270105
26048,6547.833186723339
26049,7862.74235312026
26050,7028.391586852541
26051,6019.76288433595
26052,7784.545008157902
26053,6621.079539509674
26054,8831.362665173208
26055,8402.623503541485
26056,9187.309335750391
26057,9829.804666597878
26058,6781.339784358897
26059,9573.92377504748
26060,6611.356036956848
26061,8120.381426544168
26062,7050.8705491278315
26063,7045.925048447696
26064,12634.169029395081
26065,7791.66704987731
26066,6381.13773630364
26067,8426.790721677839
26068,9871.147457460766
26069,8638.601823022187
26070,7947.210908626105
26071,9030.644378926734
26072,6968.597882976879
26073,6337.218603605228
26074,7779.629921747067
26075,10182.345258105177
26076,7321.223143629855
26077,7912.852162218088
26078,7722.1092876191815
26079,6876.952116923178
26080,5794.8762771724405
26081,7542.502857718377
26082,9121.793108233478
26083,9579.874658619703
26084,11157.644066341307
26085,14128.713850267945
26086,9120.484843031954
26087,7039.618269212145
26088,6843.8743003679265
26089,11729.133121648265
26090,10281.912552101849
26091,9468.363978817491
26092,9333.493834626168
26093,9973.151404067543
26094,7132.846745707062
26095,6482.080839045062
26096,10880.252067754316
26097,7663.665962124048
26098,8401.493597409373
26099,7576.261103029674
26100,4550.379016708879
26101,11902.331306621762
26102,7760.527170580859
26103,7048.4525293028
26104,6120.513459506722
26105,6938.1320874775765
26106,7673.51814333169
26107,10580.959031793114
26108,8019.834235003905
26109,5754.5102690513595
26110,5779.155969895389
26111,6081.526590299645
26112,5112.56646705589
26113,8301.948170184944
26114,19852.370391702727
26115,5926.696544024567
26116,6139.428122636026
26117,7970.884783698602
26118,6041.802686612797
26119,6264.038653323065
26120,6657.2833700916
26121,6143.0824472719005
26122,8116.255691919024
26123,8268.83738596648
26124,5288.586837273799
26125,9560.427781814542
26126,7035.041102786334
26127,6575.654006393669
26128,9068.604710895115
26129,9178.474556462736
26130,10723.849450907708
26131,7217.156369417125
26132,8583.837093241511
26133,5803.995668748541
26134,9010.513953511607
26135,15929.736973988993
26136,11547.161302880866
26137,7535.403156070453
26138,5838.322421542295
26139,6246.8589818918
26140,7198.066689428125
26141,5777.3325107323935
26142,10453.044186769413
26143,7690.86587139143
26144,6377.373322956314
26145,10997.080809994637
26146,6064.0764849680945
26147,7150.534914609402
26148,9347.690795894554
26149,8817.374401862331
26150,8506.5012888643
26151,5842.278511440541
26152,6976.002498134427
26153,7820.354260434791
26154,11060.180222604358
26155,9353.241247600974
26156,7882.699399361518
26157,6413.643243115775
26158,7169.616997326468
26159,7006.434973725436
26160,6054.1448902462935
26161,8587.693786480242
26162,8118.020027205608
26163,7185.898711225289
26164,7800.171730669509
26165,7787.628330119063
26166,7749.593047034602
26167,7250.6228719232995
26168,7611.779824068291
26169,8451.582901504173
26170,7868.688315677934
26171,10153.324715731795
26172,7565.361276696521
26173,6331.785755392154
26174,12315.93832687143
26175,6059.073574387009
26176,4977.973978489653
26177,10378.8504393492
26178,9899.447629019947
26179,14075.004877235839
26180,6614.941868500622
26181,7244.297745553736
26182,7172.789799890933
26183,9216.408353197961
26184,7142.118215766253
26185,8907.430219932154
26186,4969.350832780464
26187,7855.3223932192905
26188,7306.332667251566
26189,7032.306052605637
26190,6086.577911893306
26191,8179.84853870106
26192,9645.217466231274
26193,6722.664107109643
26194,11401.892456957217
26195,8756.4979042668
26196,9106.404060815374
26197,6329.621637045969
26198,8366.1384357329
26199,6839.342220677727
26200,11397.740801451424
26201,8565.443230122703
26202,5668.503832033355
26203,8627.420970452078
26204,9288.284366030204
26205,8031.661834967985
26206,7062.255561697841
26207,5168.959383393638
26208,9106.299756110811
26209,7460.120913909211
26210,9546.886322030225
26211,8369.766670208872
26212,7513.061534460551
26213,9408.815016322706
26214,8674.697111666623
26215,8661.46794401206
26216,8443.984625633508
26217,7045.965508772071
26218,9495.895269963572
26219,11427.494342150183
26220,9907.686352240222
26221,5770.772941490347
26222,7081.56995441284
26223,6406.762748777194
26224,5116.369656040713
26225,10126.586832938767
26226,5930.091026285043
26227,10100.380806625437
26228,5721.793564383394
26229,9782.291343794432
26230,8448.53212873971
26231,11102.543212180733
26232,6255.23597859713
26233,6901.616417423925
26234,6958.839896002753
26235,9074.642537553678
26236,7327.899068094059
26237,8867.526062619705
26238,9266.930681287762
26239,11401.463346838063
26240,7999.970264776484
26241,8174.77010526202
26242,7180.224895048929
26243,5751.959121975278
26244,6945.980360720843
26245,11956.670916038469
26246,10772.110561108348
26247,7951.631958635503
26248,16355.445438785506
26249,8281.831793125537
26250,6769.08234626046
26251,8054.262075372448
26252,9016.192910166996
26253,12352.190233937028
26254,8184.184995438325
26255,8883.00835156856
26256,8958.498493970765
26257,7820.961376153671
26258,8171.564032238489
26259,6453.0751773904485
26260,6157.8794874049
26261,6096.110125160241
26262,5708.691068499065
26263,6303.613947660015
26264,9606.63968663019
26265,18943.518118981465
26266,7666.037878428506
26267,6434.839053520383
26268,9123.45095431277
26269,5238.351938849548
26270,7932.12269976242
26271,4608.698777869943
26272,11592.418009986055
26273,7058.021478864911
26274,7638.126719316346
26275,14528.616953782506
26276,13106.502619740531
26277,7838.3806967293185
26278,8167.755035075963
26279,4649.166077599168
26280,7504.036113642925
26281,6789.284810205582
26282,9155.687341719045
26283,6145.795766979068
26284,5822.9299656307085
26285,6984.908543601349
26286,7234.4538617316475
26287,7472.492325191549
26288,7706.518771204149
26289,4878.291622768117
26290,8536.240849458502
26291,8963.72426034361
26292,9282.75888186457
26293,6535.625912706359
26294,5806.095700828107
26295,8672.703895983903
26296,5341.81040381007
26297,10247.698046292284
26298,6793.048624165338
26299,6609.306791789728
26300,8324.20403061653
26301,7020.610272233867
26302,6280.760629509728
26303,7955.50895054741
26304,8101.849404935332
26305,10921.48265855896
26306,11388.722869575438
26307,7240.271564329231
26308,5995.469804726221
26309,7273.109096826308
26310,7011.09893990253
26311,6521.3676439974315
26312,7311.582712282993
26313,7251.378575464164
26314,10917.912433523581
26315,9796.91110445206
26316,7762.027378047032
26317,8485.853697280758
26318,7323.010714827546
26319,10191.1477296646
26320,7804.061825320936
26321,15050.132599938426
26322,8098.312751721988
26323,6630.775765779105
26324,7096.036765596858
26325,5692.022838315498
26326,8532.846895835095
26327,20105.630227938334
26328,4902.413986794489
26329,5619.5197147688095
26330,11235.41846717604
26331,8331.300989889474
26332,8233.68142327748
26333,8812.54876193885
26334,6947.513895068166
26335,6222.872666810151
26336,5427.604460561422
26337,9880.111183200062
26338,7489.425357391745
26339,7446.320860883263
26340,7583.086264390073
26341,6033.609115844114
26342,8894.198107854338
26343,7851.86502274739
26344,5390.613587603794
26345,10074.712271797138
26346,10048.830840445073
26347,6208.029724595357
26348,8434.232114758815
26349,7928.273372768676
26350,6363.110281908761
26351,9595.071446713087
26352,7307.424172633443
26353,8207.240059591813
26354,6276.117821508716
26355,7073.838038284114
26356,7589.322943043785
26357,5603.515773457566
26358,8713.573201165871
26359,6318.371528794281
26360,7034.689286635679
26361,6238.822004715884
26362,7105.178161863928
26363,7248.627576912383
26364,7889.807383282343
26365,8758.872239913077
26366,8516.787014334073
26367,7913.047156509905
26368,7398.950735419067
26369,8333.153243804321
26370,9974.642202637562
26371,9841.704471525944
26372,8358.518627850357
26373,5731.542456804093
26374,7040.683439014335
26375,7715.872798122767
26376,6093.169653931855
26377,12187.591862610308
26378,7526.987693641658
26379,9151.377740024063
26380,12281.384074256559
26381,7505.036283425272
26382,5728.681583973342
26383,14872.281065809018
26384,10713.067676438186
26385,7279.4466931247025
26386,10128.141498589552
26387,10482.97853963332
26388,7173.711705730319
26389,7759.201474205544
26390,8263.9303160584
26391,7736.579307946569
26392,6875.053024946641
26393,7910.035393918221
26394,6299.778514600603
26395,8230.768411060038
26396,8328.053660971382
26397,7651.487232272092
26398,8795.583129962704
26399,7328.354074326922
26400,8605.317708007498
26401,6673.226209728359
26402,10477.501444053378
26403,7799.361057504129
26404,7828.503547955786
26405,7958.998253531281
26406,8387.323582091012
26407,9850.355818643779
26408,7170.390274556196
26409,6371.405850359123
26410,7575.931579838268
26411,7576.329362127228
26412,8390.939356367993
26413,6108.690878247998
26414,5751.45079771106
26415,9194.274429594363
26416,6873.798429184548
26417,7391.732434322652
26418,8828.913959159818
26419,7473.708346957402
26420,8001.378148699598
26421,5848.54879458748
26422,4788.957033708691
26423,8217.02604409598
26424,7337.698159244659
26425,8328.665461375125
26426,11437.02866385938
26427,9818.710170280008
26428,6022.6858806358205
26429,9386.285845875662
26430,5017.487723550452
26431,4381.329746990289
26432,7850.575121575207
26433,13150.442450638215
26434,9592.96402796355
26435,8865.427275797229
26436,6380.399970027843
26437,8265.50703044322
26438,11016.105062160283
26439,8971.07801580559
26440,10114.627377225514
26441,6192.933818586143
26442,5574.982261651902
26443,6088.381992936485
26444,6862.652819425043
26445,7308.595794904999
26446,5862.229688398445
26447,6762.474992530086
26448,5374.392328975767
26449,7240.669723515251
26450,9383.364470754406
26451,6577.562248328849
26452,7784.670186636719
26453,8164.027255780222
26454,6196.4048399850235
26455,7067.070697021685
26456,9736.626318509614
26457,9370.730697360335
26458,7149.335106329275
26459,5213.232817974095
26460,15380.71664725753
26461,8316.693809484228
26462,6640.877785003739
26463,11421.507354379874
26464,10504.714944012054
26465,8615.37789150746
26466,7456.128489720626
26467,8163.643423655665
26468,11608.902622420135
26469,16081.227923864846
26470,7358.6500855286895
26471,6058.486624179078
26472,6051.6002271327725
26473,8115.02780395158
26474,7725.452221292361
26475,9878.306914909894
26476,10332.073247272601
26477,6972.608787289841
26478,5619.942375184294
26479,8412.902509358235
26480,9428.861619394089
26481,6465.219328946483
26482,8369.363100486908
26483,5294.711578138677
26484,9055.535364478008
26485,10061.724717874646
26486,8283.9780397998
26487,9986.52079118178
26488,7256.752758595641
26489,5901.576840452453
26490,7481.631728347703
26491,8888.903345825938
26492,9118.092364335149
26493,8055.977974959675
26494,8153.093704512382
26495,8178.86175836567
26496,6225.628721315602
26497,10659.046936559682
26498,5680.697070507364
26499,11493.23984012826
26500,7218.715733745187
26501,6098.4466971307975
26502,8184.505600278616
26503,7392.613784515823
26504,8212.526014081792
26505,9619.257772584506
26506,5666.904047328563
26507,5423.635626085404
26508,8026.170081999793
26509,11048.565955584276
26510,9757.52037955038
26511,7134.688289796019
26512,8304.457107230664
26513,7948.367066192563
26514,7831.096105428567
26515,6761.503603105472
26516,11457.179414359047
26517,9648.231615244289
26518,13267.78099572305
26519,5657.887079383667
26520,6829.81163854663
26521,10609.904169137764
26522,9751.222577895069
26523,6447.495930178741
26524,11444.65581913871
26525,7557.062295324511
26526,6841.257388329691
26527,6567.977403433912
26528,7005.108515524432
26529,6208.048547899158
26530,7935.438531794754
26531,5911.591213827663
26532,6431.675037314565
26533,11784.573758265928
26534,7780.037839787981
26535,22773.041159485605
26536,8098.3569793296565
26537,7702.8996971937995
26538,10638.129822001849
26539,12652.024950981879
26540,9399.972425495906
26541,9905.831829152059
26542,8194.694617974765
26543,10709.530243562034
26544,11199.422987494589
26545,8510.862858736758
26546,7928.426460437782
26547,9857.22883005886
26548,9868.523101536328
26549,9447.010873667654
26550,10225.819847486786
26551,9471.436098867202
26552,7630.495696433196
26553,9977.600465858959
26554,13070.652295400385
26555,13943.353990390717
26556,13626.119817545303
26557,10335.66223131549
26558,9110.75836216363
26559,9003.269948154959
26560,7762.549330900227
26561,10681.809063351633
26562,14358.845283557146
26563,11094.331533996947
26564,8864.755888940379
26565,8491.766993700878
26566,7683.124228026568
26567,9088.034259433967
26568,13127.956409176953
26569,9741.256762003244
26570,8209.917785530435
26571,9070.512813482648
26572,10492.188817015589
26573,7027.99611197188
26574,10181.830402153313
26575,7784.909610532745
26576,10585.8519759041
26577,9911.355601822503
26578,8512.935742333662
26579,9727.090980956355
26580,9959.59796861328
26581,8018.530723926075
26582,9545.845095052362
26583,9628.95573816304
26584,14817.068313279651
26585,8737.017682262202
26586,12099.623937551243
26587,10443.869170039421
26588,11757.02509045171
26589,9830.436649758813
26590,13022.343401683445
26591,8142.831612270687
26592,7839.884144482092
26593,9238.15626810468
26594,8930.121978777137
26595,12575.776126029103
26596,10317.840923480213
26597,8452.527344632841
26598,10225.998675055405
26599,8805.02662555259
26600,13316.508553433738
26601,6873.504446048662
26602,15852.775441874126
26603,8267.963209443538
26604,8713.100388060475
26605,10987.982663190549
26606,8470.05032648171
26607,9242.32143688276
26608,10444.375805735837
26609,9899.244864686121
26610,9935.0446458648
26611,8187.400879624691
26612,10421.26205684661
26613,10686.559067155758
26614,9688.065222417352
26615,7978.064846050165
26616,10028.441420155117
26617,14274.114972006944
26618,9212.243485319263
26619,7630.866452861338
26620,9662.294390624427
26621,8526.379912165505
26622,9133.894724370635
26623,9534.36493807995
26624,7040.910912650107
26625,10100.109246207248
26626,9197.787592332414
26627,9401.57764292911
26628,10298.069970018265
26629,7203.922596007369
26630,8882.864846574928
26631,9907.733088590803
26632,10252.753894271182
26633,11159.671376178416
26634,8426.55540434201
26635,7724.155184186597
26636,9554.940599999869
26637,9088.78526102242
26638,8458.885894251925
26639,9906.143736603204
26640,10272.725264744131
26641,10117.973225362452
26642,8908.085186563356
26643,7480.764014214718
26644,9555.338201307273
26645,11032.835194083698
26646,11713.831910562212
26647,11604.120625201504
26648,10920.882596804508
26649,9003.660439176916
26650,11663.159524217483
26651,9386.366939388556
26652,11140.481818669305
26653,11735.803098533608
26654,9440.225770587691
26655,12230.323842109381
26656,10376.467681904982
26657,11069.708632903043
26658,9173.374452623175
26659,10675.876786432338
26660,11408.429023739875
26661,9453.317942380496
26662,7316.803912562488
26663,8850.525856622682
26664,10668.170167718967
26665,8849.217541540997
26666,8638.454326947773
26667,11364.01298851204
26668,9327.504194307992
26669,9217.239498103896
26670,9080.363968428834
26671,8334.363090766672
26672,10064.063694249551
26673,10011.53201077419
26674,9991.864673827356
26675,9035.40920777529
26676,8715.033801592843
26677,9330.216406311105
26678,7005.610845988997
26679,8910.421326455587
26680,8053.441011396689
26681,10684.362676085362
26682,9528.356340856904
26683,8522.363114496056
26684,12998.190486978574
26685,8897.270580844097
26686,10107.68210794802
26687,13331.307453946076
26688,9744.510168468645
26689,10116.95324554602
26690,10238.77039923591
26691,8156.8219233753625
26692,8194.14567623742
26693,8375.052006217313
26694,10442.362930330473
26695,14987.376710352188
26696,8443.7911832623
26697,6346.96837920035
26698,7896.250290034458
26699,10125.532273862884
26700,10425.943549151047
26701,9697.697853375854
26702,10128.61259957908
26703,7730.829665541659
26704,8381.096545426466
26705,5752.536796514352
26706,8130.247316974275
26707,8846.428370525307
26708,9864.016189909058
26709,9940.947231174794
26710,8891.76185663428
26711,10699.091407348615
26712,13539.06556320774
26713,10330.851616959397
26714,7855.359186652943
26715,12358.598575841832
26716,15593.533743917495
26717,8548.920161241012
26718,11625.032179736436
26719,7908.906812249532
26720,8742.653588692197
26721,7252.475238635493
26722,10807.231844906566
26723,8356.582337220932
26724,10792.553466326195
26725,9533.540050260663
26726,11984.24522161466
26727,11220.261722651117
26728,8381.625350679577
26729,11702.520795798324
26730,21795.005670841016
26731,15301.461094378987
26732,9337.927613812084
26733,7091.422779539975
26734,8930.944734733625
26735,12922.025151321506
26736,9205.251656913944
26737,12451.785160404617
26738,18591.586311223764
26739,7568.2456300851045
26740,7673.773382272182
26741,11027.102928233746
26742,8225.835912005936
26743,14251.872166780731
26744,10634.707145976867
26745,10089.606360361659
26746,6490.687646376121
26747,9905.381222333086
26748,9296.431455220138
26749,10016.292567412898
26750,13518.003340826952
26751,8850.724639219809
26752,8730.964561699095
26753,9886.1744880902
26754,8016.0931184561805
26755,7910.909639413221
26756,9942.405611310054
26757,8531.945298963145
26758,9276.320749526216
26759,10382.10107588782
26760,8623.559361241458
26761,8633.269913578733
26762,9708.748879308878
26763,9748.277253710754
26764,11097.247447977437
26765,10070.483854291553
26766,11217.61240455063
26767,8551.213018835853
26768,6622.454566879207
26769,10455.795958240906
26770,9674.17547271424
26771,8888.22250906661
26772,7447.917016932824
26773,12461.645429147813
26774,10059.994205848903
26775,10058.333234337098
26776,9903.05248578038
26777,8962.13693331872
26778,7899.878657777403
26779,7697.217421399801
26780,13268.130812929276
26781,8413.627655252349
26782,10077.094570404584
26783,18821.051953875784
26784,9969.00796178962
26785,8858.413192059958
26786,8039.019907476305
26787,8012.3093306014225
26788,9921.323157389821
26789,7178.58864602924
26790,8035.769151434091
26791,11993.499762122472
26792,8008.036082175182
26793,19976.059102144616
26794,16930.37190387367
26795,7726.238187085935
26796,10123.463922142473
26797,8352.823164475478
26798,9589.233753282031
26799,8858.136237213552
26800,12479.91865494857
26801,9418.384926368437
26802,12535.565438222582
26803,10094.775665078274
26804,9867.086237492369
26805,8681.076485882319
26806,11977.453557299099
26807,10319.155714863335
26808,9055.33913257634
26809,9119.393215030295
26810,7964.302051256228
26811,11692.767779101563
26812,11456.502033388188
26813,9000.370712525353
26814,13339.265178615773
26815,9487.118902229957
26816,12412.966499726977
26817,7569.324812319548
26818,8985.586986064667
26819,9110.630511062851
26820,15116.80170062183
26821,9427.731655435966
26822,10412.51344912799
26823,10034.878718527192
26824,11095.389825692244
26825,8515.941386547553
26826,11488.031829167741
26827,9642.919112426493
26828,7724.08976595375
26829,17351.7596295452
26830,19729.34059360719
26831,10340.694804744022
26832,10343.978824752072
26833,12202.245689271787
26834,14100.918734955661
26835,13123.208713578111
26836,9340.151684083523
26837,10691.552408324169
26838,8764.907821723402
26839,11067.74618118392
26840,6966.553578629228
26841,9237.979887474516
26842,9110.960012874693
26843,8689.933312807205
26844,10193.022638838365
26845,8465.98694791844
26846,8361.663746774555
26847,9873.653560652312
26848,6897.842940824149
26849,8271.982852009962
26850,8977.183034255071
26851,10198.05590583577
26852,11374.858015341724
26853,11671.918941958087
26854,10362.522943859247
26855,9612.17004288951
26856,9411.618968260727
26857,12785.169824532004
26858,9543.34766918061
26859,8018.064972401556
26860,9297.50349675895
26861,10932.091432540436
26862,7447.143641737147
26863,10340.669469726437
26864,6562.18808243868
26865,8352.841111528753
26866,12573.800972524006
26867,8066.029372032984
26868,8534.26144399911
26869,10702.753637004664
26870,11402.780849652769
26871,14341.766675472212
26872,9194.482254364342
26873,11663.173351257157
26874,6673.097876237156
26875,8631.784842303183
26876,8832.698738101948
26877,8133.723014042099
26878,10621.33175240221
26879,8050.613825055512
26880,8654.360266713085
26881,10624.970337259236
26882,15173.069377622965
26883,10958.881099968294
26884,8734.212214774163
26885,8135.3230612502475
26886,11691.357227994817
26887,10352.27184816814
26888,10023.000112734564
26889,8358.531174252064
26890,9619.691243792679
26891,14397.910488243493
26892,8295.994493437582
26893,9647.425811817495
26894,9996.475028196639
26895,10698.787959739499
26896,15748.492804476402
26897,8982.99567834405
26898,16547.833813838053
26899,9981.562100638603
26900,8347.199788675198
26901,6738.399475799614
26902,9863.058091804352
26903,8896.100464318053
26904,8189.973735442819
26905,9202.14504948029
26906,8647.103708968467
26907,7589.910159561901
26908,9647.929284425392
26909,7923.091370480188
26910,10366.773759434893
26911,10139.898517554453
26912,10523.758834801672
26913,11719.284152649529
26914,8478.024991113469
26915,10834.451520184342
26916,8264.244520406472
26917,9756.606179440316
26918,8551.369292698648
26919,8841.98536691794
26920,14710.69135927022
26921,9382.75227325649
26922,7739.263669168401
26923,9832.443889087119
26924,11233.634322175398
26925,10209.319833279269
26926,9651.811533198983
26927,10457.027698067131
26928,8285.458629232378
26929,7928.1131044386475
26930,9274.961281846792
26931,11642.37776204719
26932,9648.37812814015
26933,9650.290495570838
26934,9391.740321020263
26935,8494.767239685183
26936,7545.106512598738
26937,9084.249688086837
26938,10746.624111525949
26939,11280.301894538889
26940,12370.872435968933
26941,15274.117126182073
26942,10691.556084972552
26943,8518.074269522971
26944,8375.326071880037
26945,12759.20753202352
26946,11758.309392016918
26947,10915.085624677704
26948,10752.520931509542
26949,11458.33557997449
26950,8985.20738673486
26951,8085.183454728061
26952,12655.394601975786
26953,9548.548483136261
26954,9761.623171072037
26955,9163.782763648043
26956,6723.811680994046
26957,13316.002994670302
26958,9225.241430722584
26959,8655.367432425428
26960,7170.048903988368
26961,8379.471933930936
26962,8837.582881665785
26963,12509.428735078922
26964,9715.91738336858
26965,7403.466617389091
26966,7878.516751994467
26967,7822.561162966433
26968,6587.389644776199
26969,9910.100095975122
26970,19224.86046482109
26971,7830.880401324275
26972,7765.434864093468
26973,9798.333362976584
26974,7923.744220250743
26975,8106.151926115845
26976,8351.588642696806
26977,7645.082933140996
26978,10076.108423425927
26979,9685.716983904296
26980,7310.321905783004
26981,11266.766150664878
26982,8992.295099100229
26983,8104.741246116423
26984,10794.307847894806
26985,10653.210740001052
26986,12551.706492093017
26987,8781.313338602165
26988,10163.50194472883
26989,7823.950758269742
26990,10186.560225893198
26991,15905.803455125013
26992,14155.3373367004
26993,9172.286616282487
26994,7421.488273832264
26995,7953.623730546926
26996,8603.82785937972
26997,7370.834110023174
26998,12307.773238264326
26999,9453.402819930114
27000,8419.150419081452
27001,12152.168120810225
27002,7727.520087964618
27003,8980.510856599514
27004,11555.25411225939
27005,10543.07753886202
27006,9945.219172915888
27007,7506.938617856981
27008,8547.692978797924
27009,9584.163564308994
27010,12665.669637040939
27011,10850.035977285646
27012,9384.43702552528
27013,8199.209830887607
27014,8933.591451573944
27015,8865.675358975494
27016,7785.046336945116
27017,9808.298962627188
27018,9589.611145994555
27019,8853.388041384336
27020,9520.003736435057
27021,9385.715767403331
27022,9328.335530883935
27023,9134.23409839636
27024,9258.558720565352
27025,9988.716723517007
27026,9853.244121333899
27027,11502.35223877468
27028,9405.252160428372
27029,8018.0613932273745
27030,14001.65462740218
27031,7854.283026652683
27032,6447.979496940238
27033,11852.46406866527
27034,11289.524130049334
27035,15086.473628059135
27036,7940.412548090138
27037,8833.440075552173
27038,8833.60647310855
27039,10415.738769859116
27040,8663.923597912277
27041,10600.056434554603
27042,6312.110467766768
27043,9587.15476572289
27044,8992.877777222078
27045,8697.617700845814
27046,7770.351174506514
27047,9637.350564732978
27048,11692.8814648854
27049,8296.787427701162
27050,13091.491994898191
27051,10271.005969679618
27052,11006.256742509258
27053,7916.70151571918
27054,10066.979406202334
27055,8212.851756600712
27056,14167.779005307255
27057,10079.462196687042
27058,7255.681126214215
27059,9766.18182177699
27060,11073.739665276778
27061,9700.53108443981
27062,8503.305475305298
27063,6731.407815594559
27064,10986.32676668144
27065,9036.71131914308
27066,11341.569661007727
27067,10259.336466165909
27068,8540.593205636906
27069,11305.856092701286
27070,10278.46307340147
27071,10626.917319889151
27072,10192.089520711446
27073,8622.555914005936
27074,10550.832298950532
27075,12885.479188554611
27076,11478.036233306879
27077,7547.075487383579
27078,8962.946896805253
27079,8012.200645330094
27080,6551.3569723769915
27081,11356.185261586945
27082,7769.428085865074
27083,11836.69596410162
27084,7624.689581624289
27085,11265.852502775086
27086,9924.476692764385
27087,12825.145582604697
27088,8020.717521976659
27089,8709.555952953731
27090,9087.682041590393
27091,10110.843641500449
27092,8829.95735513791
27093,10349.485647517069
27094,10829.098417234973
27095,12905.063779947825
27096,9719.998906444613
27097,9800.946543560489
27098,8802.125744513962
27099,7252.435403936228
27100,8501.488881692698
27101,13537.292537822535
27102,12225.72758184712
27103,9786.110489373907
27104,16010.649227484872
27105,9484.717533670704
27106,8317.119712464519
27107,9320.198960311462
27108,10601.956097293225
27109,14380.453757709507
27110,9979.635260809484
27111,10532.55141551637
27112,10573.438892262595
27113,9664.673637818169
27114,9965.602967446788
27115,8163.675381908647
27116,8076.284834485321
27117,8021.725648770974
27118,7489.921502150144
27119,8028.3374835679115
27120,11444.928464971794
27121,19925.294742720704
27122,9414.78065026697
27123,8200.777345528826
27124,10304.881777569533
27125,7246.424474619122
27126,9838.123140114836
27127,6278.878693871869
27128,12347.500777015803
27129,8661.588116891653
27130,9237.366833592607
27131,17333.619451429906
27132,14303.584025594397
27133,9610.40800255163
27134,9667.122271269378
27135,6264.921719663025
27136,8910.952131585063
27137,7959.984586477161
27138,10975.449645990266
27139,8055.496477906673
27140,7673.507880974783
27141,8788.623304007173
27142,9078.058920828827
27143,9197.215861099445
27144,9432.207475158142
27145,6326.892839916614
27146,10292.858439531654
27147,10624.083649690214
27148,10899.968881875388
27149,8303.22580415087
27150,7441.536715238148
27151,10248.57738461086
27152,7120.878608473575
27153,12108.10829032836
27154,8436.263795052946
27155,8642.502549105551
27156,9821.238658203902
27157,8819.031136324742
27158,7803.565333949293
27159,9293.85836233877
27160,9867.457188758463
27161,12468.051019175755
27162,12974.093997217076
27163,8889.814628277014
27164,7670.503090761412
27165,9008.943248621033
27166,8834.96549283086
27167,7989.3038283432315
27168,9236.787856309624
27169,8503.896551222011
27170,12694.21497941681
27171,11436.310933565504
27172,9144.060384108914
27173,10076.50192325744
27174,9086.251583910349
27175,11614.049754036518
27176,9074.777551641824
27177,16299.952355453246
27178,9708.518379163963
27179,8217.57782232093
27180,8861.532300036426
27181,7154.015783542061
27182,10260.983320215548
27183,21764.796248760536
27184,6528.399862535568
27185,7065.413081042404
27186,12799.578296478929
27187,10041.932940830216
27188,9705.15493422041
27189,10442.731140704276
27190,8715.236047987582
27191,7867.701409442561
27192,7206.003295950352
27193,11499.255539857963
27194,9313.898058011364
27195,9125.785161509104
27196,9315.886580837441
27197,7973.533537773014
27198,10346.727587670031
27199,9417.130677069083
27200,7076.606750384363
27201,11922.004305967774
27202,11322.664278480963
27203,7940.979922598947
27204,10126.606223000414
27205,9467.590330850642
27206,7678.70793416773
27207,11438.311361876604
27208,8808.68157992429
27209,9821.498437574312
27210,7891.113839847632
27211,8806.638354731484
27212,9234.732920480574
27213,7577.146913741182
27214,10303.491577877028
27215,7338.117781481816
27216,8642.468926403228
27217,7822.2541689807285
27218,8746.596580635985
27219,8821.337297708733
27220,9218.524822094076
27221,10569.645085148411
27222,10155.128637917405
27223,9510.838250129898
27224,9363.113928133473
27225,9877.039487789432
27226,11547.026273461031
27227,11464.512287312624
27228,10141.401855235536
27229,7356.778099919616
27230,8485.903743645034
27231,9444.467380046246
27232,7854.973008467562
27233,13629.2471796701
27234,9376.52215649574
27235,10502.478324019137
27236,13750.035869461131
27237,9419.909628275898
27238,7531.537678456912
27239,16575.095495130667
27240,12144.359768354743
27241,9063.541195546908
27242,11470.654540300304
27243,12261.482135207447
27244,8993.99503149824
27245,8831.489902597565
27246,9815.845408928306
27247,9472.847465686462
27248,8562.927439484767
27249,9492.2006068702
27250,7690.355716370392
27251,10129.859509666008
27252,9891.409649870573
27253,9243.18045167182
27254,10686.812535222032
27255,8880.78200262397
27256,9772.696563510395
27257,8288.228243214398
27258,11919.542530792736
27259,9351.525983878217
27260,8988.107477243047
27261,9241.914916825019
27262,10136.971918574327
27263,11692.35483649793
27264,8804.155317372411
27265,8055.39578076476
27266,9322.931007082136
27267,9026.64700041014
27268,10176.099117321492
27269,7621.005770896069
27270,7368.581269682232
27271,11032.849609261379
27272,8278.718432693384
27273,8982.653707648627
27274,10557.0096758835
27275,8983.351854589057
27276,9579.04235528214
27277,7459.5840291778295
27278,6411.56151516001
27279,9717.761220725024
27280,8830.806197304628
27281,9956.684812258487
27282,13390.750940327773
27283,11757.458677089948
27284,7397.986838091423
27285,10977.686658986511
27286,6895.739192667006
27287,6047.692008250212
27288,10096.89856330661
27289,14586.190503498141
27290,10960.081949671923
27291,10460.132768444208
27292,8087.236122610779
27293,9881.731597938668
27294,12358.156870023755
27295,10816.259708615586
27296,11978.982633766242
27297,7851.069417750389
27298,7358.380231165672
27299,7846.169225524871
27300,8271.564068395626
27301,8765.521987531829
27302,7480.946634928852
27303,8443.382192638766
27304,7021.131714956623
27305,8741.544441253309
27306,10584.131020610583
27307,8412.568847498773
27308,9379.375679283668
27309,9864.381375823521
27310,8418.4000756861
27311,8245.599454481857
27312,11413.329224403871
27313,11062.188472320511
27314,8775.79793866162
27315,6871.368417138341
27316,17267.5577585623
27317,9946.961111710036
27318,8174.995020604844
27319,13553.475234242302
27320,11766.788601412758
27321,10436.870417037684
27322,9024.357286329125
27323,9859.288325120564
27324,13292.119781753885
27325,18550.164705923384
27326,8831.879786158253
27327,7828.622252209954
27328,7719.417755187598
27329,9936.225099552015
27330,9256.410721303235
27331,11198.901302016466
27332,11385.558015961507
27333,8899.524245828488
27334,7400.940055060413
27335,9962.239976732131
27336,11102.587270110706
27337,8093.854114893291
27338,10528.337971224626
27339,6703.492595288042
27340,10788.01532695116
27341,11411.049918266115
27342,9980.828621700906
27343,11620.452282975668
27344,8991.287839740255
27345,7738.605521408403
27346,8998.626282575195
27347,10642.80607877698
27348,10748.617023766294
27349,9748.624262646323
27350,9640.73093800232
27351,9650.570515107765
27352,7657.711997961197
27353,12067.661751203439
27354,7454.751981864027
27355,13082.688928585427
27356,8718.112475786485
27357,7907.350400249704
27358,9899.403636461533
27359,9117.755827837702
27360,9828.745511715182
27361,11318.23843370403
27362,7564.152613998586
27363,7078.895204461004
27364,10039.308366866915
27365,12457.82071388821
27366,11563.986204993445
27367,8845.106282611472
27368,9742.150033722375
27369,9389.947527605178
27370,9293.492979946672
27371,8141.142330426922
27372,13012.719981443102
27373,11237.7213893767
27374,14401.065181477261
27375,7598.275217391883
27376,8631.856514541587
27377,11083.112665582608
27378,11583.680019280118
27379,8019.644393644453
27380,13729.6749684247
27381,9501.044377294827
27382,8860.606676126139
27383,8216.570674243261
27384,9195.771100598888
27385,8073.26166178047
27386,10022.272460235348
27387,8029.238914790836
27388,8236.09835316242
27389,14370.171389902896
27390,8611.575799196698
27391,23173.674147290185
27392,9943.671847956917
27393,0.0
27394,0.0
27395,0.0
27396,0.0
27397,0.0
27398,0.0
27399,0.0
27400,0.0
27401,0.0
27402,0.0
27403,0.0
27404,0.0
27405,0.0
27406,0.0
27407,0.0
27408,0.0
27409,0.0
27410,0.0
27411,0.0
27412,0.0
27413,0.0
27414,0.0
27415,0.0
27416,0.0
27417,0.0
27418,0.0
27419,0.0
27420,0.0
27421,0.0
27422,0.0
27423,0.0
27424,0.0
27425,0.0
27426,0.0
27427,0.0
27428,0.0
27429,0.0
27430,0.0
27431,0.0
27432,0.0
27433,0.0
27434,0.0
27435,0.0
27436,0.0
27437,0.0
27438,0.0
27439,0.0
27440,0.0
27441,0.0
27442,0.0
27443,0.0
27444,0.0
27445,0.0
27446,0.0
27447,0.0
27448,0.0
27449,0.0
27450,0.0
27451,0.0
27452,0.0
27453,0.0
27454,0.0
27455,0.0
27456,0.0
27457,0.0
27458,0.0
27459,0.0
27460,0.0
27461,0.0
27462,0.0
27463,0.0
27464,0.0
27465,0.0
27466,0.0
27467,0.0
27468,0.0
27469,0.0
27470,0.0
27471,0.0
27472,0.0
27473,0.0
27474,0.0
27475,0.0
27476,0.0
27477,0.0
27478,0.0
27479,0.0
27480,0.0
27481,0.0
27482,0.0
27483,0.0
27484,2979.7137347026837
27485,0.0
27486,0.0
27487,0.0
27488,0.0
27489,0.0
27490,0.0
27491,0.0
27492,0.0
27493,0.0
27494,0.0
27495,0.0
27496,0.0
27497,0.0
27498,0.0
27499,0.0
27500,0.0
27501,0.0
27502,0.0
27503,0.0
27504,0.0
27505,0.0
27506,0.0
27507,0.0
27508,0.0
27509,0.0
27510,0.0
27511,0.0
27512,0.0
27513,0.0
27514,0.0
27515,0.0
27516,0.0
27517,0.0
27518,0.0
27519,0.0
27520,0.0
27521,0.0
27522,0.0
27523,0.0
27524,0.0
27525,0.0
27526,0.0
27527,0.0
27528,0.0
27529,0.0
27530,0.0
27531,0.0
27532,0.0
27533,0.0
27534,0.0
27535,0.0
27536,0.0
27537,0.0
27538,0.0
27539,0.0
27540,0.0
27541,0.0
27542,0.0
27543,0.0
27544,0.0
27545,0.0
27546,0.0
27547,0.0
27548,0.0
27549,0.0
27550,0.0
27551,0.0
27552,2806.5446607013573
27553,0.0
27554,0.0
27555,0.0
27556,0.0
27557,0.0
27558,0.0
27559,0.0
27560,0.0
27561,0.0
27562,0.0
27563,0.0
27564,0.0
27565,0.0
27566,0.0
27567,0.0
27568,0.0
27569,0.0
27570,0.0
27571,0.0
27572,0.0
27573,0.0
27574,0.0
27575,0.0
27576,0.0
27577,0.0
27578,0.0
27579,0.0
27580,0.0
27581,0.0
27582,0.0
27583,0.0
27584,0.0
27585,0.0
27586,0.0
27587,0.0
27588,0.0
27589,0.0
27590,0.0
27591,0.0
27592,0.0
27593,13688.285622260033
27594,26700.067505013023
27595,0.0
27596,0.0
27597,0.0
27598,0.0
27599,0.0
27600,0.0
27601,0.0
27602,6425.0304597938675
27603,0.0
27604,0.0
27605,0.0
27606,0.0
27607,0.0
27608,0.0
27609,0.0
27610,0.0
27611,0.0
27612,0.0
27613,0.0
27614,0.0
27615,0.0
27616,0.0
27617,0.0
27618,0.0
27619,0.0
27620,0.0
27621,4527.5010424008115
27622,0.0
27623,0.0
27624,0.0
27625,0.0
27626,0.0
27627,0.0
27628,0.0
27629,0.0
27630,0.0
27631,3484.8877114942006
27632,0.0
27633,0.0
27634,0.0
27635,0.0
27636,0.0
27637,0.0
27638,0.0
27639,0.0
27640,0.0
27641,0.0
27642,0.0
27643,0.0
27644,0.0
27645,0.0
27646,0.0
27647,0.0
27648,0.0
27649,8128.934977099656
27650,0.0
27651,0.0
27652,0.0
27653,0.0
27654,0.0
27655,0.0
27656,0.0
27657,0.0
27658,0.0
27659,0.0
27660,0.0
27661,0.0
27662,0.0
27663,0.0
27664,0.0
27665,0.0
27666,6704.863472049438
27667,0.0
27668,0.0
27669,0.0
27670,0.0
27671,0.0
27672,0.0
27673,0.0
27674,0.0
27675,0.0
27676,0.0
27677,0.0
27678,0.0
27679,0.0
27680,0.0
27681,0.0
27682,0.0
27683,0.0
27684,0.0
27685,0.0
27686,0.0
27687,0.0
27688,0.0
27689,0.0
27690,0.0
27691,0.0
27692,0.0
27693,0.0
27694,0.0
27695,0.0
27696,0.0
27697,0.0
27698,0.0
27699,0.0
27700,0.0
27701,0.0
27702,0.0
27703,0.0
27704,0.0
27705,0.0
27706,0.0
27707,0.0
27708,0.0
27709,0.0
27710,0.0
27711,0.0
27712,0.0
27713,0.0
27714,0.0
27715,0.0
27716,0.0
27717,0.0
27718,0.0
27719,0.0
27720,0.0
27721,0.0
27722,0.0
27723,0.0
27724,0.0
27725,0.0
27726,0.0
27727,0.0
27728,1966.883282406434
27729,0.0
27730,0.0
27731,0.0
27732,0.0
27733,0.0
27734,0.0
27735,0.0
27736,0.0
27737,0.0
27738,0.0
27739,0.0
27740,0.0
27741,0.0
27742,4050.155948332264
27743,0.0
27744,0.0
27745,0.0
27746,0.0
27747,0.0
27748,0.0
27749,0.0
27750,0.0
27751,0.0
27752,0.0
27753,0.0
27754,0.0
27755,0.0
27756,0.0
27757,0.0
27758,0.0
27759,0.0
27760,0.0
27761,0.0
27762,0.0
27763,0.0
27764,0.0
27765,0.0
27766,0.0
27767,0.0
27768,0.0
27769,0.0
27770,0.0
27771,0.0
27772,0.0
27773,0.0
27774,0.0
27775,0.0
27776,0.0
27777,0.0
27778,0.0
27779,0.0
27780,0.0
27781,0.0
27782,0.0
27783,0.0
27784,0.0
27785,6263.302120651079
27786,0.0
27787,0.0
27788,0.0
27789,0.0
27790,0.0
27791,0.0
27792,0.0
27793,0.0
27794,0.0
27795,2854.2549102395196
27796,0.0
27797,0.0
27798,0.0
27799,3018.3285735140676
27800,0.0
27801,0.0
27802,0.0
27803,0.0
27804,0.0
27805,0.0
27806,0.0
27807,0.0
27808,0.0
27809,0.0
27810,0.0
27811,0.0
27812,0.0
27813,0.0
27814,0.0
27815,0.0
27816,0.0
27817,0.0
27818,0.0
27819,0.0
27820,0.0
27821,0.0
27822,0.0
27823,0.0
27824,0.0
27825,0.0
27826,18065.92242276562
27827,0.0
27828,0.0
27829,0.0
27830,0.0
27831,0.0
27832,0.0
27833,0.0
27834,0.0
27835,0.0
27836,0.0
27837,0.0
27838,0.0
27839,0.0
27840,5834.319570531154
27841,0.0
27842,0.0
27843,0.0
27844,0.0
27845,0.0
27846,0.0
27847,0.0
27848,0.0
27849,0.0
27850,0.0
27851,0.0
27852,0.0
27853,0.0
27854,0.0
27855,0.0
27856,0.0
27857,0.0
27858,0.0
27859,0.0
27860,0.0
27861,0.0
27862,0.0
27863,0.0
27864,0.0
27865,0.0
27866,0.0
27867,0.0
27868,0.0
27869,0.0
27870,0.0
27871,0.0
27872,0.0
27873,0.0
27874,0.0
27875,0.0
27876,0.0
27877,0.0
27878,0.0
27879,0.0
27880,0.0
27881,0.0
27882,0.0
27883,0.0
27884,0.0
27885,0.0
27886,0.0
27887,0.0
27888,0.0
27889,0.0
27890,0.0
27891,0.0
27892,0.0
27893,0.0
27894,0.0
27895,0.0
27896,0.0
27897,0.0
27898,0.0
27899,0.0
27900,0.0
27901,0.0
27902,0.0
27903,0.0
27904,0.0
27905,0.0
27906,0.0
27907,0.0
27908,0.0
27909,0.0
27910,0.0
27911,0.0
27912,0.0
27913,0.0
27914,0.0
27915,10696.016893848506
27916,0.0
27917,0.0
27918,0.0
27919,0.0
27920,0.0
27921,0.0
27922,0.0
27923,0.0
27924,0.0
27925,0.0
27926,0.0
27927,0.0
27928,0.0
27929,0.0
27930,0.0
27931,0.0
27932,0.0
27933,0.0
27934,0.0
27935,0.0
27936,0.0
27937,0.0
27938,0.0
27939,0.0
27940,0.0
27941,0.0
27942,0.0
27943,0.0
27944,0.0
27945,0.0
27946,0.0
27947,0.0
27948,0.0
27949,0.0
27950,0.0
27951,0.0
27952,0.0
27953,0.0
27954,0.0
27955,0.0
27956,0.0
27957,0.0
27958,0.0
27959,2904.533099430903
27960,16331.65977839172
27961,0.0
27962,0.0
27963,0.0
27964,0.0
27965,0.0
27966,0.0
27967,0.0
27968,0.0
27969,0.0
27970,0.0
27971,0.0
27972,0.0
27973,0.0
27974,0.0
27975,0.0
27976,0.0
27977,0.0
27978,0.0
27979,0.0
27980,0.0
27981,0.0
27982,0.0
27983,0.0
27984,0.0
27985,0.0
27986,0.0
27987,0.0
27988,12130.757063284314
27989,0.0
27990,0.0
27991,0.0
27992,0.0
27993,0.0
27994,0.0
27995,0.0
27996,0.0
27997,0.0
27998,0.0
27999,0.0
28000,0.0
28001,0.0
28002,0.0
28003,0.0
28004,0.0
28005,0.0
28006,0.0
28007,0.0
28008,0.0
28009,0.0
28010,0.0
28011,0.0
28012,0.0
28013,0.0
28014,0.0
28015,0.0
28016,0.0
28017,0.0
28018,0.0
28019,0.0
28020,0.0
28021,0.0
28022,0.0
28023,0.0
28024,0.0
28025,0.0
28026,0.0
28027,0.0
28028,0.0
28029,0.0
28030,0.0
28031,0.0
28032,0.0
28033,0.0
28034,0.0
28035,0.0
28036,0.0
28037,0.0
28038,0.0
28039,0.0
28040,0.0
28041,0.0
28042,0.0
28043,0.0
28044,0.0
28045,0.0
28046,0.0
28047,0.0
28048,0.0
28049,0.0
28050,0.0
28051,0.0
28052,0.0
28053,0.0
28054,0.0
28055,0.0
28056,0.0
28057,0.0
28058,2928.7083278367245
28059,0.0
28060,0.0
28061,0.0
28062,2369.3058238956028
28063,0.0
28064,0.0
28065,0.0
28066,0.0
28067,0.0
28068,0.0
28069,0.0
28070,0.0
28071,0.0
28072,0.0
28073,0.0
28074,0.0
28075,0.0
28076,0.0
28077,0.0
28078,0.0
28079,0.0
28080,0.0
28081,0.0
28082,0.0
28083,0.0
28084,0.0
28085,0.0
28086,0.0
28087,0.0
28088,0.0
28089,0.0
28090,0.0
28091,0.0
28092,0.0
28093,0.0
28094,0.0
28095,0.0
28096,0.0
28097,0.0
28098,0.0
28099,0.0
28100,0.0
28101,0.0
28102,0.0
28103,0.0
28104,0.0
28105,0.0
28106,0.0
28107,0.0
28108,0.0
28109,0.0
28110,0.0
28111,0.0
28112,0.0
28113,1805.872555462114
28114,0.0
28115,0.0
28116,0.0
28117,0.0
28118,0.0
28119,0.0
28120,0.0
28121,0.0
28122,0.0
28123,0.0
28124,0.0
28125,0.0
28126,0.0
28127,0.0
28128,9137.924978079021
28129,0.0
28130,0.0
28131,0.0
28132,0.0
28133,0.0
28134,0.0
28135,0.0
28136,0.0
28137,0.0
28138,0.0
28139,0.0
28140,0.0
28141,0.0
28142,0.0
28143,0.0
28144,0.0
28145,0.0
28146,0.0
28147,0.0
28148,0.0
28149,0.0
28150,0.0
28151,0.0
28152,0.0
28153,0.0
28154,0.0
28155,0.0
28156,0.0
28157,0.0
28158,0.0
28159,0.0
28160,0.0
28161,0.0
28162,0.0
28163,0.0
28164,0.0
28165,0.0
28166,0.0
28167,0.0
28168,0.0
28169,0.0
28170,0.0
28171,0.0
28172,0.0
28173,0.0
28174,0.0
28175,0.0
28176,0.0
28177,0.0
28178,0.0
28179,0.0
28180,0.0
28181,0.0
28182,0.0
28183,0.0
28184,0.0
28185,0.0
28186,0.0
28187,0.0
28188,0.0
28189,0.0
28190,0.0
28191,0.0
28192,3390.568062733415
28193,0.0
28194,0.0
28195,0.0
28196,0.0
28197,0.0
28198,0.0
28199,0.0
28200,0.0
28201,0.0
28202,0.0
28203,0.0
28204,0.0
28205,0.0
28206,0.0
28207,0.0
28208,0.0
28209,0.0
28210,0.0
28211,0.0
28212,0.0
28213,0.0
28214,0.0
28215,0.0
28216,0.0
28217,0.0
28218,0.0
28219,0.0
28220,0.0
28221,0.0
28222,0.0
28223,0.0
28224,0.0
28225,0.0
28226,0.0
28227,0.0
28228,0.0
28229,0.0
28230,0.0
28231,0.0
28232,0.0
28233,12401.435000990778
28234,4938.897618391044
28235,0.0
28236,0.0
28237,0.0
28238,0.0
28239,0.0
28240,0.0
28241,0.0
28242,0.0
28243,0.0
28244,0.0
28245,0.0
28246,0.0
28247,0.0
28248,0.0
28249,4747.2568368019265
28250,4203.395454159895
28251,6059.590155935106
28252,3929.3694146780226
28253,5897.093110658201
28254,3859.2590956577733
28255,6295.58655913494
28256,6100.28228627475
28257,0.0
28258,3394.795854735581
28259,6708.106330472759
28260,5617.259329782524
28261,4962.981942367759
28262,0.0
28263,4927.646380949535
28264,0.0
28265,6140.023516922089
28266,7856.344535506902
28267,8768.26252136333
28268,7637.113611243087
28269,6936.798412404215
28270,4019.836074883062
28271,5981.899550944294
28272,0.0
28273,7169.050788822746
28274,9333.032245755756
28275,0.0
28276,5470.836454818253
28277,3410.690751912975
28278,4110.738066459796
28279,0.0
28280,8121.876940802346
28281,5876.492680121639
28282,4910.610241288494
28283,0.0
28284,6327.359490094408
28285,2840.6248438117
28286,7126.2715785689325
28287,4436.10175387474
28288,0.0
28289,0.0
28290,3940.2799932929606
28291,6749.857527532575
28292,3786.5415140628197
28293,4529.949768366621
28294,4486.0001693829145
28295,6398.0154990002175
28296,10488.104723476177
28297,5721.731529354707
28298,6092.351134523547
28299,7270.321311459912
28300,7994.503928524253
28301,6209.459714856968
28302,6560.664498166292
28303,1765.9661290749225
28304,3421.161768867258
28305,5110.113922033546
28306,5888.7366570158465
28307,6812.9003187728895
28308,6964.9149931059665
28309,3837.490986774161
28310,6953.653318206219
28311,0.0
28312,6368.522879593169
28313,3221.011505597304
28314,10582.08935172202
28315,3894.2137759075135
28316,0.0
28317,6855.918547891535
28318,4801.758356449364
28319,5421.497353880843
28320,4238.899637639173
28321,5774.129203148762
28322,5132.247476266256
28323,0.0
28324,0.0
28325,7470.388977707273
28326,5452.344466333307
28327,3859.384171305361
28328,6562.221556164121
28329,0.0
28330,5362.200902753807
28331,3054.52298428113
28332,6560.60855381084
28333,5152.413358139911
28334,0.0
28335,0.0
28336,2807.0196662405588
28337,6986.650124130166
28338,5023.641007733855
28339,5685.440485139782
28340,5626.314834525034
28341,3609.49715381903
28342,5725.338446074448
28343,7843.362111197196
28344,6992.0138265825335
28345,0.0
28346,4489.319412892043
28347,4836.378476814366
28348,0.0
28349,5765.104332228178
28350,0.0
28351,0.0
28352,0.0
28353,5774.8445522297425
28354,5529.526108581627
28355,3381.896112795584
28356,6049.253632654386
28357,0.0
28358,0.0
28359,7998.114525535315
28360,7604.100076467036
28361,0.0
28362,7434.051530095379
28363,4641.860130564758
28364,4202.5405077423675
28365,7751.949364506899
28366,6559.325327810295
28367,7465.069252601137
28368,8734.191114127381
28369,7194.808988609257
28370,5745.243835219486
28371,6134.773986244709
28372,7636.036887751445
28373,4518.417855122881
28374,0.0
28375,5667.911070876947
28376,5192.186571388816
28377,5420.459189131706
28378,3804.138295167076
28379,6289.385010706624
28380,0.0
28381,0.0
28382,5608.00401662231
28383,3539.3725970053288
28384,6029.125758305803
28385,6879.955400673495
28386,2694.118745929767
28387,5739.43368427312
28388,0.0
28389,6447.157332726278
28390,0.0
28391,4372.3348719402675
28392,4555.086707072705
28393,7405.205427859019
28394,0.0
28395,0.0
28396,0.0
28397,4757.62522759658
28398,5836.340197310796
28399,9981.143042036263
28400,6499.303009607157
28401,6947.962405141444
28402,6194.451891841881
28403,5775.301144586287
28404,5276.100556921958
28405,0.0
28406,5863.28758730272
28407,7645.6012381543715
28408,4577.475673505985
28409,3174.1982791630744
28410,2994.348521530537
28411,7069.842172452134
28412,7703.88535626888
28413,0.0
28414,6049.006355504397
28415,4937.898089349978
28416,0.0
28417,2370.078625931137
28418,3523.2719544132487
28419,5433.338212088874
28420,7033.936012254763
28421,5821.432940302095
28422,4882.488837028643
28423,8441.612166680214
28424,7783.453663817654
28425,7279.65858566579
28426,0.0
28427,7692.321582746721
28428,9330.997486745284
28429,4109.91217193585
28430,6183.866316037231
28431,5143.373428629146
28432,6147.298994674283
28433,3475.032117622651
28434,5953.628985901727
28435,4941.723779423152
28436,7626.663130532682
28437,6229.120346340209
28438,7309.814437897942
28439,7100.947101699956
28440,5196.96191067728
28441,7419.071524063384
28442,18136.13022697682
28443,9272.567794813565
28444,4868.376551552725
28445,3012.919712095541
28446,6369.182725930755
28447,7655.082541885231
28448,0.0
28449,10091.95863177875
28450,16578.753774142784
28451,0.0
28452,3767.8334069417083
28453,9368.540595920154
28454,3882.2887716175255
28455,7288.700721994541
28456,3958.627769876437
28457,5418.147844570276
28458,4127.632126298081
28459,0.0
28460,0.0
28461,5291.926682179376
28462,8890.279874878805
28463,6047.116563433236
28464,5919.456674890824
28465,0.0
28466,0.0
28467,5440.972491901851
28468,0.0
28469,0.0
28470,5523.247372749566
28471,4714.425369969286
28472,4145.933557080303
28473,4237.3174255686
28474,5268.405429195233
28475,5336.998150402781
28476,0.0
28477,6537.8284734587305
28478,6535.447520857584
28479,4554.828368234977
28480,4890.030582703047
28481,4126.3495118167675
28482,5512.956159973548
28483,6209.808250203759
28484,0.0
28485,6654.00499947473
28486,6134.707009495799
28487,6028.2132046412535
28488,5670.511911873707
28489,5235.842709986622
28490,3543.6362249578083
28491,3114.2149846074335
28492,8674.69931330645
28493,0.0
28494,5554.625948597431
28495,12227.89433819127
28496,7029.599677733723
28497,5303.920729638084
28498,5456.112082726453
28499,3488.402215136912
28500,4605.026810438138
28501,3474.71374472269
28502,4015.4648366850247
28503,7637.103520463253
28504,5284.864871571005
28505,10435.83674171071
28506,11346.404733120364
28507,5367.981217065703
28508,5457.90681345758
28509,4081.0534248345584
28510,5030.215810742718
28511,4816.976049385406
28512,0.0
28513,6402.033377713301
28514,7218.0565916241985
28515,0.0
28516,5380.65748093841
28517,6321.9360468140385
28518,0.0
28519,6490.309530396656
28520,4894.632881006605
28521,6403.964673786213
28522,5506.900751710001
28523,8467.391092873291
28524,7315.464741745784
28525,6509.34344471567
28526,7932.774291011946
28527,6544.812447529018
28528,8525.831769349375
28529,3259.412384695629
28530,0.0
28531,5885.388825529273
28532,8993.134492842344
28533,6092.818807691083
28534,7109.763661403203
28535,6697.469333568132
28536,7562.13662856145
28537,6005.506035531363
28538,6906.102447292387
28539,5698.484803756121
28540,3971.6617135818547
28541,11782.004904668262
28542,15794.45788827317
28543,0.0
28544,7026.616153663884
28545,7618.178964915528
28546,8416.228964772848
28547,7957.641592005954
28548,4628.368649855959
28549,5055.918806675286
28550,5776.752361548994
28551,7570.421890749132
28552,2874.094860801459
28553,5000.3679629987755
28554,5650.69135337495
28555,0.0
28556,5156.586484880797
28557,3787.025651140716
28558,3472.5965584636515
28559,6311.629887169213
28560,0.0
28561,3950.5812860654974
28562,5527.59325262325
28563,5691.416626489675
28564,7857.7300586489955
28565,0.0
28566,0.0
28567,6891.078439774579
28568,6363.574724803183
28569,9133.383187340563
28570,5180.650908858829
28571,3424.4982790546046
28572,0.0
28573,9341.04564733013
28574,3809.9048215056805
28575,7131.2180761016125
28576,3634.48118293915
28577,4119.02162924433
28578,3952.6077743008113
28579,0.0
28580,0.0
28581,0.0
28582,8510.925431311014
28583,9325.70060288286
28584,4265.400078690054
28585,0.0
28586,2755.0785329489436
28587,4492.0173679824975
28588,6054.781415488539
28589,4057.335209750848
28590,7945.650016765257
28591,3331.7194099441267
28592,5024.884160475336
28593,6204.593198447859
28594,8815.558587770713
28595,8960.6599455045
28596,4470.5833564352715
28597,3285.342007817924
28598,6464.600678657525
28599,7350.535410069871
28600,5490.758392291635
28601,0.0
28602,7578.4472399265605
28603,7992.480067283877
28604,5325.864925611399
28605,4651.469819558355
28606,6871.765280166776
28607,6046.588608915324
28608,11829.437427713401
28609,6793.515898157919
28610,12856.883792040417
28611,0.0
28612,5456.5919088045675
28613,2959.3551337163053
28614,5429.272454552983
28615,0.0
28616,5207.859703915962
28617,7488.85509101004
28618,0.0
28619,3229.447230902367
28620,6846.072243251873
28621,4530.038718264628
28622,0.0
28623,7253.878764386367
28624,5350.952879635522
28625,7934.47422356936
28626,5099.289255103471
28627,7127.327644034808
28628,0.0
28629,6463.980891614334
28630,0.0
28631,0.0
28632,8842.326037139044
28633,6538.0442258120775
28634,3711.9993039345704
28635,4672.305980370624
28636,6802.674742100246
28637,5335.214564010707
28638,5021.562904925388
28639,6077.5602202545115
28640,4997.067038877579
28641,7468.407291734191
28642,0.0
28643,9209.408194749416
28644,4804.343098706137
28645,4329.0458276210575
28646,5635.203521910828
28647,5695.020918379448
28648,3218.2304759199974
28649,4768.287400477881
28650,8221.014796821917
28651,6430.01731803732
28652,9678.910057453077
28653,8285.91815984736
28654,7670.727087841098
28655,4411.225464731717
28656,4225.276732754301
28657,9707.052078000715
28658,7624.4525119742775
28659,7525.5333778928425
28660,6264.100729337691
28661,6764.69113304616
28662,4719.1924195423435
28663,3748.763669531717
28664,0.0
28665,0.0
28666,5813.7554805836135
28667,0.0
28668,2521.024078015248
28669,8095.110731947003
28670,0.0
28671,5183.436751196454
28672,3810.4096318806314
28673,5136.391516058883
28674,5389.213673431263
28675,5431.712039581264
28676,8158.064568692646
28677,4879.979075561611
28678,0.0
28679,3546.798515819722
28680,3111.634325154571
28681,5362.274088820108
28682,14968.289305126296
28683,3668.3705315947045
28684,5677.861514271931
28685,6036.249523208853
28686,3282.3014738497827
28687,3906.1288052208506
28688,5502.334411721069
28689,3164.5851011127143
28690,0.0
28691,6520.385314318196
28692,0.0
28693,8005.504835803919
28694,2406.273733061825
28695,3727.0593603246452
28696,7414.194600508777
28697,7711.685806018558
28698,8141.546036175703
28699,3529.7578889819256
28700,5299.7079973338905
28701,4230.053035565636
28702,7103.583196036583
28703,14854.90175377606
28704,0.0
28705,5649.79385927695
28706,3425.9905448625473
28707,5733.55450358906
28708,4306.566876407582
28709,2871.74122886247
28710,8341.862954547381
28711,4218.687189636134
28712,0.0
28713,6989.9312931494305
28714,4591.480736979365
28715,4832.893328647278
28716,5634.774690493199
28717,0.0
28718,6759.653462196475
28719,3278.3899382599243
28720,0.0
28721,6250.973615299803
28722,8528.994553565102
28723,6383.879628219181
28724,6501.390636547401
28725,0.0
28726,0.0
28727,4641.665715684575
28728,2828.0951469970464
28729,5250.462589896526
28730,5310.123274368606
28731,4326.638029937584
28732,6219.377750658366
28733,5059.151903242085
28734,0.0
28735,6305.101263786281
28736,5909.146714168927
28737,0.0
28738,5786.717179175215
28739,0.0
28740,0.0
28741,3245.046074499404
28742,10161.738219591156
28743,3560.2729764994137
28744,3680.7139436465704
28745,6555.729800256995
28746,0.0
28747,8802.421353362042
28748,0.0
28749,4564.023810055439
28750,0.0
28751,6229.82375070188
28752,5506.874504918898
28753,7336.538720302739
28754,2582.367411118036
28755,5530.796195223442
28756,5317.452872247524
28757,5111.012351247045
28758,0.0
28759,6678.752023414098
28760,6951.386166788668
28761,4091.321833516068
28762,7045.363482671612
28763,7405.3687052925925
28764,7269.585641870123
28765,0.0
28766,0.0
28767,0.0
28768,7385.345736850999
28769,5480.264220215539
28770,2809.3456642722
28771,7884.27319206797
28772,0.0
28773,6646.49558995195
28774,5518.708285814215
28775,2816.5331760075787
28776,0.0
28777,4065.703437227621
28778,7993.81686384084
28779,5472.935454312966
28780,4687.53912449262
28781,7825.850798072182
28782,4940.110137037392
28783,5167.347342753651
28784,0.0
28785,3887.5987039261927
28786,6094.651985999914
28787,9733.847418534593
28788,6625.582238228668
28789,3112.0320213489395
28790,0.0
28791,0.0
28792,2258.7020902186123
28793,6732.859892416367
28794,0.0
28795,5943.596460481306
28796,0.0
28797,5326.789720789328
28798,0.0
28799,8010.151180457847
28800,5109.387000859827
28801,0.0
28802,5293.352687277853
28803,5976.473008866273
28804,0.0
28805,4944.600219805316
28806,7193.4662026775795
28807,9206.340460554147
28808,6566.686259643086
28809,6844.717176056545
28810,5601.658036071535
28811,3128.9022425644175
28812,5114.056203411091
28813,8993.917302728409
28814,6200.291227161057
28815,4638.881877632636
28816,13805.056178188412
28817,4970.332024755779
28818,0.0
28819,4392.269814930166
28820,7563.201273905655
28821,0.0
28822,6178.504669917584
28823,7189.271673287842
28824,7585.925970274497
28825,0.0
28826,6552.789118584951
28827,4924.022753264855
28828,3932.3019510795875
28829,0.0
28830,3241.122729986593
28831,3537.208849000146
28832,7516.576368233928
28833,17415.78650756031
28834,5558.341535403198
28835,2903.410037501398
28836,5669.665794105942
28837,4244.0374449952915
28838,6078.253752043305
28839,2058.075754062571
28840,5786.32719276479
28841,0.0
28842,4386.578437739103
28843,11108.681371972287
28844,11495.750531318636
28845,5128.414380206167
28846,0.0
28847,3802.1422420634917
28848,4992.443642707652
28849,4548.7590320152685
28850,0.0
28851,4009.3667080162227
28852,4976.428979733175
28853,0.0
28854,5867.8728843523495
28855,4548.045355751827
28856,6282.427166774635
28857,2555.9740314858686
28858,7135.473927198498
28859,5568.308996423848
28860,5617.759040387217
28861,4647.405896081391
28862,3629.4200121490962
28863,5407.66442529796
28864,0.0
28865,8258.203722012277
28866,4805.65576881666
28867,3770.609388942012
28868,5634.157242116309
28869,5037.5429875410055
28870,0.0
28871,0.0
28872,0.0
28873,8076.955654673237
28874,7179.665390036679
28875,5802.454663380289
28876,4223.169662312194
28877,4306.274881052748
28878,0.0
28879,5173.230505048223
28880,5106.067914911434
28881,5039.465701992088
28882,0.0
28883,7208.821122850426
28884,4041.5601170058367
28885,4186.624102312963
28886,0.0
28887,6866.360795815272
28888,5197.237023498479
28889,9127.75555050265
28890,5873.032057095752
28891,5183.129606205389
28892,3772.9745789652848
28893,2834.5381362935236
28894,5491.425894875325
28895,0.0
28896,2097.503593550843
28897,4600.374555059245
28898,6771.872804005666
28899,6667.217151202908
28900,5864.346101373185
28901,7269.896844978454
28902,5255.304858407653
28903,0.0
28904,3361.651044512196
28905,6815.120609588013
28906,3749.655272391457
28907,5256.942111679527
28908,6172.914501638257
28909,0.0
28910,0.0
28911,6642.337091935462
28912,4057.074881454325
28913,7174.900467646797
28914,6413.85337841982
28915,2507.78121917962
28916,6876.470575222283
28917,6055.803541166703
28918,4579.79276439392
28919,7793.842879721845
28920,6195.79856118748
28921,6780.776353421976
28922,3998.0735466104234
28923,5598.836079225727
28924,4535.064662519437
28925,0.0
28926,6515.6992233178335
28927,3029.7633949318038
28928,5505.512226541517
28929,3417.3700523652624
28930,0.0
28931,5133.5007284561025
28932,4723.471486763568
28933,5858.814345937567
28934,7072.480423763233
28935,0.0
28936,6715.110104727324
28937,0.0
28938,6341.618711088147
28939,7900.39116151183
28940,6427.801246662273
28941,4508.699867065729
28942,0.0
28943,5327.56352044388
28944,0.0
28945,0.0
28946,0.0
28947,6128.34136743625
28948,8930.234505491886
28949,6407.278025955661
28950,2810.5499973209157
28951,0.0
28952,7548.817108222561
28953,6054.7678817144115
28954,7030.717407169642
28955,8344.900601053612
28956,0.0
28957,5433.0345090473875
28958,4766.970005712614
28959,0.0
28960,0.0
28961,7172.080102006266
28962,3533.4884836262486
28963,6943.531510247375
28964,6983.584458199737
28965,5722.030149527048
28966,6717.856392550374
28967,4952.745320634999
28968,7428.195964680662
28969,3226.6790226717485
28970,3352.2115938694174
28971,4783.53440672005
28972,3735.274326859612
28973,6187.328867453049
28974,6150.830872905244
28975,6375.7936393663795
28976,5802.9399234623
28977,0.0
28978,5955.799733516218
28979,5863.0106599284445
28980,6706.191414138627
28981,3214.776433530206
28982,4003.860025605475
28983,7685.171477346756
28984,6292.100148555877
28985,3872.543641050323
28986,7378.524826162742
28987,0.0
28988,5878.854738222072
28989,4594.721527411161
28990,2004.6217302210032
28991,6215.509480651574
28992,6018.833889928226
28993,5814.479428100485
28994,8017.975858100924
28995,7049.9344696824355
28996,3590.4544629359816
28997,6774.464098353993
28998,2720.6077812114913
28999,1964.137870119107
29000,6274.763830160002
29001,0.0
29002,5994.393112216369
29003,5258.115199677126
29004,1770.8987516089467
29005,4865.495957968441
29006,8578.775104496392
29007,6399.221572111667
29008,8063.77750354528
29009,3273.8329080460476
29010,4627.360267329641
29011,0.0
29012,5057.243356841943
29013,3895.2259696259707
29014,3050.627360252468
29015,5064.783194298693
29016,2681.673556113542
29017,0.0
29018,5477.937134382311
29019,0.0
29020,4531.8571369902875
29021,6943.136640390141
29022,4590.00580060398
29023,0.0
29024,8792.203924598945
29025,7301.340784937439
29026,0.0
29027,2440.1178776229845
29028,6512.598420835434
29029,6727.840329712867
29030,4867.2544809037645
29031,8374.50740136518
29032,9944.8433538733
29033,6054.4699307475985
29034,5872.806770805405
29035,5571.555847101986
29036,8883.68334374578
29037,10353.827367976526
29038,3891.5349489119208
29039,4321.862628424901
29040,5676.425966745998
29041,6115.49459457179
29042,0.0
29043,8447.057913713199
29044,6124.624599004511
29045,0.0
29046,3084.222061101454
29047,5493.660313309478
29048,5557.504389886944
29049,3200.8145477461094
29050,6667.7469951984285
29051,0.0
29052,6851.453273631278
29053,6307.873626411852
29054,5342.511389237147
29055,6874.052803686208
29056,4203.534534743727
29057,4539.4425630871465
29058,6121.293240497677
29059,5824.5088838693755
29060,7375.78671731965
29061,5827.377692796335
29062,6661.357658861314
29063,5498.93129688749
29064,3246.1606280909855
29065,8554.805255464064
29066,0.0
29067,10035.01578856065
29068,0.0
29069,4936.675079379441
29070,6344.771310196133
29071,4129.906235776145
29072,5001.940249179898
29073,6672.440412028279
29074,3365.7609501196293
29075,2756.5396751853377
29076,6193.939340783702
29077,6222.716445555134
29078,0.0
29079,5871.788232393713
29080,5386.333426872288
29081,4573.825239391038
29082,6282.14859600144
29083,3806.8310942180765
29084,9683.906934151311
29085,6327.815521150759
29086,0.0
29087,0.0
29088,4642.812869087075
29089,9589.63357583644
29090,6489.938140367385
29091,3065.0051746456134
29092,8917.922684152938
29093,0.0
29094,5299.791406541468
29095,0.0
29096,5321.687444099558
29097,3713.631375564925
29098,4320.438971654754
29099,0.0
29100,3393.84795605838
29101,7860.022657570492
29102,5731.831955368958
29103,21417.33060286252
29104,7021.320335032318
29105,4780.344677373412
29106,5822.9530836262165
29107,8275.700771912378
29108,5094.115006768379
29109,6433.484928728826
29110,4556.728296666818
29111,6914.670934232567
29112,6802.596551226486
29113,4130.113893515684
29114,4541.5019543730905
29115,6727.890351432411
29116,6442.934888957593
29117,6096.274793274794
29118,6177.416503131156
29119,4850.057493768732
29120,4034.9240268823955
29121,5995.474681945159
29122,8312.94317973941
29123,8931.28430113258
29124,8333.678138279212
29125,6796.339763994531
29126,4690.237576109385
29127,5930.070274951999
29128,3815.1983528150627
29129,7730.564332790041
29130,9394.549847734332
29131,8091.228430236754
29132,5394.813735290252
29133,4583.772899924993
29134,4412.763604294788
29135,5859.648662413145
29136,8281.05151567162
29137,6006.61990007739
29138,4600.618732691173
29139,5247.445276819782
29140,6962.468277113919
29141,3721.2313147094987
29142,6997.803103347698
29143,4144.032451432552
29144,7019.264967782888
29145,5966.524124950882
29146,5565.287478757883
29147,6621.1530215022885
29148,6031.3052267599105
29149,4768.792873048919
29150,5902.221291590662
29151,6023.719737048893
29152,10548.543707162002
29153,5433.12142520689
29154,6803.15831767749
29155,7088.580795218278
29156,7962.096816619387
29157,6213.0661862721145
29158,7904.887347763085
29159,3930.7016054812757
29160,4276.086904573156
29161,5682.345916442102
29162,6135.866642498933
29163,8987.67288199614
29164,6790.89719297285
29165,4781.023695279954
29166,6582.517654125868
29167,5228.22974633876
29168,7863.546314107977
29169,4009.1733052964896
29170,11580.277210840926
29171,4610.779287359756
29172,5001.918499461925
29173,7290.093693971441
29174,4599.3194426641285
29175,5255.273199653694
29176,5741.445449364847
29177,6681.804659405655
29178,5651.289380509471
29179,4994.185749226193
29180,6984.6932616533
29181,7226.2574966766
29182,5653.453197184095
29183,4947.828325249749
29184,6406.220180120309
29185,11514.266719957184
29186,5874.508382840858
29187,4870.009219934967
29188,6541.9006478389
29189,5595.248591365843
29190,6286.9598256341305
29191,6655.564803547956
29192,4038.0977648946937
29193,6729.66370367005
29194,5684.051984979897
29195,5675.846379007339
29196,7446.983186384112
29197,4575.399824193178
29198,5715.744339942005
29199,5745.537223747651
29200,6858.490459479766
29201,7423.145585948346
29202,4499.384446432157
29203,4886.7644442591
29204,6162.378950057533
29205,5718.052236753572
29206,4895.7032935610505
29207,5988.591063717867
29208,6175.394153378378
29209,6578.207285584166
29210,5589.280477339665
29211,4347.798783169731
29212,5792.2672121942705
29213,7319.890159936335
29214,6919.161325661263
29215,8057.665351360517
29216,7573.3906510418665
29217,5204.889603614429
29218,7779.220524348663
29219,5507.909522882714
29220,5810.86189463612
29221,7845.037866444013
29222,5894.022931028303
29223,8491.421706895293
29224,7864.557012533381
29225,7155.152779547873
29226,6078.0272407779
29227,7161.126440538867
29228,7500.4670327691165
29229,5028.9572493981905
29230,3672.1795323700067
29231,5848.732215442348
29232,6465.554684561009
29233,5366.429428043861
29234,4767.963508136528
29235,7033.124211854556
29236,5631.670753083579
29237,5969.5471256452065
29238,5422.011604489093
29239,4735.08289595913
29240,6482.557425620235
29241,6567.886892603838
29242,5952.57547676208
29243,5667.367418327612
29244,4840.248552935617
29245,6538.894789319048
29246,3677.490085561511
29247,5740.344487345668
29248,4283.658628767535
29249,7113.136125416831
29250,5621.716879823232
29251,5031.145921107529
29252,9881.622127372317
29253,5247.044319494181
29254,5991.66178492675
29255,10097.524023930708
29256,6211.550565907578
29257,6639.55043264982
29258,6977.928125607857
29259,5819.388045346657
29260,5245.391131496788
29261,4618.011697040896
29262,6631.727840298465
29263,8579.235562201386
29264,5604.149002786914
29265,2921.8491744280686
29266,4726.449033719563
29267,7108.028772772565
29268,7407.037718416716
29269,5384.008517797496
29270,6082.211693760894
29271,4700.080863538016
29272,4889.305612219714
29273,3161.172803745519
29274,4489.174624787393
29275,5743.924625565547
29276,6711.734743222319
29277,6137.064464086593
29278,5528.219912718052
29279,8045.241064650055
29280,8029.297279519925
29281,7038.003738437487
29282,4676.344817619514
29283,8147.779314649586
29284,9300.288061320112
29285,4778.956532006886
29286,6801.2025584769
29287,4974.573279598225
29288,6109.611903635873
29289,3357.4509785159566
29290,6123.391942755083
29291,4887.694018335307
29292,8261.558510674884
29293,5981.596661594932
29294,7168.20608728458
29295,7328.445966028752
29296,5461.150416898559
29297,7396.645352579374
29298,16958.424828925734
29299,9353.931906336758
29300,5163.452707349087
29301,2566.1713151586096
29302,6251.603016668062
29303,7935.023982790971
29304,5519.926738839118
29305,10871.527658219173
29306,16457.267012863325
29307,4406.715249724854
29308,4468.260962434269
29309,7974.492541773969
29310,4688.961191225393
29311,7477.729855183816
29312,5227.327342133365
29313,6472.845153232907
29314,4122.799142460321
29315,5301.320447399109
29316,6207.9091231593275
29317,6385.367755881526
29318,8120.705214155528
29319,6114.7023145354715
29320,5607.808346805275
29321,6487.794608198309
29322,4552.766959080622
29323,4810.581819137
29324,6961.405730924523
29325,4667.096936216805
29326,5492.537947324397
29327,5985.501643643938
29328,4792.03886764682
29329,4786.566867974667
29330,5866.345504625893
29331,6034.2986910629725
29332,7890.854181336556
29333,7385.02608594064
29334,6586.323600285991
29335,5314.558600210549
29336,4390.982719144478
29337,5672.290835025417
29338,5970.022598746781
29339,6064.312557852106
29340,4019.8564867684827
29341,7567.2078923433155
29342,6237.902864364078
29343,6942.544329387264
29344,6353.1466126670575
29345,5205.1332845614525
29346,4627.742903287107
29347,4833.7101606076385
29348,8643.989887881278
29349,5003.071853426718
29350,6308.7484181569
29351,13497.794586875654
29352,6660.153658944
29353,5642.620316974629
29354,5136.176317277493
29355,4438.386559159997
29356,5826.182349491989
29357,4106.006783479968
29358,4653.345920415203
29359,8461.81264738149
29360,5421.261104387593
29361,11327.272708908033
29362,11521.223165491461
29363,5337.271791640534
29364,6250.619661770743
29365,5010.51926447119
29366,5971.611680801859
29367,5058.226724373984
29368,9267.597866630096
29369,6563.061632877302
29370,7568.158122223246
29371,4928.691770055699
29372,6435.354789601041
29373,5999.734777781594
29374,7866.441954210148
29375,6501.87296025639
29376,5835.025537051537
29377,6030.057748818238
29378,5600.9917984598615
29379,8227.161904961344
29380,8155.656377574724
29381,6217.413511514899
29382,8712.067426568456
29383,6231.097141019122
29384,8509.263108904288
29385,4907.174581864719
29386,4918.350151665599
29387,5628.402405069158
29388,8965.547365253324
29389,6062.109382265913
29390,6977.973238871669
29391,6691.385832133558
29392,7515.084533086845
29393,5647.057197445144
29394,6836.851657781843
29395,6414.931569976575
29396,4050.0241145356135
29397,12667.002957698724
29398,14547.976168990039
29399,6629.656380815336
29400,6876.11273719006
29401,7994.86617340411
29402,9039.430735115715
29403,9191.072714264306
29404,5570.963083085731
29405,6004.789208722654
29406,5750.150573755705
29407,7545.286494902212
29408,3971.984201727918
29409,5397.014011660565
29410,5575.9178438346735
29411,4913.365147877332
29412,6162.758765231502
29413,4707.125274893644
29414,4319.083502717715
29415,6077.240383859592
29416,3661.4517145100162
29417,4035.2246297131064
29418,5408.068539059053
29419,5570.610737282244
29420,7752.482019749906
29421,8702.460877382842
29422,7022.054471934557
29423,6548.489311812892
29424,6150.093622849249
29425,9009.917612332552
29426,6196.816540728882
29427,4247.2488499813035
29428,4830.237798561515
29429,8222.647376783025
29430,4536.57872882519
29431,6960.377220761935
29432,3713.4131160909733
29433,4360.272304232908
29434,6295.966054378631
29435,4841.647538944712
29436,5586.974299236864
29437,8072.170822085409
29438,8601.49823123181
29439,9986.833202520347
29440,5850.848669430052
29441,9046.430704779816
29442,3474.227124978472
29443,4609.85613598994
29444,6048.697914053965
29445,3944.332827791444
29446,7201.501243119309
29447,4409.514848230842
29448,5727.690802816357
29449,7374.29903133579
29450,9225.202555225247
29451,7532.95579078683
29452,4791.290669692488
29453,4218.054811001587
29454,8658.579891715666
29455,7074.948146918537
29456,5607.13937418608
29457,5998.082445304556
29458,6638.2299453039195
29459,8417.268574568112
29460,4987.040882625495
29461,5657.642099909061
29462,6841.055854741607
29463,7188.606920918918
29464,11733.453287439592
29465,6247.097825325576
29466,12156.29810901329
29467,6085.893472731354
29468,5374.914791296701
29469,3184.751462228228
29470,5657.91177882526
29471,5280.86273331498
29472,5400.229576683738
29473,6868.445546051264
29474,5607.558507511093
29475,4205.030987638655
29476,6321.857286205166
29477,5226.116516746722
29478,6808.970647317121
29479,6898.5545943049865
29480,6511.417561900248
29481,7782.568825588427
29482,4989.980678036093
29483,7648.688659763043
29484,4747.671454990456
29485,6082.072393326494
29486,5847.406076231575
29487,5397.172417742862
29488,9060.90369107843
29489,6552.034086666625
29490,4065.4541775967004
29491,5636.1311933400775
29492,7520.845887311407
29493,6366.514910771381
29494,5727.937066579649
29495,7114.642553576226
29496,5555.419246275006
29497,5444.46221756079
29498,6105.593818636852
29499,8982.887951838036
29500,4726.807430943837
29501,5620.64491756768
29502,5652.781427058516
29503,5290.269272972254
29504,4141.070928924547
29505,5043.436168108937
29506,7663.640678050535
29507,8057.175460350188
29508,9652.308269659787
29509,9323.761171350076
29510,7616.716464390703
29511,5678.4409103077605
29512,4985.006964729873
29513,10417.046663559235
29514,8075.531307760704
29515,6776.2301420730855
29516,7397.205718258048
29517,7485.973623451591
29518,5171.182256113151
29519,4589.735714044632
29520,8803.849015141626
29521,5951.152778529022
29522,6624.3334563430135
29523,5536.203634958072
29524,2554.1119185867356
29525,8795.790136330408
29526,6163.122407141989
29527,5283.429820044343
29528,4559.606155408262
29529,4612.401947001177
29530,6111.861449918281
29531,6874.516780250559
29532,6595.499898648009
29533,4762.0269011308765
29534,4184.850790920284
29535,3887.4973724497913
29536,3754.297583569023
29537,6586.205544753339
29538,16025.8696487092
29539,4279.193093550116
29540,5452.731494619061
29541,6193.207535819175
29542,4239.305631675332
29543,4301.109832566068
29544,5423.148734923455
29545,3564.913502920222
29546,7061.872769415227
29547,6780.686619920956
29548,3600.64363875006
29549,7759.664927722044
29550,3955.98341025594
29551,4555.145403615616
29552,7328.414791469947
29553,7751.821368625485
29554,8354.884345559229
29555,4872.1031032984365
29556,5573.974611346468
29557,4225.490441438905
29558,7094.241214824061
29559,13238.824785294084
29560,9749.59739070797
29561,6017.74600137896
29562,4015.800061963347
29563,5424.486610077051
29564,5286.893095741022
29565,4035.870742483404
29566,8815.839070683574
29567,4632.829067639492
29568,4772.481886955939
29569,7266.136475936444
29570,4598.147091244977
29571,5458.141896911753
29572,6343.486824153428
29573,6845.610874705166
29574,6631.91063267838
29575,4087.7812855979037
29576,4908.183095677417
29577,6277.516894601954
29578,8583.155546757887
29579,7598.215637155306
29580,6497.750581617396
29581,3850.061524963572
29582,6226.143633464666
29583,5115.317319763669
29584,4702.154935402404
29585,6468.788429131908
29586,6509.7276807632425
29587,5277.972341426307
29588,6073.882058306713
29589,5826.472553450005
29590,5922.391082534708
29591,5990.6158164705075
29592,5836.442404854608
29593,6553.252601645228
29594,5362.888751953629
29595,8351.110469058864
29596,5918.773310026682
29597,4466.006664782185
29598,9960.32469460024
29599,4738.2241913168555
29600,3656.8185085419373
29601,6852.104749434412
29602,8680.459158122741
29603,8904.27417247717
29604,4808.54345220231
29605,5650.326777846585
29606,5105.794625946514
29607,6476.757711711594
29608,5732.613422488131
29609,7217.014006738543
29610,2473.6365793238283
29611,5525.171558541218
29612,5323.766831098586
29613,5104.9288498124715
29614,4222.185481785945
29615,6541.7358765666695
29616,6913.699075750258
29617,5237.372264470593
29618,7554.285403736668
29619,7140.567770241237
29620,6982.727849213719
29621,4891.558403152851
29622,5649.840095172979
29623,5213.07429484712
29624,7424.965961355814
29625,6515.254688417646
29626,3850.512769824465
29627,7924.452189220043
29628,6704.147373399541
29629,6463.324494798029
29630,5240.602271482003
29631,3790.197017629958
29632,7306.637382790167
29633,5131.793811241655
29634,7987.733362406266
29635,6307.715913674136
29636,4934.4730855023345
29637,7847.425676477645
29638,5601.604811545711
29639,5288.579127140357
29640,6925.746088582977
29641,4841.8764468551535
29642,6853.956558584809
29643,9724.693370331277
29644,6814.736927448545
29645,4017.9362606080426
29646,5163.1731880873995
29647,3934.348499403976
29648,2848.7238580515473
29649,7728.329008133272
29650,4558.756926899462
29651,7587.854709180717
29652,3954.647683542625
29653,6566.102789156521
29654,5749.48487924701
29655,7891.886993916446
29656,5223.999768285105
29657,5136.348574413977
29658,5492.060487587014
29659,6661.570837271137
29660,5489.727741028946
29661,6195.490659546269
29662,7536.669689926211
29663,8428.986949091117
29664,6506.764668783061
29665,6861.205085897068
29666,5933.283966727525
29667,3890.8388740717837
29668,5364.232148834455
29669,9129.526805750314
29670,7240.931131717406
29671,6794.247631070992
29672,14660.88637913916
29673,5458.894958984978
29674,4888.317447828763
29675,5321.9268553295515
29676,7628.361969046519
29677,10278.682837688666
29678,6243.665365058448
29679,7196.883574468378
29680,7567.058782909292
29681,5849.476779845281
29682,6492.867527724927
29683,4809.536790515272
29684,4658.078861832692
29685,4333.525169387525
29686,3975.4317178913225
29687,4475.332501232614
29688,7635.521306128328
29689,15617.726326482147
29690,5601.800006237762
29691,4987.44060930261
29692,6347.848511565982
29693,4044.590594326567
29694,6435.02077218439
29695,3667.1735562903996
29696,7868.693331306932
29697,5756.699383910291
29698,5587.176273281842
29699,11034.150058314239
29700,11916.35193201568
29701,5325.2550922949395
29702,6003.338304157754
29703,3851.334342685916
29704,5172.945361099879
29705,4812.323623506395
29706,7575.381610415761
29707,4031.2542563739703
29708,4941.740449451223
29709,4632.714566570383
29710,5865.697708665288
29711,5471.483686070596
29712,6265.991535460158
29713,3884.12891559464
29714,6958.336764777662
29715,6583.312079548891
29716,6442.453736957922
29717,4654.594517927512
29718,3647.190628241333
29719,6607.268831692597
29720,3837.737135578513
29721,8226.559975594922
29722,4786.543492822325
29723,4325.3245532263
29724,5930.003629169844
29725,5021.107356226528
29726,5068.905713696134
29727,5451.694922945663
29728,5487.641975726724
29729,8339.453438234556
29730,8466.442038351786
29731,5802.716785471833
29732,4642.204441045269
29733,5273.578359321593
29734,5297.693269710184
29735,5177.254476048692
29736,5156.255958542342
29737,5233.379155669434
29738,9402.065408604596
29739,7029.104981181476
29740,5849.874417455876
29741,6060.407698491916
29742,5022.761466558015
29743,8144.320647697346
29744,5214.187462881221
29745,10784.049268760762
29746,5843.843538978425
29747,4956.715283041645
29748,4664.810054126112
29749,4156.470727979341
29750,6485.789764006381
29751,19104.52107598937
29752,3092.8137867646933
29753,4571.186036941918
29754,8248.639205564852
29755,6514.684338736492
29756,5842.576795443002
29757,7243.0024402089375
29758,5238.869227093176
29759,5090.693370793656
29760,3447.3173270996654
29761,7485.277330428776
29762,4975.256010002377
29763,5705.404577242613
29764,6006.598455996568
29765,4390.188527302686
29766,6899.775208588191
29767,6459.8087820177125
29768,4004.039235197884
29769,7850.512421931096
29770,7940.989415197941
29771,3640.7713923005276
29772,6883.659197068404
29773,6053.645560639649
29774,4983.965270801958
29775,7777.407248407368
29776,5992.4094266426
29777,7064.698978884519
29778,4585.553415003889
29779,5491.342203918368
29780,6195.747303230793
29781,4039.071884398288
29782,6688.421125772627
29783,3744.566263485258
29784,5651.135739331807
29785,4604.556050593459
29786,5621.116432776258
29787,5516.55019051413
29788,6090.012286115962
29789,6178.7283438130435
29790,6856.501453102687
29791,5824.614059929632
29792,6469.26527728491
29793,5902.270373001592
29794,6744.958873075211
29795,8073.113063966625
29796,6348.996955504992
29797,4351.620408323598
29798,5255.450528471265
29799,5828.801656515493
29800,4041.278632724256
29801,10479.513025200651
29802,5544.468434829216
29803,6375.275328445964
29804,9193.156324729358
29805,6439.674457806129
29806,3540.214020149907
29807,12323.187107217987
29808,8418.221108944688
29809,5944.9331727295585
29810,7060.295347301365
29811,8517.82436793326
29812,5908.506104448861
29813,5469.907346686048
29814,5946.6882692583295
29815,5035.075811196904
29816,4995.8309226228985
29817,6801.604907683459
29818,4648.683872366622
29819,6154.547323242964
29820,6907.627824205235
29821,5964.000090355182
29822,6646.248150112563
29823,5533.79594319693
29824,6045.870516401162
29825,3840.8574400097946
29826,6751.953141196833
29827,5947.679416585892
29828,5738.472256128996
29829,6350.545787995595
29830,6141.67682470193
29831,7153.731023648635
29832,5802.846962197258
29833,4894.99043472089
29834,5926.6112153988915
29835,6267.414101700401
29836,6306.034974656712
29837,4594.138509877273
29838,4417.031381417322
29839,6914.453502058747
29840,6354.114652783553
29841,4958.969760625914
29842,7098.4762161233375
29843,6049.161728332987
29844,5847.583206165126
29845,4707.072094528457
29846,3033.9239366975053
29847,6172.398168993479
29848,6263.102883449961
29849,5967.501560407706
29850,8288.381035065931
29851,7310.631097407645
29852,4720.3153273612215
29853,7783.850876331698
29854,3433.3641164712135
29855,2772.125336069803
29856,6160.4644804623795
29857,10261.443088760056
29858,7440.411288456331
29859,6431.398305450493
29860,3924.906183404765
29861,6048.199630639929
29862,8377.012112441906
29863,6166.924077093048
29864,7892.700357968472
29865,4296.755248335486
29866,4439.905851267324
29867,4151.967768613728
29868,5090.844128053676
29869,5214.503033160063
29870,4227.5128398846655
29871,5241.184810391684
29872,3469.9306624847745
29873,5999.64346245427
29874,6395.958776120377
29875,4728.840992972413
29876,5711.575400536003
29877,6613.059394363007
29878,4376.311075091985
29879,4437.069011510707
29880,8340.318220437124
29881,7501.072620313347
29882,5647.511307734403
29883,3539.7907153296146
29884,10011.77031831234
29885,6659.158830175701
29886,4871.633741924766
29887,8824.604410372513
29888,7755.863250299476
29889,6560.371574881338
29890,5710.654674181517
29891,6379.3722308279175
29892,8715.836120326187
29893,11369.430194146364
29894,4412.00447660635
29895,4414.786489262396
29896,5593.39318417386
29897,6252.869410494292
29898,5641.220625488896
29899,7009.200926873925
29900,7099.964917858933
29901,5267.017762490592
29902,4166.414155422252
29903,5643.569436046344
29904,7580.170368558904
29905,4392.502644432729
29906,6483.98574895315
29907,3289.9596822501503
29908,7173.2086718569935
29909,6763.945657603808
29910,6389.277439992169
29911,7363.723606500323
29912,5761.886571616905
29913,4465.225853170077
29914,5922.745666780288
29915,6229.530444777436
29916,7289.220580423685
29917,6612.983428722645
29918,6501.7426423364805
29919,5512.774583694501
29920,4312.203906312607
29921,8375.286662223141
29922,4057.0885684170967
29923,9506.775565897136
29924,5646.794676064167
29925,4715.5733586436345
29926,6229.823074410038
29927,5178.888666938824
29928,6290.960064832364
29929,7539.582042277006
29930,3712.502874095643
29931,3770.1173098825448
29932,6125.576726919808
29933,7321.794394575959
29934,7825.677133034416
29935,5684.224922805647
29936,5751.297637476457
29937,4956.818783712182
29938,6080.485100513033
29939,4799.2207119716295
29940,9655.090749453857
29941,7339.00028565571
29942,10930.202473466949
29943,4192.376003460959
29944,5421.7942455587045
29945,10191.256116569028
29946,6734.807903654843
29947,4054.308964617309
29948,8980.373884487051
29949,5572.33431347757
29950,5051.628110347963
29951,4402.66472276708
29952,5187.503101118155
29953,4771.73516041607
29954,5392.150868157023
29955,4015.7690691316225
29956,4455.21030870059
29957,7819.706584599456
29958,5942.543382914204
29959,19974.296075071907
29960,6567.2977366720015
29961,4067.319470079556
29962,5378.1153256054795
29963,7950.45383102834
29964,4803.13890997778
29965,5995.387816862125
29966,4265.752199876219
29967,6567.000168102269
29968,6608.022689398022
29969,3914.30331709179
29970,4174.024294062319
29971,5922.092281643176
29972,6192.047470229621
29973,5761.455650419363
29974,6005.459058212232
29975,4148.798857266426
29976,3764.4296716846707
29977,5584.357585134301
29978,7867.060244922403
29979,8736.542978420648
29980,7977.609764083033
29981,5786.835013332526
29982,4312.925937902963
29983,5114.682976839931
29984,3552.7489178431506
29985,7223.194163600139
29986,8317.19525191817
29987,7725.127508197555
29988,4511.241161171334
29989,4227.704525728829
29990,4140.238871455027
29991,5123.6017336608
29992,7819.443301987884
29993,5279.657818505104
29994,4037.2783646526836
29995,4685.039669360438
29996,6397.036868703321
29997,3399.4390358156606
29998,6105.254871106849
29999,3593.036877389937
30000,6406.154385588987
30001,5252.546672926201
30002,5061.727248036371
30003,5883.4883833231725
30004,5773.787083190905
30005,4497.809747780186
30006,5273.87306285563
30007,5599.567287953303
30008,9338.627385689319
30009,4956.110477237289
30010,6612.703566059166
30011,6687.643721169117
30012,7377.038616193933
30013,5435.298908169587
30014,7407.396501278965
30015,3810.741294958745
30016,4035.0849972179326
30017,5098.498427823149
30018,5303.5822184004855
30019,8394.169894471801
30020,6093.574819312138
30021,4435.665965554561
30022,6000.0902362458555
30023,4941.349125151678
30024,7742.256975848574
30025,3663.435296577871
30026,10911.61388349518
30027,4377.688573859941
30028,4715.037878274843
30029,7013.0540952182155
30030,4236.4658862061415
30031,4653.740217803794
30032,5552.148701761006
30033,5552.554035615846
30034,4388.572499556046
30035,4251.167557408897
30036,6342.285229156132
30037,6415.766245100957
30038,5355.170334420611
30039,4614.717775714181
30040,6178.969474788796
30041,10375.258023676566
30042,5717.03917283261
30043,4760.946205916078
30044,5766.434768452292
30045,5367.99788603433
30046,5487.615874326926
30047,5892.244553173152
30048,3709.1915182582165
30049,5943.078131358659
30050,5543.09901118543
30051,5316.824547173456
30052,7081.722518442882
30053,4284.25307778074
30054,4866.021906788057
30055,5328.1088220840265
30056,6048.674641313892
30057,7140.178301520938
30058,4247.184307861566
30059,4186.786910619715
30060,5441.886308634315
30061,5193.967525946971
30062,4864.778859772618
30063,5821.1918878958495
30064,5948.143448046865
30065,6186.564017865798
30066,4839.704030573366
30067,4062.159396755732
30068,5239.831568122367
30069,7037.65030896988
30070,6734.544429807655
30071,6825.011786494949
30072,6354.781952234806
30073,4710.796666615936
30074,7165.2351123051585
30075,5148.294157921019
30076,5515.680962553986
30077,7314.62659411426
30078,5408.50588837147
30079,7942.425335665144
30080,7030.509050727919
30081,6572.725361667861
30082,5199.237096176256
30083,6612.130069308714
30084,6748.266475319095
30085,4873.8155919762
30086,3473.7710147255325
30087,5295.1644758385755
30088,6148.9927120667535
30089,4530.66394481407
30090,4461.08085771227
30091,6687.386203135947
30092,5416.985340791937
30093,5297.809514635165
30094,4902.885453931507
30095,4389.344887240521
30096,6133.7102846408425
30097,6008.724796660412
30098,5637.555358887166
30099,4977.277661669674
30100,4533.795601287951
30101,5314.2610092126115
30102,3464.3465278892095
30103,5364.392794806807
30104,3785.2058513630855
30105,6530.708707536819
30106,5415.709438501978
30107,4809.402575774455
30108,9084.105747928797
30109,5076.307792455949
30110,4978.132022215079
30111,9352.1101790199
30112,5692.424415349992
30113,5853.05991451251
30114,6567.109573407953
30115,4850.119404625786
30116,4482.070881121984
30117,4374.2447554956025
30118,6258.26117636579
30119,8333.926766036748
30120,5129.337983373295
30121,2426.039798628567
30122,4177.6586638181825
30123,5935.219806344874
30124,6264.232296611297
30125,4982.788918058384
30126,5422.144627596527
30127,4217.877789741458
30128,4578.218658896366
30129,2893.3444153695264
30130,4182.291974363137
30131,4821.757680511824
30132,5901.9789031484215
30133,5922.8146382727045
30134,5139.368224357654
30135,6762.283413773969
30136,7127.336867155774
30137,6251.418166126096
30138,3947.733350432578
30139,7888.593162241866
30140,8111.994472508803
30141,4580.548014362417
30142,6652.727247809413
30143,3907.0710530003407
30144,5042.109677037987
30145,3015.488415950804
30146,5908.706530463441
30147,4059.8981623533127
30148,7642.906385352989
30149,5462.470511037346
30150,6434.6857070400165
30151,7150.580056587231
30152,4582.360272296914
30153,6792.623759002955
30154,15666.922432514248
30155,8150.150616634218
30156,4871.381296952778
30157,2147.0297684032953
30158,5023.541785703269
30159,7371.932129761205
30160,5286.844244609185
30161,10652.65261220943
30162,15621.958272270955
30163,4015.071982006486
30164,4276.178704573959
30165,7159.245585088155
30166,4463.168193781517
30167,7086.324702563665
30168,4929.689096698177
30169,6065.425706039429
30170,3613.8533607533545
30171,5151.738869395854
30172,5485.669782077045
30173,5989.674836052356
30174,7389.495613691254
30175,5214.243605955634
30176,4822.552633770126
30177,5894.7600774809525
30178,4018.6336277711594
30179,4638.2622281152535
30180,6233.946483264872
30181,4168.644158812355
30182,4959.092842430148
30183,5674.569341108879
30184,4566.245870202944
30185,4594.666574312625
30186,5640.5525071820175
30187,5747.41806987589
30188,7036.550610082776
30189,6689.380661176849
30190,6439.774439189611
30191,5044.569375912377
30192,3313.540597591739
30193,5395.0838470447015
30194,5802.623422924764
30195,5193.204828071346
30196,3794.063489324609
30197,7261.909354333858
30198,5517.648143183714
30199,6576.214887142976
30200,5972.342163213325
30201,4849.820297938754
30202,4316.810600752047
30203,4486.423436767826
30204,7613.28164993618
30205,4534.8973376610475
30206,6146.489735044947
30207,12776.862136053613
30208,5851.727678146345
30209,5242.984566664467
30210,4579.401870332624
30211,4127.454256624937
30212,5540.681357063804
30213,3678.084897450899
30214,4352.153754024925
30215,8025.065127296608
30216,4225.466535979669
30217,12635.688933690548
30218,11308.079607819145
30219,4466.0928090944135
30220,5947.816503612448
30221,4644.189822226903
30222,5625.315262045048
30223,4759.943861610499
30224,8729.226910361549
30225,5736.843447712281
30226,7345.271566052388
30227,4714.006357764057
30228,5951.6281479489235
30229,5143.264361019412
30230,7648.923200460312
30231,5916.213497985589
30232,5483.038634260746
30233,5197.221252590028
30234,5239.038650088273
30235,7151.683438465549
30236,7657.764702006792
30237,5384.208416689304
30238,8232.800402089426
30239,5421.430912553418
30240,8136.697459639947
30241,4487.957897962322
30242,4567.763452096261
30243,4875.348402164579
30244,8235.415253040943
30245,5272.1323026003065
30246,6348.190391858091
30247,5935.133874187056
30248,6318.450364457897
30249,4749.131774000029
30250,6719.899412439455
30251,6034.772389382199
30252,3678.9073108142793
30253,11825.180297277095
30254,13622.151448335035
30255,6114.755231227216
30256,5869.500801946082
30257,7226.167619154478
30258,8345.966991844396
30259,8774.014342979513
30260,5339.101051115585
30261,5544.149591739077
30262,4553.5164051267575
30263,6931.894002298802
30264,3639.6864477372205
30265,5018.5960384039345
30266,4826.341397068375
30267,4666.206698977822
30268,5830.115944240377
30269,4615.416287996569
30270,4139.681370215149
30271,5265.935158055138
30272,3415.5439409538894
30273,3593.7839446631006
30274,4688.663990592242
30275,4702.389269750147
30276,6818.36211267148
30277,7678.68165856361
30278,6751.505526882319
30279,5713.918764071852
30280,5361.958664807302
30281,8382.227369656623
30282,5790.938088377079
30283,3971.0094208950827
30284,4369.982721069164
30285,7338.656729515655
30286,4240.614680206517
30287,5826.482646063539
30288,2939.857650017635
30289,4233.2544461157595
30290,6304.960550504058
30291,4342.240846165272
30292,4532.315164956806
30293,6645.093290809086
30294,7156.594557554292
30295,9879.434130347208
30296,5463.189860758244
30297,7844.235664919886
30298,3264.856985632024
30299,4318.1991496622795
30300,5041.886992533014
30301,3400.0793058007494
30302,6542.417471748909
30303,4246.010589239831
30304,5427.972705909477
30305,6755.185315939097
30306,9128.783916920656
30307,7165.487901104907
30308,4554.874365037791
30309,4206.415430373513
30310,8361.372184371956
30311,6247.703681248468
30312,5336.999555718707
30313,5030.34709175775
30314,5762.652280300066
30315,8275.75904793392
30316,4479.85918811558
30317,5334.8233604905445
30318,5929.033313054534
30319,6635.869743587094
30320,10629.300158111006
30321,5298.591019648084
30322,10447.279440529184
30323,5641.962455440766
30324,4627.990930016611
30325,2883.165098937
30326,5216.009546241792
30327,4838.068784309838
30328,4506.786399881079
30329,5693.571745297309
30330,4825.442884046428
30331,3970.828631351548
30332,5386.916596443693
30333,4543.327659430486
30334,6581.335949186466
30335,6099.956551031083
30336,6165.25837960125
30337,6677.703982714557
30338,4528.650248122908
30339,7263.820652788254
30340,4518.494902240461
30341,5255.554431332597
30342,4973.915777501799
30343,5048.450934666062
30344,8954.59825417411
30345,5810.69147491026
30346,3846.8976142368474
30347,5245.572702331308
30348,7025.464287509807
30349,5924.1018842839585
30350,5520.245688783384
30351,6644.713707926626
30352,5365.758867318864
30353,4952.252470276397
30354,5235.587899551756
30355,7544.420809740606
30356,4677.420703917547
30357,5309.684673288203
30358,4904.95576428114
30359,4431.814145700043
30360,3808.57230617025
30361,4508.798871028585
30362,6844.601977824842
30363,7696.500550190374
30364,8431.199993346663
30365,8848.330758890152
30366,6722.629244644124
30367,5513.697583045196
30368,4652.508341975579
30369,9884.182535743703
30370,7743.03268500641
30371,6481.28823055216
30372,7059.016611469775
30373,6927.694392069644
30374,4964.790821992756
30375,4362.101015913978
30376,8576.214317010968
30377,5215.12551892453
30378,6102.3081467921365
30379,5283.1538332609825
30380,2341.8383582374877
30381,8237.510904948454
30382,5371.730491279068
30383,4678.019777951068
30384,4410.300223469978
30385,4082.523162926552
30386,5642.667562592239
30387,6687.779629838118
30388,5973.234562905779
30389,3915.1912498082847
30390,3621.80910850036
30391,3568.511596535963
30392,3501.2477818719362
30393,5753.797590934478
30394,15516.574469468353
30395,3966.41909032827
30396,4251.630080009755
30397,5610.045897932186
30398,3984.713975358895
30399,3677.5174297130043
30400,4625.064262081585
30401,3267.804119309773
30402,6324.004730270361
30403,5664.750324778572
30404,3373.008940619404
30405,7011.396797217053
30406,3773.707136026105
30407,4423.565663421715
30408,6780.4452427964525
30409,6606.07817744681
30410,8066.508823412614
30411,4619.053301601347
30412,5355.418047986621
30413,3735.3333645445923
30414,6215.119902407588
30415,12057.237587886008
30416,9172.836000996933
30417,5101.224942470452
30418,3914.8877797195787
30419,4615.052823887622
30420,5110.298685344311
30421,3697.681635695126
30422,8455.164160523773
30423,4399.615725109968
30424,4366.545361067749
30425,6186.39419888954
30426,4048.3929092284243
30427,5205.0920952146635
30428,6176.875169534987
30429,6227.184570107584
30430,5934.622976637942
30431,3796.2505463863163
30432,4634.263153719508
30433,5486.861538144058
30434,7841.797438658833
30435,6883.911485614015
30436,5574.274379456687
30437,3729.7740956021626
30438,5387.445507320959
30439,4878.5141538673415
30440,4573.96672099505
30441,6090.070030487355
30442,5962.410009447765
30443,4965.198338204469
30444,5266.972544874768
30445,5668.0957635930545
30446,5644.729586465276
30447,5165.670499325322
30448,5527.103414130451
30449,5745.207178595569
30450,4926.19657239056
30451,7438.753959822949
30452,5302.742187104866
30453,4104.846702137351
30454,8689.603441960864
30455,4216.1988817659785
30456,2579.405672126561
30457,6664.249830805713
30458,7550.357960318139
30459,8715.786125555349
30460,4580.9087540716555
30461,5227.377053764201
30462,4918.905508674022
30463,6157.771935797773
30464,4703.438039021877
30465,6213.542628471135
30466,2532.3445937047754
30467,4620.469538473017
30468,4471.073707417578
30469,4685.387187262192
30470,4015.794047665548
30471,5724.330513403551
30472,6511.5515731761425
30473,4814.422540388209
30474,7337.270694996162
30475,6340.856381254811
30476,6234.672347904178
30477,4417.892117040884
30478,5431.8787072132745
30479,4799.664934916629
30480,6641.333734306433
30481,6177.065581629373
30482,3578.4843474607865
30483,7536.040095211137
30484,6391.8515932564915
30485,5604.531269962295
30486,4804.423846253114
30487,3639.0177107996815
30488,6581.499977578294
30489,4940.6384754686105
30490,6801.3000174115805
30491,5780.953136882206
30492,4615.487309588513
30493,6716.325320309676
30494,5364.801645649383
30495,5017.171177745141
30496,6506.000992205359
30497,4523.523799234445
30498,6568.464729637949
30499,8814.307439109725
30500,6596.180364088698
30501,3831.9916360484904
30502,4739.704274507656
30503,3726.657121607709
30504,2551.614474441093
30505,7390.139901344998
30506,4057.8615456874154
30507,7085.74480299015
30508,3479.404350651954
30509,6010.264207703273
30510,5541.793501450746
30511,7274.65352820089
30512,4328.759742658835
30513,4573.5054887264305
30514,4717.575777457855
30515,6449.226046603273
30516,4624.0649666836
30517,5811.820304391225
30518,6968.283914928554
30519,8210.430385731297
30520,5718.858712861103
30521,5627.721342039978
30522,5056.100816366702
30523,3768.839410605383
30524,4689.1590258249735
30525,8044.512341794406
30526,7057.472496177284
30527,6530.828719896618
30528,14370.365481456027
30529,5139.909183071157
30530,4160.787103465064
30531,5024.817471719101
30532,6444.393208663016
30533,9456.580752697982
30534,5691.914671509832
30535,6353.322913978957
30536,6311.929034984494
30537,5538.331251129511
30538,5755.616278872867
30539,3961.315577937499
30540,4405.029060135603
30541,3833.837349017437
30542,3683.9009786797333
30543,4162.558498010776
30544,6589.504750874171
30545,13644.093133964687
30546,5186.796701063102
30547,4632.774359135584
30548,6045.694497734293
30549,3295.909755700613
30550,5762.917804321766
30551,3391.615047707273
30552,7603.861468984923
30553,4886.94272982272
30554,5177.590245606258
30555,10396.526022258877
30556,11664.558320348335
30557,4876.8158037554695
30558,5544.723182134654
30559,3163.1790921618003
30560,4954.388797740032
30561,4515.4749218901725
30562,6704.409859989677
30563,3527.5516713538314
30564,4224.965338287083
30565,4420.7444880511175
30566,5065.4544930458915
30567,5169.329672238907
30568,5404.290153339963
30569,3511.1596529478793
30570,6249.433785586361
30571,6226.540217874023
30572,5965.297048290527
30573,4044.609966468194
30574,3215.1987560565144
30575,6158.01350163356
30576,3650.8480183060196
30577,7453.606432240007
30578,4384.485186556792
30579,3863.1544972257984
30580,5633.154927553622
30581,4631.514800878825
30582,4329.094575495132
30583,4957.813194546967
30584,5203.279150275779
30585,8086.403636537489
30586,8061.0295037970955
30587,5070.548484343945
30588,4408.991098515745
30589,5107.932506059359
30590,5091.301835589788
30591,4046.0045146128928
30592,4827.559485493146
30593,4936.5304540532115
30594,8357.100202173371
30595,6656.157476585286
30596,5466.2040623008315
30597,5762.708000490039
30598,4789.548124028491
30599,7676.45733531425
30600,4779.71892515909
30601,10569.980248381757
30602,5451.264437315564
30603,4301.468341566189
30604,4326.6209473378385
30605,3709.5221148448113
30606,6258.155065875727
30607,17119.523668537277
30608,2820.7853644010147
30609,3718.2026690651287
30610,7902.394560630549
30611,5705.309623589025
30612,5573.644574495845
30613,6443.230893260212
30614,4432.654564106179
30615,4383.618998978765
30616,3129.8478947789185
30617,7095.562168141552
30618,4750.73287012398
30619,5452.354775545524
30620,5483.675427530311
30621,4137.138725605597
30622,6161.385386285045
30623,5520.0444514738665
30624,3264.108861107849
30625,7435.509116756436
30626,7352.429292413026
30627,3458.495118070691
30628,5824.9975090087255
30629,5426.639520698228
30630,4143.546892845128
30631,7109.668244263936
30632,5136.345423591251
30633,6360.983696587298
30634,4330.961758687458
30635,5027.404795679137
30636,5932.328392056419
30637,3488.288708198294
30638,6376.596018608896
30639,3426.213615864547
30640,5348.981725500117
30641,4266.366943805186
30642,4849.830505741912
30643,5219.440806903681
30644,5583.560739073482
30645,5688.6237313891
30646,6195.841133417587
30647,5570.022403613201
30648,5814.474281884225
30649,5646.156279956616
30650,6272.398247404522
30651,7504.727288968968
30652,6067.940848417184
30653,3609.8229664993223
30654,5002.400726774175
30655,5413.798351340833
30656,3799.5615685054277
30657,9515.03617562659
30658,4875.775868432013
30659,6048.4189591359545
30660,8951.439260510526
30661,5529.962126329166
30662,3398.6833267782386
30663,11726.414783768605
30664,8061.307121464207
30665,5165.915341517337
30666,6817.036428463198
30667,7715.636268958543
30668,4987.3791454186685
30669,5143.05097737604
30670,5606.398446874315
30671,4810.552671318508
30672,4768.196224492245
30673,5597.965073120876
30674,4337.400234710841
30675,5400.339401501332
30676,5813.046842627546
30677,5620.3119589630405
30678,5665.842907425174
30679,5221.970836033199
30680,5702.18238500902
30681,3765.3290033106696
30682,6593.421672103063
30683,5500.524802122596
30684,5448.185527440082
30685,5982.743460607235
30686,5737.561192473667
30687,6900.681221951546
30688,4941.8053088064335
30689,4667.355736590236
30690,5163.839543470682
30691,5294.766979607893
30692,6004.256710035585
30693,4221.169247230509
30694,4213.480417951477
30695,6705.239687533938
30696,5559.6818366767275
30697,4705.919958928825
30698,6108.385067123531
30699,5309.560324167283
30700,5507.871662648308
30701,3823.091400895591
30702,2740.749500112039
30703,5753.145276240594
30704,5130.3984183179555
30705,5360.4739741696285
30706,8057.477477152396
30707,7041.930351244463
30708,4407.5413241393835
30709,7080.135594034477
30710,3147.354233119624
30711,2589.8490618399683
30712,5555.785522661452
30713,10032.081385465848
30714,6991.155958397294
30715,6076.377436580088
30716,3762.146168021647
30717,5710.010523851655
30718,8062.511104056518
30719,5436.368390671777
30720,6962.9234236144175
30721,3983.981245113641
30722,4210.544147973124
30723,3866.6501095640283
30724,4761.2383627497065
30725,4876.313926371789
30726,3934.338403299203
30727,4423.0628545300115
30728,3263.5392283643773
30729,5337.421607535561
30730,6081.4577677349935
30731,3986.0927866392276
30732,5298.649769488441
30733,5802.293585784947
30734,4546.676370975277
30735,4228.950572226768
30736,7522.196264575459
30737,6957.000212456559
30738,4860.639507238808
30739,3227.0167121077748
30740,9382.189858043086
30741,5772.6235446796345
30742,3900.757266715938
30743,8090.366991394651
30744,7524.959692385935
30745,6289.914698376745
30746,4979.866928179162
30747,6151.737532697263
30748,8022.0083126097115
30749,11025.111736191486
30750,4080.6717061388363
30751,3747.7890916712367
30752,4373.258467836429
30753,5792.083127401129
30754,5042.590189832688
30755,6538.890530354768
30756,6761.77581107066
30757,4799.54171619931
30758,3811.3932865518436
30759,5377.196469027237
30760,7316.75145738453
30761,4159.100443011118
30762,5723.8017637097555
30763,3060.597978955947
30764,6232.176842688475
30765,6414.687811857645
30766,5942.122825528873
30767,7157.412805297709
30768,5314.937958482381
30769,3659.775396743884
30770,5221.609851003568
30771,5768.7441616842725
30772,6779.787179860579
30773,6062.65061624842
30774,5719.4624536728
30775,5089.748566798229
30776,4000.378799148873
30777,7831.214254366367
30778,3827.9120156670942
30779,9151.75469702672
30780,4829.19772691822
30781,3910.12290221744
30782,5884.540956163112
30783,5028.715687640759
30784,5824.146298773609
30785,6918.288367678398
30786,3251.7165910024755
30787,3431.928203094269
30788,5401.428382991932
30789,7052.182374380798
30790,7518.991003929285
30791,4820.192383960607
30792,5550.462596000951
30793,4727.457080417983
30794,5250.8569592930935
30795,4461.031605183355
30796,8825.138112698369
30797,6923.4557532173085
30798,10679.508764391358
30799,3741.2363254150855
30800,4995.136275668218
30801,9879.450151393683
30802,6297.312980315574
30803,3773.7900038094035
30804,8198.093695823392
30805,5344.699615346915
30806,4284.184460759325
30807,4038.1727901852746
30808,4583.313816205792
30809,4459.91005325234
30810,5126.363763342078
30811,3653.2532839826085
30812,4153.9905339693005
30813,6828.032995151344
30814,5695.242900930047
30815,18520.853869271938
30816,5761.8472802458145
30817,4018.789859340439
30818,5354.507682586152
30819,7853.995911582584
30820,4760.634212767185
30821,5972.1631740673165
30822,4223.247502665624
30823,6527.245764532957
30824,6568.26828582871
30825,3906.469013632419
30826,4153.166944684275
30827,5877.01919951866
30828,6149.542773019026
30829,5737.848007400036
30830,5960.385976087716
30831,4100.269246527307
30832,3724.6752681153594
30833,5539.284503009785
30834,7843.452601903077
30835,8708.592698477634
30836,7956.752414704989
30837,5756.517439972745
30838,4292.068588524919
30839,5038.891878983803
30840,3510.2442206325572
30841,7202.336814222096
30842,8287.899659677742
30843,7685.373104628243
30844,4483.290881228317
30845,4206.847176350785
30846,4119.381522076983
30847,5075.072122921685
30848,7798.585952609839
30849,5255.164067176686
30850,3961.4872667965524
30851,4636.510058621323
30852,6357.282465134009
30853,3359.6846322463484
30854,6012.464353974889
30855,3517.245779533809
30856,6363.649688378392
30857,5204.017062187086
30858,4965.269328590615
30859,5833.613460286646
30860,5731.28238598031
30861,4458.055344210874
30862,5250.648420060822
30863,5522.949912916223
30864,9190.84808486513
30865,4906.235554200763
30866,6572.949162489855
30867,6647.8893175998055
30868,7328.509005454816
30869,5358.681533132507
30870,7301.370130716538
30871,3768.619597972667
30872,3995.330593648617
30873,5077.6410784451045
30874,5204.526419247022
30875,8301.379377339854
30876,6045.045208573023
30877,4393.161268343966
30878,5924.299138389727
30879,4898.844427941083
30880,7636.230605286148
30881,3639.8276535585455
30882,11153.919862987032
30883,4356.831224481897
30884,4672.533181064248
30885,6992.196745840171
30886,4159.848511169062
30887,4666.485245140521
30888,5446.12233119858
30889,5497.342268555816
30890,4359.276907315618
30891,4200.270653253017
30892,6249.494712024171
30893,6370.693162976441
30894,5334.312985042567
30895,4572.213078503586
30896,6128.062798303252
30897,10324.361119520689
30898,5674.534475622016
30899,4664.488286470322
30900,5716.559845415765
30901,5328.243482465018
30902,5394.825357194965
30903,5847.171471048636
30904,3685.5838752388895
30905,5898.005049234143
30906,5500.977314199354
30907,5271.75146504894
30908,6985.264598997126
30909,4263.395728402696
30910,4841.5281554596395
30911,5279.5792113449115
30912,6018.251759052018
30913,7097.673604310343
30914,4198.654697122446
30915,4158.836630676698
30916,5393.3566978952
30917,5148.894443822455
30918,4822.657162786541
30919,5770.511763818801
30920,5897.463323969817
30921,6146.809614296486
30922,4791.174419834251
30923,4041.3020473776883
30924,5194.758485997851
30925,6941.192389524124
30926,6694.790026238344
30927,6816.128001518793
30928,6299.570185174776
30929,4665.72358449142
30930,7071.618317992246
30931,5116.511088035239
30932,5409.65459199156
30933,7221.836076982299
30934,5363.432806246954
30935,7918.817692645816
30936,6980.634127691393
30937,6496.934263811732
30938,5106.446579044295
30939,6588.522426289388
30940,6703.193393194579
30941,4834.0611884068885
30942,3431.266317514939
30943,5274.307126460531
30944,6106.488014856159
30945,4502.713664871054
30946,4440.223508334226
30947,6663.77856011662
30948,5377.2309372226255
30949,5255.3048174245705
30950,4826.268078894427
30951,4365.737244221194
30952,6112.852935262798
30953,5963.651714535896
30954,5595.0506616765715
30955,4928.748050930559
30956,4491.290904077357
30957,5289.767257884194
30958,3424.5921243199
30959,5267.934875361051
30960,3736.6762406239695
30961,6485.635625412303
30962,5375.955034932666
30963,4769.648172205143
30964,9039.032665804281
30965,5036.553388886638
30966,4911.25767990272
30967,9331.252829641857
30968,5615.807040312912
30969,5803.184991475983
30970,6511.454401550973
30971,4755.6282870263785
30972,4436.997798997468
30973,4331.740058285008
30974,6237.403826987746
30975,8291.422068826154
30976,5086.8332861627005
30977,2377.5101878894525
30978,4135.153966607588
30979,5910.7260550164565
30980,6234.936704370869
30981,4974.954614599013
30982,5434.889654933255
30983,4141.2604147043785
30984,4538.464255327054
30985,2872.487065991482
30986,4161.434624985089
30987,4745.966582655696
30988,5852.103980111895
30989,5883.060234703393
30990,5115.760581338327
30991,6732.987821533541
30992,7060.462524843415
30993,6175.627068269968
30994,3902.660268308062
30995,7883.109240291008
30996,8063.901203066002
30997,4538.0433171518225
30998,6631.869898431369
30999,3879.1207730573246
31000,5014.159397094971
31001,2965.613492914279
31002,5868.952126894129
31003,4031.947882410298
31004,7603.151981783677
31005,5385.853136000266
31006,6340.397395713793
31007,7110.82565301792
31008,4489.569755164954
31009,6723.951158764055
31010,15646.065083136204
31011,8097.590323096453
31012,4850.523947574734
31013,2139.195464943924
31014,4967.5037414622875
31015,7351.074780383161
31016,5190.386325163429
31017,10644.818308750057
31018,15573.428661531838
31019,3975.3175784371742
31020,4233.674007363365
31021,7082.628210051075
31022,4420.663496570923
31023,7065.467353185621
31024,4833.231177252422
31025,6041.818063020102
31026,3552.4085024357146
31027,5143.904565936483
31028,5435.7948590405185
31029,5947.170138841761
31030,7320.823013452355
31031,5147.369263643275
31032,4746.761535913997
31033,5852.638380494876
31034,3970.104017032043
31035,4595.757530904659
31036,6157.329108227792
31037,4120.11454807324
31038,4883.30174457402
31039,5662.755735994261
31040,4523.74117299235
31041,4520.114348264377
31042,5598.047809971423
31043,5704.913372665295
31044,6988.081954661187
31045,6640.91200575526
31046,6400.0200356202995
31047,5002.064678701782
31048,3262.6436934358608
31049,5289.057476482275
31050,5751.71674643922
31051,5116.587453034266
31052,3751.5587921140127
31053,7241.052004955813
31054,5506.758237834056
31055,6533.710189932382
31056,5932.587759644013
31057,4818.351061792998
31058,4293.20295773272
31059,4389.965517322071
31060,7602.391744586522
31061,4401.156042734867
31062,6106.735331475636
31063,12737.1077324843
31064,5778.84622541873
31065,5222.127217286423
31066,4459.224769715367
31067,4103.846613605608
31068,5502.529767878559
31069,3657.227548072855
31070,4312.399350455613
31071,7982.560430086013
31072,4173.164414048152
31073,12639.383438685605
31074,11268.325204249835
31075,4345.915708477157
31076,5908.0621000431365
31077,4601.685125016308
31078,5582.8105648344535
31079,4739.086512232455
31080,8679.471796370315
31081,5707.667664517147
31082,7305.517162483076
31083,4674.251954194745
31084,5928.020504929596
31085,5023.087260402155
31086,7552.465281014556
31087,5843.332045257974
31088,5459.430991241419
31089,5124.339799862412
31090,5190.509039349158
31091,7123.733158522533
31092,7615.260004796197
31093,5311.326963961688
31094,8209.1927590701
31095,5348.549459825803
31096,8128.863156180574
31097,4445.453200751727
31098,4471.370792401784
31099,4802.466949436964
31100,8186.885642301832
31101,5199.250849872691
31102,6173.442535261423
31103,5904.7109919251825
31104,6266.14824252638
31105,4628.954673382772
31106,6680.145008870143
31107,6011.547746587391
31108,3606.0258580866653
31109,11801.955654482286
31110,13582.397044765723
31111,6041.873778499601
31112,5841.550522003065
31113,7238.912646491206
31114,8322.742349049588
31115,8731.50964576892
31116,5318.2437017375405
31117,5520.924948944268
31118,4501.214283195241
31119,6811.716901681545
31120,3616.078804717895
31121,4997.73868902589
31122,4777.81178632926
31123,4623.702001767228
31124,5806.50830122105
31125,4575.661884427257
31126,4118.824020837105
31127,5193.053705327523
31128,3373.039243743296
31129,3545.254333923986
31130,4640.134379853127
31131,4628.680289220022
31132,6745.480659943864
31133,7605.800205835994
31134,6711.751123313007
31135,5641.0373113442365
31136,5289.077212079686
31137,8339.722672446034
31138,5770.080738999035
31139,3950.152071517039
31140,4362.148417609792
31141,7260.878042034437
31142,4198.109982995922
31143,5798.532366120522
31144,2911.907370074619
31145,4212.397096737715
31146,6265.206146934746
31147,4277.272427411161
31148,4447.687000307238
31149,6577.46454543535
31150,7119.897165241487
31151,9839.679726777895
31152,5366.731941312489
31153,7801.730967709292
31154,3243.9996362539805
31155,4285.673364835312
31156,4997.497904575001
31157,3351.549695061635
31158,6521.5601223708645
31159,4225.1532398617865
31160,5388.218302340165
31161,6731.57767291977
31162,9089.029513351345
31163,6920.851798547082
31164,4512.369667827196
31165,4155.508753887969
31166,8264.914264926207
31167,6215.1778964215
31168,5316.142206340663
31169,4973.070368648846
31170,5705.375557191162
31171,8236.004644364608
31172,4364.878405164347
31173,5311.215717471217
31174,5861.404567680799
31175,6612.262100567767
31176,10523.27378754858
31177,5220.812332166866
31178,10426.42209115114
31179,5584.685732331862
31180,4550.212242535394
31181,2862.307749558956
31182,5195.152196863748
31183,4789.539173570723
31184,4449.509676772175
31185,5651.067048086714
31186,4768.166160937524
31187,3947.2209883322216
31188,5336.019692287814
31189,4500.822962219891
31190,6541.581545617154
31191,6042.679827922179
31192,6168.801782362818
31193,6649.753702771541
31194,4471.373525014004
31195,7224.066249218942
31196,4478.740498671149
31197,5207.024820593482
31198,4906.287032128063
31199,5008.69653109675
31200,8914.843850604799
31201,5762.161864171145
31202,3807.143210667536
31203,5213.563080037032
31204,7001.85664449048
31205,5903.244534905914
31206,5477.740991572789
31207,6621.106064907299
31208,5323.637170332788
31209,4903.722859537282
31210,5187.058288812641
31211,7507.7234174278
31212,4656.563354539503
31213,5206.961471820945
31214,4847.679041172236
31215,4335.421486005565
31216,3766.067608959654
31217,4424.170706379017
31218,6766.823290343625
31219,7600.042630744619
31220,8419.253539315798
31221,8694.108282244579
31222,6644.850557162907
31223,5417.23966359944
31224,4610.0036447649845
31225,9863.32518636566
31226,7700.5279877958155
31227,6432.758619813045
31228,7035.408968450448
31229,6904.086749050316
31230,4925.036418423444
31231,4322.346612344666
31232,8536.459913441657
31233,5166.595908185415
31234,6081.450797414092
31235,5240.649136050388
31236,2293.308747498374
31237,8213.903261929128
31238,5304.101745905332
31239,4645.493993124101
31240,4367.795526259383
31241,3988.2348516003276
31242,5600.545865606163
31243,6645.274932627523
31244,5848.052398252205
31245,3866.661639069171
31246,3573.2794977612452
31247,3547.654247157919
31248,3458.743084661341
31249,5717.1001986216725
31250,15468.044858729238
31251,3945.5617409502265
31252,4214.93268769695
31253,5589.188548554142
31254,3942.2092781483016
31255,3649.567149769988
31256,4567.787538972681
31257,3246.94676993173
31258,6060.997508383623
31259,5617.700910200934
31260,3333.2545370500925
31261,6954.120074108149
31262,3733.952732456794
31263,4381.06096621112
31264,6702.666555315235
31265,6483.683295402711
31266,8026.7544198433025
31267,4576.548604390752
31268,5315.663644417309
31269,3686.8037538054778
31270,6166.590291668473
31271,12036.380238507963
31272,9165.001697537564
31273,5016.596777820884
31274,3875.1333761502674
31275,4582.527039060655
31276,5067.793988133716
31277,3674.0739926758
31278,8358.70624107802
31279,4359.861321540656
31280,4318.015750328633
31281,6101.766034239972
31282,3991.11618611952
31283,5162.587398004069
31284,6137.120765965676
31285,6169.90784699868
31286,5866.994231264206
31287,3775.3931970082726
31288,4591.758456508914
31289,5390.46887844958
31290,7793.267827919717
31291,6860.303842594688
31292,5516.997656347783
31293,3690.019692032854
31294,5330.1687842120555
31295,4857.656804489297
31296,4477.508801549295
31297,6066.462387468028
31298,5938.802366428438
31299,4944.340988826425
31300,5234.4467600478
31301,5625.974066606978
31302,5596.199975726161
31303,5100.702080571211
31304,5484.598716919856
31305,5677.578433221833
31306,4877.666961651445
31307,7381.477236714046
31308,5235.1134417311305
31309,4081.239059118026
31310,8652.90604964806
31311,4195.3415323879335
31312,2551.455392183546
31313,6624.495427236401
31314,7517.832175491171
31315,8676.031721986035
31316,4541.154350502344
31317,5184.872356553607
31318,4879.15110510471
31319,6136.914586419729
31320,4666.740646709072
31321,6185.592348528118
31322,2524.510290245404
31323,4633.214565809744
31324,4443.123427474561
31325,4636.857576523077
31326,3976.039644096233
31327,5673.4336092476715
31328,6463.0219624370275
31329,4771.9178431776145
31330,7297.51629142685
31331,6275.887962500699
31332,6169.703929150067
31333,4323.114010283834
31334,5389.757010227198
31335,4757.543237930553
31336,6567.057591921697
31337,6153.457938610046
31338,3555.2597046659776
31339,7487.510484472022
31340,6357.752918338045
31341,5567.833877649488
31342,4796.589542793743
31343,3599.2633072303674
31344,6532.970366839179
31345,4919.781126090566
31346,6756.910929453567
31347,5713.32439150847
31348,4594.629960210469
31349,6679.62792799687
31350,5343.944296271339
31351,4968.641567006026
31352,6466.246588636047
31353,4502.6664498564005
31354,6528.710326068637
31355,8777.61004679692
31356,6556.4259605193865
31357,3792.2372324791795
31358,4691.174663768541
31359,3684.152424397115
31360,2530.757125063049
31361,7366.532258325671
31362,4000.584822578514
31363,7062.137159970823
31364,3430.8747399128392
31365,5925.636043053705
31366,5499.288804240151
31367,7253.796178822846
31368,4261.1309972850995
31369,4540.979703899463
31370,4730.320804794583
31371,6409.471643033961
31372,4566.788243574696
31373,5715.36238494547
31374,6925.779217717959
31375,8170.675982161984
31376,5686.332928034136
31377,5591.023949727172
31378,4961.3227096096525
31379,3726.717713619306
31380,4631.88230271607
31381,8115.670607520925
31382,6951.446125614857
31383,6434.370800450863
31384,14298.566856692405
31385,5119.051833693113
31386,4112.257492725949
31387,5003.960122341058
31388,6432.446754632147
31389,9391.61233394387
31390,5634.6379484009285
31391,6296.046190870054
31392,6275.231642671689
31393,5498.576847560199
31394,5723.0904940458995
31395,3885.5022490391198
31396,4362.524362925008
31397,3766.2086036437013
31398,3663.0436293016896
31399,4141.701148632732
31400,6561.554470931154
31401,13623.235784586643
31402,5144.292003852507
31403,4498.4447957873945
31404,6024.837148356249
31405,3247.3801449614984
31406,5678.289639672198
31407,3295.157128261517
31408,7507.403549539167
31409,4829.666006713816
31410,5135.085548395663
31411,10354.021325048283
31412,11627.55751806365
31413,4855.958454377425
31414,5448.2652626888985
31415,3048.198309210568
31416,4914.63439417072
31417,4475.720518320861
31418,6671.884075162709
31419,3499.6013914108153
31420,4157.336592913347
31421,4380.990084481806
31422,5032.928708218924
31423,5148.472322860863
31424,5376.339873396946
31425,3468.654955737286
31426,6181.8050402126255
31427,6202.932574854696
31428,5901.248214437057
31429,4000.2208785101807
31430,3187.2484761134983
31431,6134.405858614233
31432,3608.7263213199444
31433,7429.99878922068
31434,4354.062304294918
31435,3775.9904473615825
31436,5593.40052398431
31437,4597.416125960378
31438,4278.197671339252
31439,4870.649144682749
31440,5195.444846816408
31441,8043.898939326894
31442,8002.624038298833
31443,5013.271761235042
31444,4369.236694946433
31445,5068.178102490047
31446,5031.671300624907
31447,4018.0542346698767
31448,4779.029874754031
31449,4896.7760504839
31450,8317.34579860406
31451,6616.403073015974
31452,5369.746142855078
31453,5666.250081044283
31454,4749.793720459179
31455,7652.8496922949225
31456,4771.884621699719
31457,10549.122899003713
31458,5393.98771420666
31459,4220.076411524646
31460,4303.0133043185115
31461,3667.017417634218
31462,6218.400662306415
31463,17070.99405779816
31464,2797.560721606206
31465,3657.3900698196853
31466,7878.786917611222
31467,5718.054650925753
31468,5533.890170926533
31469,6385.954170151308
31470,4404.704284163163
31471,4287.226339284288
31472,3081.318284039804
31473,7053.057470930958
31474,4708.228172913386
31475,5409.850078334929
31476,5402.283497488767
31477,4094.6340283950003
31478,6038.913137817161
31479,5438.652521432323
31480,3215.5792503687344
31481,7393.004419545841
31482,7255.97137296727
31483,3418.74071450138
31484,5780.608421050712
31485,5369.362797589324
31486,4050.117560959408
31487,7061.138633524821
31488,5079.068700482348
31489,6337.376053567971
31490,4288.457061476864
31491,4946.012865637594
31492,5835.8704726106635
31493,3414.012565813558
31494,6334.091321398301
31495,3405.3562664865044
31496,5328.124376122073
31497,4242.759300785859
31498,4792.553782633008
31499,5198.583457525637
31500,5559.953096054155
31501,5576.475945101929
31502,6125.676502829202
31503,5527.517706402607
31504,5793.616932506181
31505,5606.401876387305
31506,6251.540898026478
31507,7462.222591758374
31508,6028.186444847872
31509,3528.4310364577796
31510,4959.896029563581
31511,5371.293654130238
31512,3759.8071649361104
31513,9457.759452517686
31514,4827.246257692898
31515,6027.56160975791
31516,8911.684856941214
31517,5509.1047769511215
31518,3347.7766502926943
31519,11729.958186530173
31520,7964.849202018451
31521,5040.733176863763
31522,6777.282024893886
31523,7650.6678502044315
31524,4938.8495346795535
31525,5122.1936279979955
31526,5582.790803854988
31527,4768.047974107913
31528,4728.441820922933
31529,5567.647499761095
31530,4313.792591691514
31531,5351.809790762217
31532,5763.461542835259
31533,5599.454609584996
31534,5637.892627482158
31535,5179.466138822604
31536,5681.325035630976
31537,3725.574599741359
31538,6496.963752657308
31539,5476.917159103269
31540,5351.727607994327
31541,5961.886111229191
31542,5672.592773719555
31543,6858.176524740951
31544,4913.855028863416
31545,4627.601333020924
31546,5106.562820361778
31547,5241.070168019255
31548,5999.024905627349
31549,4178.664550019916
31550,4171.3587209654015
31551,6665.485283964626
31552,5511.1522259376125
31553,4658.874201760862
31554,6080.434787180515
31555,5252.28360105838
31556,5487.014313270264
31557,3728.6899487404553
31558,2717.141857092713
31559,5695.8685531316905
31560,5093.70102600515
31561,5373.219001506356
31562,8017.723073583084
31563,7002.175947675151
31564,4386.683974761339
31565,7056.52795101515
31566,3107.5998295503127
31567,2550.094658270657
31568,5568.53054999818
31569,9992.326981896536
31570,6967.548315377967
31571,6052.769793560761
31572,3722.391764452336
31573,5686.402880832328
31574,8041.653754678474
31575,5408.41811072876
31576,6914.3938128753025
31577,3963.1238957355963
31578,4170.789744403813
31579,3826.895705994718
31580,4740.381013371662
31581,4848.1652233950945
31582,3910.7307602798783
31583,4341.670924488468
31584,3223.784824795066
31585,5295.299910549485
31586,6060.600418356949
31587,3937.563175900114
31588,5275.042126469114
31589,5732.128955196562
31590,4506.921967405965
31591,4189.196168657455
31592,7440.804334533916
31593,6936.142863078515
31594,4779.247577197264
31595,3206.1593627297307
31596,9361.332508665042
31597,5691.231614638091
31598,3872.806986772925
31599,8025.39857264054
31600,7485.205288816624
31601,6269.057348998701
31602,4920.185044523814
31603,6111.9831291279515
31604,7994.058032666695
31605,10985.357332622174
31606,4059.814356760792
31607,3715.2977517708523
31608,4336.561075523624
31609,5771.225778023085
31610,4968.314047447952
31611,6518.033180976724
31612,6738.168168051333
31613,4751.012105460195
31614,3787.785643532518
31615,5369.362165567866
31616,7278.115124812361
31617,4135.492799991791
31618,5693.378881447882
31619,3020.8435753866356
31620,6174.900119579571
31621,6406.853508398274
31622,5918.515182509546
31623,7160.956208059277
31624,5272.433261271786
31625,3602.4986736349797
31626,5151.445220415183
31627,5747.886812306228
31628,6709.622549272194
31629,6039.042973229093
31630,5662.185730563896
31631,5081.914263338858
31632,3957.874101938278
31633,7810.356904988323
31634,3788.1576120977825
31635,9128.147054007395
31636,4747.805796876676
31637,3852.8461791085383
31638,5876.706652703741
31639,4988.961284071447
31640,5800.5386557542815
31641,6940.728824631232
31642,3230.8592416244314
31643,3408.320560074943
31644,5352.898772252817
31645,7013.546041808629
31646,7476.486306718691
31647,4762.915660851703
31648,5510.708192431639
31649,4687.702676848671
31650,5199.960055137214
31651,4437.423962164029
31652,8764.325513452924
31653,6880.951056006714
31654,10635.213300864676
31655,3644.8436657206084
31656,4974.278926290174
31657,9830.920540654568
31658,6257.558576746263
31659,3752.9326544313594
31660,8127.929065235005
31661,5304.945211777604
31662,4235.654850020213
31663,4030.338486725904
31664,4596.058843542519
31665,4417.405356041745
31666,5086.609359772766
31667,3583.088653394225
31668,4121.980911675025
31669,6797.538104214923
31670,5615.776634749204
31671,18352.04108888177
31672,5667.608988166663
31673,4242.796992484805
31674,5685.426145820665
31675,8387.071206494707
31676,5013.276413084473
31677,6212.228984425773
31678,4253.858679602547
31679,6852.375075299623
31680,7123.007435760456
31681,4274.76618371885
31682,4449.017955324534
31683,6101.026332663026
31684,6443.517788102012
31685,6009.068113442173
31686,6184.393109232082
31687,4468.566416613733
31688,3969.3397822077263
31689,5763.291636154151
31690,8116.700691900957
31691,8664.890360103956
31692,8250.57544138951
31693,6146.958500115325
31694,4465.272463908418
31695,5232.106089974731
31696,3733.030032395333
31697,7442.402624580552
31698,8731.38909961561
31699,7979.348119711229
31700,4828.220858414568
31701,4469.51590735162
31702,4593.14536471607
31703,5299.079256066051
31704,8113.253729447461
31705,5570.0981125997905
31706,4154.701477787484
31707,4860.517191765689
31708,6523.968696542934
31709,3467.410189376222
31710,6217.222146342809
31711,3734.6015937036464
31712,6583.227733095392
31713,5428.024195331452
31714,5051.366196304027
31715,6050.969274456481
31716,5875.193923067943
31717,4655.895871303479
31718,5600.732827112232
31719,7823.364719166939
31720,9535.907477329172
31721,4929.2131994715555
31722,6739.6353938987795
31723,6816.634821561633
31724,7552.516138599182
31725,5610.3431660003
31726,7631.851029860491
31727,4333.531578538446
31728,4162.016825057544
31729,5357.584342514082
31730,5409.284211614942
31731,8506.137169707765
31732,6269.052341717389
31733,4378.357616488632
31734,6088.9373388540525
31735,5221.183121794459
31736,7832.988690216635
31737,3447.633020879752
31738,11080.293635688755
31739,4632.078446445026
31740,4953.3967097342365
31741,7151.212856276282
31742,4384.550314315394
31743,5359.833012619512
31744,5690.688894202421
31745,5846.225820771753
31746,4708.160459531555
31747,4424.277786397383
31748,6454.252504392091
31749,6594.700296120807
31750,5493.329095478677
31751,4641.217611699144
31752,6368.99823785055
31753,10548.368252665055
31754,5904.289446465937
31755,4750.585154183734
31756,5739.537490686558
31757,5499.0377790298835
31758,5599.583149562885
31759,6064.527285218471
31760,3722.0928320822923
31761,6122.012182378509
31762,5730.732285043275
31763,5389.911406128422
31764,7071.361466710538
31765,4395.667638321617
31766,5197.536418830988
31767,5843.131270960324
31768,6242.258892196384
31769,7467.512652146144
31770,4762.206756737863
31771,4509.183222981806
31772,5617.363831039566
31773,5363.71155590484
31774,5054.471406183365
31775,6011.4472033660995
31776,6185.2044474975755
31777,6376.564585140407
31778,5015.181552978617
31779,4173.5739572966095
31780,5418.765619142217
31781,7091.310269031193
31782,7267.172798869443
31783,7175.464650404386
31784,6687.189392222209
31785,4906.461019835893
31786,7306.164396348538
31787,5360.980304309066
31788,5594.860057999407
31789,7426.593869350219
31790,5587.43993939132
31791,8153.804393590286
31792,7042.365919461578
31793,6717.987512885759
31794,5311.204371412216
31795,6823.509127233856
31796,7260.0941338354605
31797,5465.019562743817
31798,3850.2306272493324
31799,5598.447797809252
31800,6381.294770174157
31801,4872.443904592726
31802,4719.880825463846
31803,6989.651030696525
31804,5574.76943430468
31805,5532.170845295471
31806,5050.275212038793
31807,4417.536108527384
31808,6374.583836724456
31809,6181.007528705731
31810,5899.608815529311
31811,5152.755184074925
31812,4766.097659395355
31813,5680.3403490019655
31814,3622.130621401953
31815,5363.096289565817
31816,3960.68337376834
31817,6702.991439582138
31818,5519.983075587849
31819,4940.442468770008
31820,9263.039798948648
31821,5234.091885968692
31822,5116.01547227064
31823,9634.403417943258
31824,5839.814173457278
31825,6020.540805645818
31826,6643.726311469894
31827,5103.345417122566
31828,4651.814911079852
31829,4361.319346596088
31830,6525.504693407986
31831,9116.71283299733
31832,5338.325774631016
31833,2601.517321033821
31834,4295.56913677813
31835,6301.299146134228
31836,6601.713060022202
31837,5453.186871991408
31838,6128.237422412246
31839,4365.2675478487445
31840,4728.459456643382
31841,3031.5252318200883
31842,4320.472790813696
31843,4949.358929619415
31844,6085.2030935426965
31845,6080.598731785447
31846,5182.613470980554
31847,7065.513796404315
31848,7265.220317211335
31849,6392.982882439803
31850,4126.667401452428
31851,8124.044679838306
31852,8433.631442787662
31853,4492.235039079732
31854,7228.147319338716
31855,4248.709652773117
31856,5383.748276810766
31857,3182.9693070841154
31858,6155.955479593519
31859,4387.956145781646
31860,7832.906952627598
31861,5609.860269144632
31862,6564.404528858159
31863,7369.384096931932
31864,4694.327547532874
31865,6947.958291908421
31866,15949.215671437605
31867,9132.275814573813
31868,5106.429786118853
31869,2363.2025980882922
31870,5360.104816535803
31871,7654.225368684559
31872,5078.415538104575
31873,10800.741123944617
31874,15990.340352036439
31875,4205.072549281095
31876,4083.2328262560973
31877,7306.635343195441
31878,4270.222315463654
31879,7390.968863405252
31880,5135.369205338928
31881,6262.690651518474
31882,3401.9673213284477
31883,5367.911699080849
31884,5458.772504311311
31885,6179.774637003055
31886,7544.830146596721
31887,5352.127056011195
31888,4964.117350083832
31889,6093.573820042175
31890,4194.111150176414
31891,4659.076643820356
31892,6381.336241372158
31893,4344.121681217606
31894,5100.657558743855
31895,5934.353402309112
31896,4699.639919522189
31897,4748.013142916916
31898,5863.220323210264
31899,5945.848812212594
31900,7192.8397470291075
31901,6845.66979812318
31902,6687.6735026650895
31903,5231.819649545703
31904,3487.3454965821925
31905,5418.926193459953
31906,5992.652185986518
31907,5340.594586178632
31908,3751.6018069494244
31909,8047.728303703043
31910,5754.038475476065
31911,6763.4651607763035
31912,6148.5820414342825
31913,5021.743408756718
31914,4308.627976785517
31915,4476.062385035482
31916,7950.496426845677
31917,4625.163175879233
31918,6365.293775389647
31919,12993.606903845415
31920,5999.899474492757
31921,5556.432101271501
31922,4652.438980706295
31923,4103.568781776134
31924,5753.092061877402
31925,3945.3284144930944
31926,4528.393632245882
31927,8212.31540092993
31928,4563.737505165924
31929,12018.199340339603
31930,11465.863701331891
31931,4539.129919468085
31932,6062.429504503887
31933,4831.440095860229
31934,5743.167616998188
31935,4924.868878578249
31936,8884.229588738237
31937,6209.092766546923
31938,7593.170629527866
31939,4963.3145794470365
31940,6093.609287193879
31941,5168.85006082492
31942,7817.601694619029
31943,6064.385294332001
31944,5390.977347376689
31945,5341.695614032247
31946,5350.047951597012
31947,7467.012112043478
31948,7858.521148334295
31949,5486.356491072082
31950,8670.753760563884
31951,5572.556592970169
31952,8352.87028932494
31953,4657.594789821865
31954,4950.2977197961445
31955,5026.47408258133
31956,8665.117899694225
31957,5416.606664042526
31958,6458.57070814459
31959,6128.7181250695485
31960,6748.997587266433
31961,4832.347020346491
31962,9044.20614902128
31963,6246.53444753186
31964,3823.381672256502
31965,12336.449056248877
31966,13955.946431694552
31967,6265.880911643967
31968,6232.069220108333
31969,7660.469332688798
31970,8872.525658278939
31971,9099.532303455258
31972,5614.481006747992
31973,6070.70825817364
31974,4891.787374313012
31975,7035.5305373425035
31976,3610.5137407233697
31977,5258.435588683226
31978,5001.818919473626
31979,4768.451853618089
31980,5969.977933106769
31981,4762.963166627116
31982,4398.481337966726
31983,5448.844963589357
31984,3304.030352992956
31985,4023.4865913163862
31986,4864.141512997493
31987,5031.916518916451
31988,7019.24376276731
31989,7829.80733898036
31990,6885.2917164592145
31991,5858.3931255140715
31992,5506.433026249521
31993,8755.070884095045
31994,6162.6524821092335
31995,4164.419358306136
31996,4586.155550754158
31997,7484.885175178803
31998,4385.411265195781
31999,6215.801672754266
32000,3327.1486927526203
32001,4413.469370546299
32002,6849.950851806521
32003,4501.279560555527
32004,4652.444792675158
32005,6780.85689239907
32006,7510.470256359258
32007,10210.512754152558
32008,5452.8288090259
32009,7909.908567948414
32010,3418.3277095453777
32011,4763.905622227707
32012,5367.228144296672
32013,3829.7819524540305
32014,6722.632396179448
32015,4521.390544872238
32016,5575.519584540024
32017,6924.1106852201765
32018,9227.687429685227
32019,7126.173132422866
32020,4962.734061196366
32021,4373.964331771508
32022,8379.62043975272
32023,6379.816096885826
32024,5576.839105997999
32025,5176.462715612565
32026,5929.382690335528
32027,8523.007997064002
32028,4588.885538308713
32029,5640.896255786102
32030,6064.796914644518
32031,6804.795112868173
32032,12203.825886873065
32033,5435.629444249251
32034,10734.926312933689
32035,6056.266670749726
32036,4765.029354617778
32037,3088.8364235745194
32038,5354.1683072998585
32039,5013.546306715089
32040,4571.51988262539
32041,5811.482218257255
32042,4992.17329408189
32043,4050.7153493185524
32044,5560.02682543218
32045,4688.1242444197505
32046,6641.461776970745
32047,6266.686961066545
32048,6595.560914926416
32049,7019.342582487336
32050,4582.187477116989
32051,7411.367531418801
32052,4649.534795236014
32053,5431.031953737848
32054,5099.501243118992
32055,5195.997813296609
32056,9126.459636921021
32057,5986.168997315511
32058,4094.146563366931
32059,5657.661104995147
32060,7153.768929041444
32061,6128.959826845746
32062,5624.087105412358
32063,6848.854287032146
32064,5305.218867221047
32065,5015.806926152509
32066,5411.065421957007
32067,7691.445299146276
32068,4922.508766556736
32069,5516.492107335297
32070,5411.231100787649
32071,4559.428619149931
32072,3806.537900391057
32073,4706.544753872068
32074,6984.17910451346
32075,7762.630534491844
32076,8803.175311459037
32077,9002.178661603311
32078,6848.242904126626
32079,5348.153284210608
32080,4797.304926964844
32081,10055.858198666076
32082,8097.190400176248
32083,6910.99087720544
32084,7242.34454878127
32085,7345.656773847201
32086,5068.274780722351
32087,4474.984446600684
32088,8675.337058644023
32089,5390.603041329781
32090,6203.069744503225
32091,5365.593913404078
32092,2517.3158806427405
32093,8726.75945730098
32094,5479.131273015725
32095,4869.501126268467
32096,4476.517244972582
32097,4212.241984744699
32098,5709.267584319362
32099,6896.034127832709
32100,6411.604457867618
32101,4090.66877221354
32102,3797.2866309056135
32103,3637.9449663434925
32104,3340.789135312187
32105,6048.085263085506
32106,16066.978902234005
32107,3980.0576631021677
32108,4598.85445984019
32109,5831.861095450959
32110,4082.3214257287273
32111,4005.575413141341
32112,4791.794672117047
32113,3295.1813257448293
32114,6285.004641527989
32115,5837.7500937987015
32116,3423.6275765624328
32117,7178.127207252515
32118,4213.049346884384
32119,4491.8419574772215
32120,6906.0589022789545
32121,6893.7171699724595
32122,8476.42251142902
32123,4771.289245237878
32124,5402.420586876351
32125,3910.8108869498437
32126,6390.597424812839
32127,12641.212555209046
32128,9389.008830681929
32129,5221.354570188804
32130,4033.370138737333
32131,4806.534172205021
32132,5220.437595149912
32133,3635.0091372455713
32134,8521.294144825233
32135,4526.157210014381
32136,4542.022883473
32137,6306.523826607892
32138,4101.820132586023
32139,5304.976367534938
32140,6753.473449102218
32141,6373.300193962399
32142,5918.5478870616025
32143,3836.4813552846804
32144,4638.123670375944
32145,5508.628819529062
32146,8017.274961064084
32147,7089.6200649655275
32148,5710.211867338711
32149,4194.308372429189
32150,5547.52459838189
32151,5016.403228494166
32152,4446.355776155145
32153,6932.067470993523
32154,6070.3755370120525
32155,5135.529038347174
32156,5458.453893192166
32157,5776.558401070272
32158,5820.207108870527
32159,5324.709213715577
32160,5624.710864500279
32161,5880.970780185552
32162,5441.219021266857
32163,7433.0308925114405
32164,5428.327652722059
32165,4115.848142248793
32166,9174.163693110082
32167,4370.678886072933
32168,2880.2822437866803
32169,8977.710857008247
32170,7741.839308635537
32171,9207.064602899567
32172,4640.764895424692
32173,5311.213797036673
32174,5049.675715238333
32175,6337.71717379707
32176,5276.752245193806
32177,6507.876213828785
32178,3088.0623498608215
32179,5104.154425586723
32180,4730.752760922479
32181,4860.864709667443
32182,4119.797998320177
32183,5897.4407423920375
32184,6687.029095581393
32185,4898.259283660681
32186,7574.324048092346
32187,6516.625397845172
32188,6393.711062294433
32189,4527.8718026517545
32190,5894.045690623533
32191,5018.556101566153
32192,6771.815384289617
32193,6303.021587899074
32194,3794.2618000799894
32195,7658.035094605645
32196,6835.985175730439
32197,5925.870124976581
32198,5020.596675938109
32199,3701.7800852053083
32200,6756.977499983545
32201,5016.2834032369965
32202,7172.152252131567
32203,5916.71673847219
32204,4837.3708287041445
32205,7012.909704406993
32206,5544.629001392542
32207,5192.648700150392
32208,6732.9718741518955
32209,4767.718075785636
32210,6795.435611584486
32211,9135.646294124013
32212,6825.993349857017
32213,4025.741565618034
32214,4915.181796912907
32215,4078.2575272563936
32216,2731.4418301842557
32217,7737.85241718848
32218,4165.223023042844
32219,7346.221948704174
32220,3654.8818730572048
32221,6450.3355433922325
32222,6026.873427925537
32223,7582.5092240696595
32224,4464.523344248819
32225,4764.986837043829
32226,5209.564543436006
32227,6647.709766610953
32228,4853.970626551434
32229,5947.629847728488
32230,7206.6915489036655
32231,8409.88307392911
32232,5903.688742203971
32233,5974.945721870413
32234,5166.0805019775735
32235,3938.189581286616
32236,4835.274649679789
32237,8799.376000377919
32238,7200.223721512687
32239,6542.321996352658
32240,13587.75753464464
32241,5413.143082804595
32242,4336.264625870315
32243,5282.761463989749
32244,6790.118865238387
32245,9632.349769288343
32246,5851.9937625707635
32247,6499.438537833773
32248,6665.80473378946
32249,5736.814971137191
32250,5947.0976271902655
32251,4242.205182412436
32252,4630.90523467494
32253,3941.2381307540963
32254,3766.070068694434
32255,4419.533522091269
32256,6894.849384625757
32257,14009.024503242274
32258,5423.1450624853105
32259,4665.401867268684
32260,6303.638490004941
32261,3471.387278105865
32262,5883.047432040118
32263,3403.108324163317
32264,7486.664208624893
32265,5022.880217704745
32266,5415.529836472479
32267,10815.232132573688
32268,10943.682037862114
32269,5184.671499624239
32270,5785.3288896021295
32271,3272.205442354935
32272,5153.841485937866
32273,4644.787538108246
32274,6889.239889332544
32275,3855.6096547821658
32276,4268.04053937985
32277,4593.4309203392695
32278,5238.250042094708
32279,5547.34093825861
32280,5762.390509410742
32281,3713.712887820595
32282,6356.834567323019
32283,6443.913485755442
32284,6272.17674809723
32285,4369.951118231856
32286,3507.0230381215088
32287,6458.18589503905
32288,3706.2954415437566
32289,7896.4413268466315
32290,4578.069437439284
32291,3980.7482397295116
32292,5866.397208637869
32293,4821.423259104744
32294,4502.204804483618
32295,5075.4069370506695
32296,5419.451979960774
32297,8419.73486159808
32298,8364.415224533766
32299,5159.034561657806
32300,4467.7747833604
32301,5165.74722271386
32302,5176.585365438694
32303,4546.6292427406
32304,5003.037007898397
32305,5122.996446428908
32306,8778.556606129458
32307,6912.355527725765
32308,5633.554065010091
32309,5986.091590954467
32310,4970.56878840597
32311,7976.629728719739
32312,4995.891754844085
32313,11089.98314905109
32314,5863.029950537073
32315,4444.083544669012
32316,4814.263466495154
32317,3926.7037855514636
32318,6438.206762063051
32319,17295.001190942516
32320,3012.8510579544495
32321,3957.1393265643446
32322,8056.474434489218
32323,6216.260488658754
32324,5829.842625636324
32325,6604.6575944995775
32326,4795.424606932157
32327,4511.233472428654
32328,3305.3254171841727
32329,7386.145278284286
32330,5170.09255448918
32331,5420.164853155283
32332,5607.6048313645515
32333,4295.0329183949025
32334,6260.555155386539
32335,5643.973855308107
32336,3439.5863835131017
32337,7759.610569794839
32338,7613.383737402332
32339,3865.4973581838226
32340,6195.849743728712
32341,5562.577008580252
32342,4254.875353327328
32343,7285.145766669187
32344,5272.282911473276
32345,6636.433241873063
32346,4249.961813780736
32347,5160.829977719978
32348,5943.82166851246
32349,3618.770358181484
32350,6627.916779602845
32351,3586.5552642278763
32352,5488.333290816121
32353,4192.507922353469
32354,4957.191983097334
32355,5358.792372219685
32356,5893.827138480964
32357,5604.6614717330685
32358,6349.683635973568
32359,5703.683985235935
32360,6094.5100382838355
32361,5778.366921817614
32362,6411.749812720526
32363,7756.0480499629175
32364,6246.101707847239
32365,3752.4381696021464
32366,5218.939947568272
32367,5665.119112334782
32368,3931.7722103664278
32369,9979.700695171021
32370,5051.253390837265
32371,6187.770524451958
32372,9083.649902371526
32373,5789.007799681453
32374,3433.7663076602544
32375,12500.854881289666
32376,8413.882936095133
32377,5264.740310008129
32378,6949.247070324195
32379,7874.6749833487975
32380,5162.856667823919
32381,5282.402542692043
32382,5878.491162525037
32383,5185.435256189212
32384,4899.437898163088
32385,5937.377739482767
32386,4413.417276718754
32387,5575.816923906583
32388,6866.769782879091
32389,5774.953431741835
32390,6028.471590245275
32391,5401.093252023286
32392,5882.280257994792
32393,3917.956672943582
32394,7097.587687762411
32395,5660.5259815289255
32396,5565.128129631183
32397,6122.095025923239
32398,5896.599906863921
32399,7332.372795137372
32400,5283.585268585089
32401,4798.597410261079
32402,5323.918634531613
32403,5700.183896199335
32404,6223.032038771715
32405,4374.9124595867415
32406,4342.354798205556
32407,7152.431034258991
32408,5682.148303177767
32409,5060.6122360845175
32410,6452.051650852054
32411,5469.639415228215
32412,5647.223227964312
32413,4119.208646845728
32414,2852.512251991584
32415,5827.971100761604
32416,5479.1360031817085
32417,5773.785604656626
32418,8189.688119013394
32419,7220.091210674518
32420,4506.387999884547
32421,7376.5752223675645
32422,3249.8436286872966
32423,2589.9846518369727
32424,6045.746304683858
32425,10164.29202732685
32426,7090.109710105635
32427,6315.347488291982
32428,4209.337514746705
32429,5829.277586735142
32430,8201.86266937252
32431,5711.340218282526
32432,7477.945872490715
32433,4025.6745447011854
32434,4342.754789834122
32435,3973.3275616278806
32436,4914.910867338346
32437,5007.405169898988
32438,4045.406485176778
32439,4452.484876591452
32440,3355.2449806545383
32441,5589.125368754028
32442,6220.809333050997
32443,4161.570309044482
32444,5414.520940566136
32445,5956.136088340928
32446,4746.824032271408
32447,4361.161214087764
32448,9741.21914078463
32449,7134.725634571438
32450,4996.603391367099
32451,3331.981096726511
32452,9956.365625650596
32453,5884.445825629019
32454,4206.162165125378
32455,8600.553318273798
32456,7590.684127132148
32457,6533.516375892331
32458,5144.19217766818
32459,6285.72428697129
32460,8091.731447888563
32461,11200.69517588063
32462,4189.8170548501685
32463,4068.3374859811474
32464,4742.986135747505
32465,5984.642593638632
32466,5173.071839815872
32467,6856.358321905116
32468,7027.736957303633
32469,4975.019238604561
32470,4006.179372773656
32471,5932.914225183279
32472,7373.370353927709
32473,4572.400803321906
32474,5917.386014592248
32475,3168.2443992099556
32476,6378.29246654329
32477,6630.86064154264
32478,6184.955398883559
32479,7418.82118713803
32480,5546.348528815989
32481,3819.8544878048174
32482,5375.452353559549
32483,5966.991912066226
32484,6933.62968241656
32485,6401.371246565377
32486,5894.080815659672
32487,5305.921396483224
32488,4070.0387752840757
32489,8115.431935268465
32490,3979.17736758568
32491,9325.550700201216
32492,4951.1981438403955
32493,4071.5496034568137
32494,6100.713785848107
32495,5201.968415107496
32496,6520.045749737362
32497,7269.461151064331
32498,3444.276057239984
32499,3487.3553738517667
32500,5576.905905397183
32501,7340.768208237355
32502,7734.351285797445
32503,4966.308007815423
32504,6042.241842580733
32505,4879.691400526718
32506,5423.96718828158
32507,4622.579670050713
32508,9112.121337680317
32509,7154.866323550917
32510,10944.67776062352
32511,3868.8507988649744
32512,5234.074969560258
32513,10049.249598352642
32514,6568.385354219428
32515,3946.6865627709285
32516,8354.830589937885
32517,5565.704582414891
32518,4478.7523278337785
32519,4254.345619870271
32520,5034.181314607877
32521,4681.718016626917
32522,5617.174041731705
32523,3807.095786538593
32524,4403.507204110496
32525,7176.25459938903
32526,5874.5776332972655
32527,18540.968067281752
32528,5884.964802336498
32529,5474.106508690523
32530,6521.725761448361
32531,9267.206500423317
32532,6088.4962080825335
32533,7283.448522682232
32534,5509.859964409761
32535,7757.848244103391
32536,8091.528515300993
32537,5295.723861144952
32538,5411.903434804288
32539,7165.59437848993
32540,7276.170650237532
32541,6799.059335636324
32542,7219.518335779034
32543,5857.571374932736
32544,4862.319365207502
32545,6951.834578755758
32546,9307.366127927191
32547,9862.443460950066
32548,9160.41317610374
32549,7542.738684679969
32550,5743.3703511184785
32551,6413.209213097372
32552,4810.628563677009
32553,8531.659992826111
32554,10304.813128338943
32555,8454.995133168419
32556,6109.394518731204
32557,5508.458830329627
32558,5523.539466956274
32559,6376.291827073612
32560,9085.500153184377
32561,6473.014607862675
32562,5268.579161505579
32563,5954.237772428122
32564,7633.657838768605
32565,4563.106171052923
32566,7372.903919701619
32567,4912.345640049825
32568,7542.3432574524
32569,6727.789034911587
32570,6266.951005050938
32571,7120.313923059927
32572,6957.555679261565
32573,5514.276862763701
32574,6789.423295414099
32575,8915.228826160366
32576,10761.191191656126
32577,5832.12969473444
32578,8079.388539830343
32579,7846.720649228002
32580,8697.489225298748
32581,7078.889844049112
32582,8583.85383266588
32583,5356.1148220768555
32584,5817.138926941494
32585,6547.256616520235
32586,6617.38272686742
32587,9709.383098933466
32588,7372.714996508874
32589,5680.225193774051
32590,7202.815022572147
32591,6133.225069030616
32592,8543.626565627388
32593,4649.451664604416
32594,12008.435103545768
32595,5459.23093722319
32596,5886.957731818875
32597,8078.576445770993
32598,5379.83128808156
32599,6318.4598360135915
32600,6789.705629868766
32601,7250.1620706672
32602,5878.361437303421
32603,5561.896045932033
32604,7439.631767667649
32605,7968.74421488467
32606,6238.680843914282
32607,5674.634075705159
32608,7473.660126994965
32609,12079.136771666745
32610,6961.02054022913
32611,5894.757691938741
32612,6792.458592483464
32613,6421.529674280365
32614,6842.821591831434
32615,7217.860996649046
32616,4857.72980877874
32617,7423.229185045289
32618,6876.859630269213
32619,6268.459315612589
32620,8215.53400446555
32621,5431.269485178212
32622,6044.710793092307
32623,7027.123281546191
32624,7440.86276959489
32625,8068.894381055585
32626,5680.601692542262
32627,5546.626205844867
32628,6797.23282631548
32629,6249.269436415315
32630,6076.34171451809
32631,6870.154285002112
32632,7151.5810911367935
32633,7531.375483347214
32634,6215.092300623595
32635,5134.187542448233
32636,6556.391429593052
32637,8285.496703794426
32638,8077.202592998883
32639,8484.503253780038
32640,7953.334150553708
32641,5908.864401590291
32642,8680.024943256114
32643,6458.668707616234
32644,7880.513021884723
32645,8775.186851668572
32646,6430.726778731726
32647,9436.013845980277
32648,7981.578966693216
32649,7765.683529575643
32650,6442.743395629366
32651,8105.718579623864
32652,8319.873221375567
32653,6427.508671462123
32654,4913.90729082657
32655,6666.985980390857
32656,7336.150257061454
32657,5926.7947912550435
32658,5566.289531753749
32659,7723.313422229586
32660,6387.206144891455
32661,6311.781674798663
32662,6265.1850081043
32663,5546.199599386588
32664,7574.192867992261
32665,7209.338777246263
32666,6670.705914054278
32667,6336.95208612218
32668,5720.953146282652
32669,6854.517650417352
32670,4254.385563660631
32671,6570.292773959476
32672,4932.829988604564
32673,7724.349202285423
32674,6471.9798215646615
32675,5799.149550406021
32676,10275.332703789381
32677,6157.719521428811
32678,6764.2431797838535
32679,10829.883881194726
32680,6877.100575855069
32681,7253.7499170282945
32682,7709.306762575509
32683,5760.839650259554
32684,5853.202591409806
32685,5281.601298060959
32686,7500.778933608212
32687,10071.568319884616
32688,6429.412687636108
32689,3899.1251483437863
32690,5611.366012182723
32691,7434.4119021729975
32692,7514.262288909487
32693,6388.522686630945
32694,7013.709092940867
32695,5524.653701606038
32696,5698.657441748299
32697,4058.9839930245616
32698,5461.041503624281
32699,6121.31910239074
32700,7248.8583943980475
32701,7055.95621922001
32702,6161.302839894076
32703,9160.43532044273
32704,8629.286044470377
32705,7659.127640771302
32706,5313.8338531608915
32707,9221.733083145446
32708,9454.989205490932
32709,5496.060364392452
32710,8041.128459461
32711,5640.459398457451
32712,6775.4980224951
32713,4237.406090649416
32714,7011.2076608858715
32715,5393.267580785603
32716,9026.988538172545
32717,6810.229667780421
32718,7827.738907918704
32719,8428.572953106182
32720,5810.94445272712
32721,7791.245131248827
32722,18498.213857274426
32723,10677.24499335263
32724,6167.885982381699
32725,3958.108805607822
32726,6601.243256899712
32727,8928.871827178196
32728,6456.365351431127
32729,11339.093239826674
32730,15588.959253939087
32731,5273.6107318627
32732,5011.750815312243
32733,8159.896505421681
32734,5350.992943406264
32735,9440.30456708402
32736,6432.724976930796
32737,7528.840134031385
32738,4920.488669769463
32739,6440.153415322229
32740,6511.693606108217
32741,7476.244197535729
32742,8918.874065360573
32743,6375.410537661415
32744,6267.429963598016
32745,6906.01053062895
32746,5228.05076263075
32747,5564.8194687189825
32748,7254.95442162285
32749,5316.268296053834
32750,6348.550773176121
32751,7090.4135753355495
32752,5968.046916356051
32753,5770.90575965732
32754,6961.4927170018855
32755,7002.8799881070645
32756,8067.742934192811
32757,8109.201385009136
32758,7772.041899036269
32759,6348.213526503697
32760,4526.478859253329
32761,7747.578716139906
32762,6985.332577338918
32763,6537.3216831291265
32764,4849.87420074105
32765,9040.411781766785
32766,6583.7998178734915
32767,7675.540058522885
32768,7612.962970040671
32769,6102.961174655159
32770,5353.823891297283
32771,5779.671813054361
32772,9069.83588264525
32773,5472.337550140552
32774,7438.122105291844
32775,14385.505137984614
32776,7200.607130436749
32777,6375.301690609882
32778,5619.781138818861
32779,5329.957998386377
32780,6896.03212637319
32781,4819.1356647768725
32782,5658.530852283385
32783,8763.600310325244
32784,5934.333936840958
32785,11168.413345560846
32786,12045.106715176418
32787,5656.078054850935
32788,7129.657573473602
32789,5833.745352967227
32790,6930.977968756561
32791,5927.715241927031
32792,9725.925290457408
32793,6911.301747670791
32794,8504.729518169528
32795,5909.789697372695
32796,7281.419638952253
32797,6354.8913157658535
32798,8494.46863127667
32799,6848.122055606152
32800,6155.973087344578
32801,6523.141643755646
32802,6086.73969099152
32803,9012.35754381805
32804,8660.463433479941
32805,6693.9168208614965
32806,9544.94576712131
32807,6810.238544380836
32808,9967.648340044883
32809,5512.663644499045
32810,5780.0840089764
32811,6478.966822157504
32812,9852.689145081391
32813,6750.851297586842
32814,7265.68473030412
32815,7314.001782388808
32816,7948.2048531079545
32817,6013.79305006989
32818,9951.87750274204
32819,7329.883191888975
32820,4875.678339553222
32821,13029.756607116236
32822,16049.631809284847
32823,7268.03423406652
32824,7415.915362880493
32825,8718.88861383686
32826,9798.25858903609
32827,10013.260495025499
32828,6307.788557615351
32829,7154.344923043204
32830,6284.05268416861
32831,8188.838061960798
32832,4701.954534885981
32833,6157.801167009386
32834,6163.275864794785
32835,5649.080286528318
32836,7065.234116965189
32837,5875.461337519899
32838,5258.913322448863
32839,7033.579721360089
32840,4192.393001673255
32841,5103.210722833976
32842,6052.901263954138
32843,6253.251122592716
32844,8348.893171094083
32845,8943.691634181258
32846,8105.687100759961
32847,7082.110196407539
32848,6848.626292979496
32849,10073.296333578966
32850,7158.919875461075
32851,4951.057911387382
32852,6231.8067306923
32853,8480.369145524837
32854,5202.829068754126
32855,7377.258618075426
32856,4828.748752139605
32857,5387.447656613559
32858,8540.192530863218
32859,5520.881529960866
32860,5790.13209166273
32861,7946.171625585595
32862,8921.925712097958
32863,11596.015494022691
32864,6883.221718130316
32865,8537.884204030228
32866,4438.793414914658
32867,5728.923378499646
32868,6497.355511069807
32869,4813.74109065039
32870,7637.239479934931
32871,5234.277962382538
32872,6940.222848615673
32873,8113.262527184183
32874,11183.85434663416
32875,7883.313565402204
32876,5794.717311431618
32877,5357.492072929781
32878,9387.425290764742
32879,7646.797475478846
32880,6976.188553914114
32881,6232.010408772695
32882,7034.9488577826905
32883,9942.881131614346
32884,5772.731681080873
32885,6703.787111025504
32886,7247.454125705642
32887,8083.652127250158
32888,13052.484014900208
32889,6699.889056555703
32890,12762.805813348754
32891,6970.608927629675
32892,6029.28896692423
32893,4494.487909528459
32894,6440.083217783797
32895,5785.416329674629
32896,5752.965912348788
32897,6713.297103571059
32898,6050.852137693814
32899,4861.6707861692075
32900,6670.823743130486
32901,5552.548264344041
32902,7433.301859638736
32903,7443.928696575506
32904,7167.354714235574
32905,8184.6870627294065
32906,5496.529733996938
32907,8384.768309081213
32908,5425.680229100865
32909,6794.625209944109
32910,6349.332614078477
32911,6704.931164292427
32912,10845.870934686205
32913,7422.223018364152
32914,4696.4417394396405
32915,6437.202812317027
32916,7962.303075927193
32917,7196.187895815462
32918,6488.147916902115
32919,7955.201006335806
32920,6070.817476798519
32921,5734.5313692594345
32922,6445.702263060648
32923,8693.457155596665
32924,6168.836947544076
32925,6763.018653722622
32926,6541.821884129938
32927,5737.5422513610665
32928,5020.604654438774
32929,6125.756396513758
32930,7997.235739229659
32931,8880.675553124545
32932,9718.417526911377
32933,10399.345592088335
32934,8003.776780682433
32935,6333.678205898141
32936,5891.168887430748
32937,10988.588863151355
32938,9135.999429045065
32939,7490.937263169417
32940,8038.62964018478
32941,8194.974473902897
32942,5995.663298645434
32943,5421.44093876195
32944,9525.599129463983
32945,6536.284178594321
32946,7403.109289229544
32947,6159.490850100451
32948,4063.4883490789366
32949,9575.850444899099
32950,6578.170804645919
32951,6060.87866400633
32952,5306.212961296958
32953,5891.446217121363
32954,6502.603970041712
32955,7721.743554778606
32956,7330.444031288215
32957,5584.593918220711
32958,4947.028802385409
32959,4691.60885139529
32960,4426.027059098403
32961,7100.822159554616
32962,16069.187181085545
32963,4984.014546114677
32964,5751.58387275611
32965,7304.170708160583
32966,5015.339070025986
32967,5005.566915152192
32968,5992.258391010927
32969,4462.960712857242
32970,7352.135509181172
32971,7006.506174434482
32972,4427.584459574939
32973,8211.499335572273
32974,5152.433497998366
32975,5484.765715821399
32976,7958.795798748064
32977,7759.714348270483
32978,9831.589374836449
32979,5680.086331586183
32980,6487.131426853607
32981,5070.220617451967
32982,7784.923535819044
32983,13666.955143180132
32984,10967.161058909891
32985,6387.357397438986
32986,4914.531507430542
32987,5929.020675764002
32988,6165.838504625243
32989,4741.766135880266
32990,9793.64097903368
32991,5862.2411316431735
32992,5624.218657309942
32993,7578.2583395742395
32994,4939.89359850733
32995,6119.413837949973
32996,8046.962714918868
32997,7426.037090431508
32998,6778.399789966819
32999,5019.584726544737
33000,5375.74852690641
33001,6540.843793279286
33002,9141.889980446656
33003,8188.795552926327
33004,6842.388554038744
33005,5090.410044805661
33006,6651.417586630926
33007,5920.787668755087
33008,5594.875005567526
33009,7530.612070120933
33010,7221.930055964272
33011,6010.111635875164
33012,6762.748533572948
33013,7003.917485742802
33014,6687.098290505768
33015,6455.733081619451
33016,6566.186049259031
33017,6896.695764142624
33018,6357.837678659279
33019,8413.256651996033
33020,6569.942946443554
33021,5188.511887554455
33022,10400.524965370278
33023,5601.307637888192
33024,4255.264117037534
33025,10117.537856284396
33026,8450.500884644389
33027,10469.314050363726
33028,5516.887273807153
33029,6462.768315988892
33030,5940.444223033348
33031,7247.618319821401
33032,6370.68605924368
33033,7677.58690700028
33034,3680.0253252419498
33035,6443.969947247697
33036,5803.254751978509
33037,5955.778085122286
33038,5033.523095510774
33039,7006.264861473639
33040,7688.542604104031
33041,6034.794793205974
33042,8892.728962196443
33043,7629.391519510855
33044,7878.026378603527
33045,5504.096765390356
33046,6768.628288151524
33047,5978.061273813415
33048,9197.039071302906
33049,7021.894107910744
33050,4672.731932528894
33051,9075.028996427503
33052,7790.172422790149
33053,6844.79630189253
33054,6093.390425844179
33055,4582.096605746321
33056,7884.417151984971
33057,5820.960104285008
33058,8668.849436933753
33059,7133.320293898656
33060,5772.029650994278
33061,8295.907661871075
33062,6894.110802706368
33063,6442.12908509829
33064,7798.944857569927
33065,5572.3947768336475
33066,7980.475940768739
33067,9958.546333180182
33068,8008.091390303235
33069,5119.912199851359
33070,5965.290687118456
33071,5000.852364738772
33072,3950.5486118176505
33073,8604.146363737751
33074,5228.691321698316
33075,8699.754223297232
33076,4726.509838111235
33077,7608.577039619358
33078,6819.974932879683
33079,8676.67985830297
33080,5638.77183201322
33081,5705.432088808258
33082,6425.934094641594
33083,7363.771291689423
33084,5947.904440601308
33085,6959.591824904099
33086,8270.655350276027
33087,9500.251944142217
33088,7129.8758301607695
33089,7303.136005993605
33090,6317.100718480761
33091,4874.378458087049
33092,5567.2547622503225
33093,10011.329352141378
33094,8020.128701605265
33095,7794.418309804643
33096,13659.624409832799
33097,6391.569267676432
33098,5482.5600483272365
33099,6231.572396385475
33100,8077.895898189327
33101,10929.018962936829
33102,6974.477787411355
33103,7733.444236396791
33104,7982.758977906
33105,6688.481019740838
33106,7202.096312339763
33107,5259.7399906545925
33108,5600.386692414681
33109,4812.098065461519
33110,4877.862061527434
33111,5369.762056147817
33112,8119.095044052877
33113,16199.902055675893
33114,6734.300023277556
33115,5835.883543541026
33116,7167.94336071841
33117,4810.808935936028
33118,7228.716100767569
33119,4504.64453865774
33120,8856.028424945442
33121,6256.885916267763
33122,6577.182139702524
33123,12355.605776773022
33124,11323.51551820236
33125,6535.312923413183
33126,6668.1576926668295
33127,4961.536084501531
33128,6153.777022033706
33129,5765.833182031806
33130,8169.961943544962
33131,4835.575873357035
33132,5594.032695515334
33133,5585.570860265931
33134,6680.113157444758
33135,6497.569472315157
33136,6945.548958575798
33137,4912.944087582749
33138,7697.914792011384
33139,7490.660982572481
33140,8338.620341969
33141,5575.826701185331
33142,4449.398656255498
33143,7714.022783829269
33144,4656.52397560031
33145,9436.814971045951
33146,5542.009088626361
33147,5095.077010553796
33148,6886.22093009562
33149,5785.994773343273
33150,5673.179087102472
33151,5961.7327617043065
33152,6551.705756128377
33153,9293.444527436857
33154,9336.174459645832
33155,6393.040260220824
33156,5436.289809949714
33157,6259.181996931917
33158,6108.405705306177
33159,5987.274246256883
33160,6117.625544439472
33161,6311.941638273992
33162,9872.727240362787
33163,7871.677514570186
33164,6606.642595909208
33165,6874.220049075542
33166,5922.234837009617
33167,9163.481756715444
33168,6060.123178943523
33169,12231.739793691437
33170,6714.217030174458
33171,5491.845351152036
33172,5805.263999083376
33173,5035.09552319233
33174,7456.861895843447
33175,17937.71817656374
33176,3950.781216664881
33177,4829.5861189147845
33178,9172.552245526715
33179,7356.657566617347
33180,6621.238294310244
33181,7903.289211340751
33182,5846.848621208725
33183,5495.980749062606
33184,4273.107645087547
33185,8358.11313466365
33186,6068.874108134942
33187,6501.990946435966
33188,6564.5363868873765
33189,5286.033450983125
33190,7238.729668742541
33191,6877.688747705558
33192,4668.81497972535
33193,8993.817792581553
33194,8676.470624317733
33195,4729.634085493369
33196,7674.224301255557
33197,6469.560626330686
33198,5381.776900127301
33199,8468.304215834236
33200,6487.965982760928
33201,7719.782680554119
33202,5331.787907061419
33203,6117.761533242803
33204,7090.836032123362
33205,4872.099254168444
33206,7864.233948728298
33207,4289.175564372123
33208,6294.932883843666
33209,5295.853090482634
33210,6267.05963994516
33211,6415.739550447091
33212,6986.494580916506
33213,6996.225181676068
33214,7214.396212553933
33215,6484.259667842834
33216,7188.680672517156
33217,6934.001325182286
33218,7733.940390397686
33219,8974.939815852309
33220,7465.23933631684
33221,4897.408678200637
33222,5830.094628065932
33223,6989.797644361017
33224,4882.000744422975
33225,11039.490407994983
33226,6169.193523567373
33227,7407.018179354532
33228,10302.897557274095
33229,7014.932352102092
33230,4367.80893144978
33231,13590.584499227396
33232,9385.91571053733
33233,6666.969208194542
33234,7867.885474688092
33235,9094.569701476266
33236,6323.058527593395
33237,6222.8380419915775
33238,6850.466124014357
33239,6052.889943235069
33240,5783.078495475969
33241,7058.349863527153
33242,5198.525203767399
33243,6664.291415027005
33244,8002.254203682129
33245,6724.845887012503
33246,7123.411780665012
33247,6637.417526258682
33248,6858.93776762836
33249,5007.686290881313
33250,8126.209328928114
33251,6710.774778481753
33252,6463.670665486436
33253,6819.600854009297
33254,6812.3988934948775
33255,8347.618056784328
33256,6411.90146650563
33257,5590.541127605869
33258,7101.327013417362
33259,6830.843873878872
33260,7373.146141383189
33261,5483.311302337548
33262,5134.2985155503475
33263,8122.19274323196
33264,7260.273288057194
33265,5954.042166820413
33266,7566.104248661249
33267,6597.417318624073
33268,6530.863825277193
33269,5187.713626647115
33270,3723.8544739583517
33271,6679.158180398988
33272,6674.2578870664165
33273,6845.831549556139
33274,9364.65824897747
33275,8561.4223574199
33276,5365.384284744343
33277,8403.395335027997
33278,4652.576979310711
33279,3387.533442402849
33280,7358.604123588007
33281,11165.36291643398
33282,8020.394239172595
33283,7296.441088409394
33284,5047.360196635594
33285,6831.890261701035
33286,8986.586673915643
33287,6995.963733918359
33288,8804.68528003002
33289,4909.315142014069
33290,5158.480126599702
33291,4862.301323522217
33292,5876.103808113111
33293,5953.224039420616
33294,4912.861172222634
33295,5587.96929739449
33296,4253.156977546442
33297,6474.727633266666
33298,7104.449930363879
33299,5264.982578090436
33300,6395.6145406835485
33301,7240.952842999469
33302,5926.365500516582
33303,5197.679204665121
33304,10842.120275588579
33305,8330.649809357179
33306,6212.015796336363
33307,4215.621694039396
33308,11050.53625988392
33309,6904.375972088338
33310,5320.214762934573
33311,9739.65038411493
33312,8526.788519575923
33313,8025.065664101434
33314,6229.625343029579
33315,7244.735380870051
33316,9150.513597728783
33317,12846.115624710976
33318,5345.920802936449
33319,5198.420600866729
33320,5868.273409013365
33321,7325.97374038403
33322,6183.0299599051505
33323,8016.414715883581
33324,7470.541465264932
33325,6068.085347290853
33326,4955.804374518597
33327,7036.366818223982
33328,8529.510461276619
33329,5464.116747041549
33330,7194.068923443582
33331,3788.6833382469586
33332,7471.270436763137
33333,7611.929678232717
33334,7317.225280334252
33335,8562.18412180671
33336,6598.751698300708
33337,5096.849890256762
33338,6541.706216321053
33339,7146.501403578715
33340,8042.2013702405575
33341,7529.436833801632
33342,7030.977357683623
33343,6409.373989523927
33344,5129.330914802219
33345,9509.860731415458
33346,4884.418808248304
33347,10349.914600476264
33348,6099.854194415708
33349,5386.6117528643845
33350,7705.925037986241
33351,6037.3039592901405
33352,7634.349117949484
33353,8451.915183564208
33354,4432.830465596805
33355,4405.696110000213
33356,6728.745256823143
33357,8442.437673163588
33358,8683.976287542373
33359,6285.574451437432
33360,7053.4817421625585
33361,5894.818835029457
33362,6602.482829768169
33363,5426.743526007299
33364,10198.941800195153
33365,8371.564960555856
33366,11264.486883079513
33367,5010.594976383563
33368,6506.744534467563
33369,10003.658691605086
33370,7701.98030715257
33371,4767.572766752091
33372,9805.361251938983
33373,6652.845840687099
33374,5857.634882969786
33375,5269.584883024089
33376,6563.7005009072345
33377,5900.004608211073
33378,6835.194499478262
33379,5036.25617529118
33380,5468.640907469745
33381,8998.14484025366
33382,6809.989032850572
33383,20460.57310164815
33384,7218.696831893302
33385,0.0
33386,0.0
33387,0.0
33388,0.0
33389,0.0
33390,0.0
33391,0.0
33392,0.0
33393,0.0
33394,0.0
33395,0.0
33396,0.0
33397,0.0
33398,0.0
33399,0.0
33400,0.0
33401,0.0
33402,0.0
33403,0.0
33404,0.0
33405,0.0
33406,0.0
33407,0.0
33408,0.0
33409,0.0
33410,0.0
33411,0.0
33412,0.0
33413,0.0
33414,0.0
33415,0.0
33416,0.0
33417,0.0
33418,0.0
33419,0.0
33420,0.0
33421,0.0
33422,0.0
33423,0.0
33424,0.0
33425,0.0
33426,0.0
33427,0.0
33428,0.0
33429,0.0
33430,0.0
33431,0.0
33432,0.0
33433,0.0
33434,0.0
33435,0.0
33436,0.0
33437,0.0
33438,0.0
33439,0.0
33440,0.0
33441,0.0
33442,0.0
33443,0.0
33444,0.0
33445,0.0
33446,0.0
33447,0.0
33448,0.0
33449,0.0
33450,0.0
33451,0.0
33452,0.0
33453,0.0
33454,0.0
33455,0.0
33456,0.0
33457,0.0
33458,0.0
33459,0.0
33460,0.0
33461,0.0
33462,0.0
33463,0.0
33464,0.0
33465,0.0
33466,0.0
33467,0.0
33468,0.0
33469,0.0
33470,0.0
33471,0.0
33472,0.0
33473,0.0
33474,0.0
33475,0.0
33476,2979.7137347026837
33477,0.0
33478,0.0
33479,0.0
33480,0.0
33481,0.0
33482,0.0
33483,0.0
33484,0.0
33485,0.0
33486,0.0
33487,0.0
33488,0.0
33489,0.0
33490,0.0
33491,0.0
33492,0.0
33493,0.0
33494,0.0
33495,0.0
33496,0.0
33497,0.0
33498,0.0
33499,0.0
33500,0.0
33501,0.0
33502,0.0
33503,0.0
33504,0.0
33505,0.0
33506,0.0
33507,0.0
33508,0.0
33509,0.0
33510,0.0
33511,0.0
33512,0.0
33513,0.0
33514,0.0
33515,0.0
33516,0.0
33517,0.0
33518,0.0
33519,0.0
33520,0.0
33521,0.0
33522,0.0
33523,0.0
33524,0.0
33525,0.0
33526,0.0
33527,0.0
33528,0.0
33529,0.0
33530,0.0
33531,0.0
33532,0.0
33533,0.0
33534,0.0
33535,0.0
33536,0.0
33537,0.0
33538,0.0
33539,0.0
33540,0.0
33541,0.0
33542,0.0
33543,0.0
33544,2835.449274838957
33545,0.0
33546,0.0
33547,0.0
33548,0.0
33549,0.0
33550,0.0
33551,0.0
33552,0.0
33553,0.0
33554,0.0
33555,0.0
33556,0.0
33557,0.0
33558,0.0
33559,0.0
33560,0.0
33561,0.0
33562,0.0
33563,0.0
33564,0.0
33565,0.0
33566,0.0
33567,0.0
33568,0.0
33569,0.0
33570,0.0
33571,0.0
33572,0.0
33573,0.0
33574,0.0
33575,0.0
33576,0.0
33577,0.0
33578,0.0
33579,0.0
33580,0.0
33581,0.0
33582,0.0
33583,0.0
33584,0.0
33585,13688.285622260033
33586,26700.067505013023
33587,0.0
33588,0.0
33589,0.0
33590,0.0
33591,0.0
33592,0.0
33593,0.0
33594,6425.0304597938675
33595,0.0
33596,0.0
33597,0.0
33598,0.0
33599,0.0
33600,0.0
33601,0.0
33602,0.0
33603,0.0
33604,0.0
33605,0.0
33606,0.0
33607,0.0
33608,0.0
33609,0.0
33610,0.0
33611,0.0
33612,0.0
33613,4527.5010424008115
33614,0.0
33615,0.0
33616,0.0
33617,0.0
33618,0.0
33619,0.0
33620,0.0
33621,0.0
33622,0.0
33623,3484.8877114942006
33624,0.0
33625,0.0
33626,0.0
33627,0.0
33628,0.0
33629,0.0
33630,0.0
33631,0.0
33632,0.0
33633,0.0
33634,0.0
33635,0.0
33636,0.0
33637,0.0
33638,0.0
33639,0.0
33640,0.0
33641,8157.839591237255
33642,0.0
33643,0.0
33644,0.0
33645,0.0
33646,0.0
33647,0.0
33648,0.0
33649,0.0
33650,0.0
33651,0.0
33652,0.0
33653,0.0
33654,0.0
33655,0.0
33656,0.0
33657,0.0
33658,6770.6507867222335
33659,0.0
33660,0.0
33661,0.0
33662,0.0
33663,0.0
33664,0.0
33665,0.0
33666,0.0
33667,0.0
33668,0.0
33669,0.0
33670,0.0
33671,0.0
33672,0.0
33673,0.0
33674,0.0
33675,0.0
33676,0.0
33677,0.0
33678,0.0
33679,0.0
33680,0.0
33681,0.0
33682,0.0
33683,0.0
33684,0.0
33685,0.0
33686,0.0
33687,0.0
33688,0.0
33689,0.0
33690,0.0
33691,0.0
33692,0.0
33693,0.0
33694,0.0
33695,0.0
33696,0.0
33697,0.0
33698,0.0
33699,0.0
33700,0.0
33701,0.0
33702,0.0
33703,0.0
33704,0.0
33705,0.0
33706,0.0
33707,0.0
33708,0.0
33709,0.0
33710,0.0
33711,0.0
33712,0.0
33713,0.0
33714,0.0
33715,0.0
33716,0.0
33717,0.0
33718,0.0
33719,0.0
33720,1966.883282406434
33721,0.0
33722,0.0
33723,0.0
33724,0.0
33725,0.0
33726,0.0
33727,0.0
33728,0.0
33729,0.0
33730,0.0
33731,0.0
33732,0.0
33733,0.0
33734,4050.155948332264
33735,0.0
33736,0.0
33737,0.0
33738,0.0
33739,0.0
33740,0.0
33741,0.0
33742,0.0
33743,0.0
33744,0.0
33745,0.0
33746,0.0
33747,0.0
33748,0.0
33749,0.0
33750,0.0
33751,0.0
33752,0.0
33753,0.0
33754,0.0
33755,0.0
33756,0.0
33757,0.0
33758,0.0
33759,0.0
33760,0.0
33761,0.0
33762,0.0
33763,0.0
33764,0.0
33765,0.0
33766,0.0
33767,0.0
33768,0.0
33769,0.0
33770,0.0
33771,0.0
33772,0.0
33773,0.0
33774,0.0
33775,0.0
33776,0.0
33777,6263.302120651079
33778,0.0
33779,0.0
33780,0.0
33781,0.0
33782,0.0
33783,0.0
33784,0.0
33785,0.0
33786,0.0
33787,2854.2549102395196
33788,0.0
33789,0.0
33790,0.0
33791,3018.3285735140676
33792,0.0
33793,0.0
33794,0.0
33795,0.0
33796,0.0
33797,0.0
33798,0.0
33799,0.0
33800,0.0
33801,0.0
33802,0.0
33803,0.0
33804,0.0
33805,0.0
33806,0.0
33807,0.0
33808,0.0
33809,0.0
33810,0.0
33811,0.0
33812,0.0
33813,0.0
33814,0.0
33815,0.0
33816,0.0
33817,0.0
33818,18065.92242276562
33819,0.0
33820,0.0
33821,0.0
33822,0.0
33823,0.0
33824,0.0
33825,0.0
33826,0.0
33827,0.0
33828,0.0
33829,0.0
33830,0.0
33831,0.0
33832,5834.319570531154
33833,0.0
33834,0.0
33835,0.0
33836,0.0
33837,0.0
33838,0.0
33839,0.0
33840,0.0
33841,0.0
33842,0.0
33843,0.0
33844,0.0
33845,0.0
33846,0.0
33847,0.0
33848,0.0
33849,0.0
33850,0.0
33851,0.0
33852,0.0
33853,0.0
33854,0.0
33855,0.0
33856,0.0
33857,0.0
33858,0.0
33859,0.0
33860,0.0
33861,0.0
33862,0.0
33863,0.0
33864,0.0
33865,0.0
33866,0.0
33867,0.0
33868,0.0
33869,0.0
33870,0.0
33871,0.0
33872,0.0
33873,0.0
33874,0.0
33875,0.0
33876,0.0
33877,0.0
33878,0.0
33879,0.0
33880,0.0
33881,0.0
33882,0.0
33883,0.0
33884,0.0
33885,0.0
33886,0.0
33887,0.0
33888,0.0
33889,0.0
33890,0.0
33891,0.0
33892,0.0
33893,0.0
33894,0.0
33895,0.0
33896,0.0
33897,0.0
33898,0.0
33899,0.0
33900,0.0
33901,0.0
33902,0.0
33903,0.0
33904,0.0
33905,0.0
33906,0.0
33907,10696.016893848506
33908,0.0
33909,0.0
33910,0.0
33911,0.0
33912,0.0
33913,0.0
33914,0.0
33915,0.0
33916,0.0
33917,0.0
33918,0.0
33919,0.0
33920,0.0
33921,0.0
33922,0.0
33923,0.0
33924,0.0
33925,0.0
33926,0.0
33927,0.0
33928,0.0
33929,0.0
33930,0.0
33931,0.0
33932,0.0
33933,0.0
33934,0.0
33935,0.0
33936,0.0
33937,0.0
33938,0.0
33939,0.0
33940,0.0
33941,0.0
33942,0.0
33943,0.0
33944,0.0
33945,0.0
33946,0.0
33947,0.0
33948,0.0
33949,0.0
33950,0.0
33951,2904.533099430903
33952,16331.65977839172
33953,0.0
33954,0.0
33955,0.0
33956,0.0
33957,0.0
33958,0.0
33959,0.0
33960,0.0
33961,0.0
33962,0.0
33963,0.0
33964,0.0
33965,0.0
33966,0.0
33967,0.0
33968,0.0
33969,0.0
33970,0.0
33971,0.0
33972,0.0
33973,0.0
33974,0.0
33975,0.0
33976,0.0
33977,0.0
33978,0.0
33979,0.0
33980,12093.449590755172
33981,0.0
33982,0.0
33983,0.0
33984,0.0
33985,0.0
33986,0.0
33987,0.0
33988,0.0
33989,0.0
33990,0.0
33991,0.0
33992,0.0
33993,0.0
33994,0.0
33995,0.0
33996,0.0
33997,0.0
33998,0.0
33999,0.0
34000,0.0
34001,0.0
34002,0.0
34003,0.0
34004,0.0
34005,0.0
34006,0.0
34007,0.0
34008,0.0
34009,0.0
34010,0.0
34011,0.0
34012,0.0
34013,0.0
34014,0.0
34015,0.0
34016,0.0
34017,0.0
34018,0.0
34019,0.0
34020,0.0
34021,0.0
34022,0.0
34023,0.0
34024,0.0
34025,0.0
34026,0.0
34027,0.0
34028,0.0
34029,0.0
34030,0.0
34031,0.0
34032,0.0
34033,0.0
34034,0.0
34035,0.0
34036,0.0
34037,0.0
34038,0.0
34039,0.0
34040,0.0
34041,0.0
34042,0.0
34043,0.0
34044,0.0
34045,0.0
34046,0.0
34047,0.0
34048,0.0
34049,0.0
34050,2928.7083278367245
34051,0.0
34052,0.0
34053,0.0
34054,2369.3058238956028
34055,0.0
34056,0.0
34057,0.0
34058,0.0
34059,0.0
34060,0.0
34061,0.0
34062,0.0
34063,0.0
34064,0.0
34065,0.0
34066,0.0
34067,0.0
34068,0.0
34069,0.0
34070,0.0
34071,0.0
34072,0.0
34073,0.0
34074,0.0
34075,0.0
34076,0.0
34077,0.0
34078,0.0
34079,0.0
34080,0.0
34081,0.0
34082,0.0
34083,0.0
34084,0.0
34085,0.0
34086,0.0
34087,0.0
34088,0.0
34089,0.0
34090,0.0
34091,0.0
34092,0.0
34093,0.0
34094,0.0
34095,0.0
34096,0.0
34097,0.0
34098,0.0
34099,0.0
34100,0.0
34101,0.0
34102,0.0
34103,0.0
34104,0.0
34105,1786.9802340845292
34106,0.0
34107,0.0
34108,0.0
34109,0.0
34110,0.0
34111,0.0
34112,0.0
34113,0.0
34114,0.0
34115,0.0
34116,0.0
34117,0.0
34118,0.0
34119,0.0
34120,9137.924978079021
34121,0.0
34122,0.0
34123,0.0
34124,0.0
34125,0.0
34126,0.0
34127,0.0
34128,0.0
34129,0.0
34130,0.0
34131,0.0
34132,0.0
34133,0.0
34134,0.0
34135,0.0
34136,0.0
34137,0.0
34138,0.0
34139,0.0
34140,0.0
34141,0.0
34142,0.0
34143,0.0
34144,0.0
34145,0.0
34146,0.0
34147,0.0
34148,0.0
34149,0.0
34150,0.0
34151,0.0
34152,0.0
34153,0.0
34154,0.0
34155,0.0
34156,0.0
34157,0.0
34158,0.0
34159,0.0
34160,0.0
34161,0.0
34162,0.0
34163,0.0
34164,0.0
34165,0.0
34166,0.0
34167,0.0
34168,0.0
34169,0.0
34170,0.0
34171,0.0
34172,0.0
34173,0.0
34174,0.0
34175,0.0
34176,0.0
34177,0.0
34178,0.0
34179,0.0
34180,0.0
34181,0.0
34182,0.0
34183,0.0
34184,3390.568062733415
34185,0.0
34186,0.0
34187,0.0
34188,0.0
34189,0.0
34190,0.0
34191,0.0
34192,0.0
34193,0.0
34194,0.0
34195,0.0
34196,0.0
34197,0.0
34198,0.0
34199,0.0
34200,0.0
34201,0.0
34202,0.0
34203,0.0
34204,0.0
34205,0.0
34206,0.0
34207,0.0
34208,0.0
34209,0.0
34210,0.0
34211,0.0
34212,0.0
34213,0.0
34214,0.0
34215,0.0
34216,0.0
34217,0.0
34218,0.0
34219,0.0
34220,0.0
34221,0.0
34222,0.0
34223,0.0
34224,0.0
34225,12401.435000990778
34226,5006.337476683565
34227,0.0
34228,0.0
34229,0.0
34230,0.0
34231,0.0
34232,0.0
34233,0.0
34234,0.0
34235,0.0
34236,0.0
34237,0.0
34238,0.0
34239,0.0
34240,0.0
34241,4747.2568368019265
34242,4203.395454159895
34243,6059.590155935106
34244,3929.3694146780226
34245,5897.093110658201
34246,3859.2590956577733
34247,6276.694237757356
34248,6100.28228627475
34249,0.0
34250,3397.929253385008
34251,6708.106330472759
34252,5617.259329782524
34253,4962.981942367759
34254,6222.796836945449
34255,4927.646380949535
34256,3004.551937370653
34257,6140.023516922089
34258,7859.477934156329
34259,8768.26252136333
34260,7637.113611243087
34261,6936.798412404215
34262,4019.836074883062
34263,5981.899550944294
34264,0.0
34265,7169.050788822746
34266,9314.13992437817
34267,7703.8920208192785
34268,5470.836454818253
34269,3439.5953660505747
34270,4110.738066459796
34271,6062.280213243876
34272,8125.010339451774
34273,5876.492680121639
34274,4910.610241288494
34275,5440.108787495619
34276,6397.7653898619
34277,2840.6248438117
34278,7126.2715785689325
34279,4436.10175387474
34280,6714.218166084036
34281,6305.639213951573
34282,3940.2799932929606
34283,6749.857527532575
34284,5263.553752507125
34285,4511.057446989037
34286,4486.0001693829145
34287,6398.0154990002175
34288,10553.892038148972
34289,5721.731529354707
34290,6092.351134523547
34291,7270.321311459912
34292,7995.609343217936
34293,6209.459714856968
34294,6560.664498166292
34295,2780.5555425799707
34296,3421.161768867258
34297,5110.113922033546
34298,5888.7366570158465
34299,8532.057057173926
34300,6964.9149931059665
34301,3837.490986774161
34302,6953.653318206219
34303,5049.048670196348
34304,6368.522879593169
34305,3221.011505597304
34306,10582.08935172202
34307,3923.1183900451133
34308,4289.274371060029
34309,6855.918547891535
34310,4801.758356449364
34311,5421.497353880843
34312,4238.899637639173
34313,5774.129203148762
34314,5113.355154888672
34315,5464.967054238772
34316,7336.931510057077
34317,7470.388977707273
34318,5452.344466333307
34319,3859.384171305361
34320,6562.221556164121
34321,11954.853617423678
34322,5362.200902753807
34323,3054.52298428113
34324,6560.60855381084
34325,5152.413358139911
34326,6140.973581728753
34327,7378.353057505903
34328,2807.0196662405588
34329,6986.650124130166
34330,5023.641007733855
34331,5685.440485139782
34332,5626.314834525034
34333,3609.49715381903
34334,5783.317195159959
34335,5651.675848455219
34336,6992.0138265825335
34337,6727.206972276849
34338,4291.456864919791
34339,4836.378476814366
34340,6476.279173807683
34341,5765.104332228178
34342,4101.357479004207
34343,5435.2960247289875
34344,5249.918803328237
34345,5774.8445522297425
34346,5529.526108581627
34347,3381.896112795584
34348,6049.253632654386
34349,5660.996967372402
34350,0.0
34351,7960.807053006174
34352,7604.100076467036
34353,5464.934601437298
34354,7434.051530095379
34355,4641.860130564758
34356,4505.694649338759
34357,7751.949364506899
34358,6382.410017417713
34359,7465.069252601137
34360,8734.191114127381
34361,7430.740042699208
34362,5745.243835219486
34363,6134.773986244709
34364,7438.174339779192
34365,4071.296258515509
34366,2591.535259366081
34367,5696.815685014547
34368,5192.186571388816
34369,5420.459189131706
34370,3804.138295167076
34371,6289.385010706624
34372,5494.734848359752
34373,5142.212205608741
34374,5608.00401662231
34375,3539.3725970053288
34376,6029.125758305803
34377,6879.955400673495
34378,4469.374050624621
34379,5739.43368427312
34380,3555.113679362705
34381,6447.157332726278
34382,3376.5268131924736
34383,4372.3348719402675
34384,4657.684632179522
34385,7405.205427859019
34386,4786.372754059135
34387,4681.48185031347
34388,10560.263721115602
34389,4757.62522759658
34390,5836.340197310796
34391,9981.143042036263
34392,6499.303009607157
34393,6947.962405141444
34394,6194.451891841881
34395,5775.301144586287
34396,5276.100556921958
34397,3800.592823362391
34398,5863.28758730272
34399,7645.6012381543715
34400,4606.380287643585
34401,3174.1982791630744
34402,2994.348521530537
34403,7069.842172452134
34404,7703.88535626888
34405,0.0
34406,6049.006355504397
34407,4937.898089349978
34408,3854.372291596701
34409,2370.078625931137
34410,3523.2719544132487
34411,5433.338212088874
34412,7033.936012254763
34413,5821.432940302095
34414,4882.488837028643
34415,8479.732621475732
34416,7783.453663817654
34417,7279.65858566579
34418,4896.492831040593
34419,7692.321582746721
34420,9330.997486745284
34421,4109.91217193585
34422,6183.866316037231
34423,5143.373428629146
34424,6147.298994674283
34425,3475.032117622651
34426,5706.2631824272785
34427,4922.831458045568
34428,7626.663130532682
34429,6229.120346340209
34430,7309.814437897942
34431,7100.947101699956
34432,5196.96191067728
34433,7419.071524063384
34434,18136.13022697682
34435,9118.036872989485
34436,4868.376551552725
34437,2994.0273907179558
34438,6369.182725930755
34439,7655.082541885231
34440,4004.9255407079445
34441,10091.95863177875
34442,16578.753774142784
34443,4191.148395464203
34444,3767.8334069417083
34445,9368.540595920154
34446,3882.2887716175255
34447,7288.700721994541
34448,3958.627769876437
34449,5418.147844570276
34450,4127.632126298081
34451,5596.862507622678
34452,6110.239945161659
34453,5291.926682179376
34454,8859.20243659377
34455,6047.116563433236
34456,5919.456674890824
34457,6609.962817147664
34458,4989.75447062706
34459,5440.972491901851
34460,7822.432192022648
34461,4880.542289091845
34462,5523.247372749566
34463,4714.425369969286
34464,4145.933557080303
34465,4237.3174255686
34466,5268.405429195233
34467,5336.998150402781
34468,8038.344346797501
34469,6537.8284734587305
34470,6516.55519948
34471,4554.828368234977
34472,4890.030582703047
34473,4689.977296786094
34474,5512.956159973548
34475,6238.712864341359
34476,3202.43761308998
34477,6654.00499947473
34478,6134.707009495799
34479,6028.2132046412535
34480,5670.511911873707
34481,5235.842709986622
34482,3572.540839095408
34483,3114.2149846074335
34484,8674.69931330645
34485,5299.42375096764
34486,5554.625948597431
34487,12227.89433819127
34488,7029.599677733723
34489,5303.920729638084
34490,5347.430738442079
34491,3488.402215136912
34492,4605.026810438138
34493,3474.71374472269
34494,4015.4648366850247
34495,7637.103520463253
34496,5284.864871571005
34497,10464.74135584831
34498,11346.404733120364
34499,5367.981217065703
34500,5457.90681345758
34501,4081.0534248345584
34502,5030.215810742718
34503,4816.976049385406
34504,9800.649866775688
34505,6402.033377713301
34506,7218.0565916241985
34507,4486.220623997448
34508,5380.65748093841
34509,6321.9360468140385
34510,7176.855638827827
34511,6490.309530396656
34512,4894.632881006605
34513,6403.964673786213
34514,5572.688066382796
34515,8467.391092873291
34516,7315.464741745784
34517,6509.34344471567
34518,7932.774291011946
34519,6544.812447529018
34520,8525.831769349375
34521,3259.412384695629
34522,0.0
34523,5885.388825529273
34524,8993.134492842344
34525,6092.818807691083
34526,7109.763661403203
34527,6697.469333568132
34528,7562.13662856145
34529,6005.506035531363
34530,6906.102447292387
34531,5698.484803756121
34532,3971.6617135818547
34533,11782.004904668262
34534,15794.45788827317
34535,6939.26404969335
34536,7055.520767801484
34537,7618.178964915528
34538,8416.228964772848
34539,7957.641592005954
34540,4657.273263993559
34541,5055.918806675286
34542,5776.752361548994
34543,7570.421890749132
34544,2874.094860801459
34545,5122.434152369424
34546,5631.799031997366
34547,4052.076288162257
34548,5156.586484880797
34549,3787.025651140716
34550,3472.5965584636515
34551,6311.629887169213
34552,2832.615694105902
34553,3950.5812860654974
34554,5527.59325262325
34555,5691.416626489675
34556,7857.7300586489955
34557,9570.466640653596
34558,6319.247829593536
34559,6891.078439774579
34560,6363.574724803183
34561,9133.383187340563
34562,5180.650908858829
34563,3424.4982790546046
34564,5171.857069154114
34565,9341.04564733013
34566,3809.9048215056805
34567,7134.35147475104
34568,3634.48118293915
34569,4119.02162924433
34570,6338.262995833377
34571,5098.633959404828
34572,5592.897345860152
34573,8178.641500671746
34574,8510.925431311014
34575,9325.70060288286
34576,4265.400078690054
34577,9313.921314492301
34578,2755.0785329489436
34579,4492.0173679824975
34580,6054.781415488539
34581,4057.335209750848
34582,7945.650016765257
34583,3360.6240240817265
34584,5024.884160475336
34585,6204.593198447859
34586,8815.558587770713
34587,8960.6599455045
34588,4500.153975571306
34589,3285.342007817924
34590,6464.600678657525
34591,7350.535410069871
34592,5490.758392291635
34593,5755.212020050537
34594,7578.4472399265605
34595,7992.480067283877
34596,5325.864925611399
34597,4651.469819558355
34598,6871.765280166776
34599,6046.588608915324
34600,11829.437427713401
34601,6793.515898157919
34602,12856.883792040417
34603,6195.202049798732
34604,5456.5919088045675
34605,2959.3551337163053
34606,5429.272454552983
34607,5591.304460883527
34608,5217.944328809247
34609,7488.85509101004
34610,5913.528737332075
34611,3258.351845039967
34612,6846.072243251873
34613,4530.038718264628
34614,6540.145575150599
34615,7253.878764386367
34616,5844.14480513935
34617,7934.47422356936
34618,5099.289255103471
34619,7127.327644034808
34620,4221.889438555835
34621,6463.980891614334
34622,6283.6574919255545
34623,4426.58142432753
34624,8842.326037139044
34625,6538.0442258120775
34626,3711.9993039345704
34627,4795.494220482826
34628,6802.674742100246
34629,5366.652138012999
34630,5021.562904925388
34631,6077.5602202545115
34632,4997.067038877579
34633,5391.1331530576535
34634,6289.040945543939
34635,9209.408194749416
34636,4804.343098706137
34637,4329.0458276210575
34638,5612.895069853737
34639,5676.128597001863
34640,3218.2304759199974
34641,4744.1192537375255
34642,8317.483966971597
34643,6430.01731803732
34644,9678.910057453077
34645,8285.91815984736
34646,7670.727087841098
34647,4411.225464731717
34648,4225.276732754301
34649,9707.052078000715
34650,7624.4525119742775
34651,6711.242356059712
34652,6264.100729337691
34653,6793.59574718376
34654,4700.300098164759
34655,3748.763669531717
34656,8581.478571469745
34657,6421.343118673971
34658,5813.7554805836135
34659,5040.995879421972
34660,2521.024078015248
34661,8095.110731947003
34662,6346.622180824125
34663,5183.436751196454
34664,3810.4096318806314
34665,5136.391516058883
34666,5389.213673431263
34667,5431.712039581264
34668,8158.064568692646
34669,4879.979075561611
34670,4201.974718786084
34671,3546.798515819722
34672,3111.634325154571
34673,5362.274088820108
34674,14968.289305126296
34675,3668.3705315947045
34676,5743.648828944726
34677,6036.249523208853
34678,3282.3014738497827
34679,4070.203429721703
34680,5502.334411721069
34681,3164.5851011127143
34682,8946.70508154147
34683,6520.385314318196
34684,2706.658789721034
34685,8005.504835803919
34686,2899.465658565653
34687,3727.0593603246452
34688,7414.194600508777
34689,7711.685806018558
34690,8141.546036175703
34691,3529.7578889819256
34692,5299.7079973338905
34693,4230.053035565636
34694,7103.583196036583
34695,14854.90175377606
34696,10642.227077211815
34697,5649.79385927695
34698,3425.9905448625473
34699,5762.45911772666
34700,4306.566876407582
34701,2871.74122886247
34702,8341.862954547381
34703,4199.794868258548
34704,5052.003158212731
34705,6989.9312931494305
34706,4591.480736979365
34707,4832.893328647278
34708,5634.774690493199
34709,7214.724187008993
34710,6759.653462196475
34711,3278.3899382599243
34712,4228.035018586624
34713,6449.094623381727
34714,8528.994553565102
34715,6383.879628219181
34716,6501.390636547401
34717,2696.253022589748
34718,7035.821796508185
34719,4641.665715684575
34720,2828.0951469970464
34721,5250.462589896526
34722,5310.123274368606
34723,4326.638029937584
34724,6219.377750658366
34725,5059.151903242085
34726,5560.817236550286
34727,6305.101263786281
34728,5909.146714168927
34729,7301.425742507981
34730,5178.309636958647
34731,8163.639748126865
34732,6030.864102347829
34733,3245.046074499404
34734,10161.738219591156
34735,3560.2729764994137
34736,3680.7139436465704
34737,6555.729800256995
34738,9301.328922596433
34739,8802.421353362042
34740,4112.301456401949
34741,4564.023810055439
34742,4740.043979612681
34743,6229.82375070188
34744,5506.874504918898
34745,7336.538720302739
34746,2384.504863145784
34747,5530.796195223442
34748,5317.452872247524
34749,5111.012351247045
34750,3390.312949582708
34751,6678.752023414098
34752,6951.386166788668
34753,4091.321833516068
34754,7045.363482671612
34755,7405.3687052925925
34756,7269.585641870123
34757,4655.588080142017
34758,0.0
34759,4161.575601539772
34760,7385.345736850999
34761,5509.16883435314
34762,2809.3456642722
34763,7884.27319206797
34764,6695.875970929724
34765,6652.9668105081955
34766,5518.708285814215
34767,2816.5331760075787
34768,8107.603500796916
34769,4065.703437227621
34770,7993.81686384084
34771,5472.935454312966
34772,4687.53912449262
34773,7825.850798072182
34774,4940.110137037392
34775,5207.290944742675
34776,6438.562556934491
34777,3868.7063825486075
34778,6094.651985999914
34779,9740.318639090836
34780,6625.582238228668
34781,3234.0982107195873
34782,5357.625956784265
34783,2736.840753084842
34784,2258.7020902186123
34785,6908.215282579123
34786,4863.556355485652
34787,5943.596460481306
34788,4149.100452239492
34789,5777.025318220697
34790,4626.5561135887565
34791,8010.151180457847
34792,5109.387000859827
34793,5384.936441358123
34794,5296.48608592728
34795,5976.473008866273
34796,5469.491348771529
34797,5010.387534478111
34798,7193.4662026775795
34799,9206.340460554147
34800,6566.686259643086
34801,6844.717176056545
34802,5601.658036071535
34803,3128.9022425644175
34804,5114.056203411091
34805,8993.917302728409
34806,6200.291227161057
34807,4638.881877632636
34808,13805.056178188412
34809,4970.332024755779
34810,4997.218047744591
34811,4421.174429067766
34812,7563.201273905655
34813,10490.96380491476
34814,6178.504669917584
34815,7189.271673287842
34816,7585.925970274497
34817,5469.048422254985
34818,6552.789118584951
34819,4924.022753264855
34820,3932.3019510795875
34821,4727.461623929864
34822,3241.122729986593
34823,3566.113463137746
34824,7516.576368233928
34825,17418.91990620974
34826,5558.341535403198
34827,2903.410037501398
34828,5698.570408243542
34829,4244.0374449952915
34830,6078.253752043305
34831,2058.075754062571
34832,5786.32719276479
34833,5914.645467073768
34834,4386.578437739103
34835,11108.681371972287
34836,11458.443058789493
34837,5128.414380206167
34838,4124.623497757303
34839,3802.1422420634917
34840,4992.443642707652
34841,4548.7590320152685
34842,7659.982151298809
34843,4009.3667080162227
34844,4976.428979733175
34845,4101.507264683546
34846,5848.980562974765
34847,4548.045355751827
34848,6311.331780912235
34849,2555.9740314858686
34850,7135.473927198498
34851,5568.308996423848
34852,6431.351930578509
34853,4647.405896081391
34854,3629.4200121490962
34855,5407.66442529796
34856,3511.6942404606866
34857,8258.203722012277
34858,4805.65576881666
34859,3770.609388942012
34860,5634.157242116309
34861,5037.5429875410055
34862,5281.66972980037
34863,4979.817926936593
34864,5596.029006892698
34865,8076.955654673237
34866,7179.665390036679
34867,5802.454663380289
34868,4223.169662312194
34869,4306.274881052748
34870,5570.9065056645095
34871,5173.230505048223
34872,5106.067914911434
34873,5039.465701992088
34874,9441.048834988853
34875,7208.821122850426
34876,4041.5601170058367
34877,4186.624102312963
34878,4697.404337096424
34879,6866.360795815272
34880,5197.237023498479
34881,9127.75555050265
34882,5873.032057095752
34883,5183.129606205389
34884,3772.9745789652848
34885,2834.5381362935236
34886,5491.425894875325
34887,20010.67651833076
34888,2261.578218051697
34889,4600.374555059245
34890,6771.872804005666
34891,6696.121765340508
34892,5864.346101373185
34893,7269.896844978454
34894,5284.209472545253
34895,5271.576026132085
34896,3361.651044512196
34897,6815.120609588013
34898,3749.655272391457
34899,5256.942111679527
34900,6172.914501638257
34901,3840.9328319382917
34902,6780.623434972645
34903,6642.337091935462
34904,4122.862196127122
34905,7174.900467646797
34906,6413.85337841982
34907,2507.78121917962
34908,6876.470575222283
34909,6055.803541166703
34910,4579.79276439392
34911,7793.842879721845
34912,6195.79856118748
34913,6780.776353421976
34914,3998.0735466104234
34915,5641.17015048894
34916,4535.064662519437
34917,3722.2212669616265
34918,6515.6992233178335
34919,3058.6680090694035
34920,5505.512226541517
34921,3417.3700523652624
34922,5890.841125982129
34923,5133.5007284561025
34924,4723.471486763568
34925,5858.814345937567
34926,7072.480423763233
34927,4885.48220753797
34928,6744.014718864924
34929,5472.529772745638
34930,6341.618711088147
34931,7900.39116151183
34932,6427.801246662273
34933,4508.699867065729
34934,4441.5882375981855
34935,5327.56352044388
34936,3790.3055687226806
34937,10641.021282453205
34938,5607.746233626018
34939,6128.34136743625
34940,8930.234505491886
34941,6407.278025955661
34942,2810.5499973209157
34943,0.0
34944,7548.817108222561
34945,6054.7678817144115
34946,7030.717407169642
34947,8344.900601053612
34948,6495.148187546746
34949,5433.0345090473875
34950,4766.970005712614
34951,0.0
34952,4275.9417000272115
34953,7172.080102006266
34954,3514.5961622486634
34955,6924.639188869791
34956,6983.584458199737
34957,5722.030149527048
34958,6746.761006687974
34959,4952.745320634999
34960,7428.195964680662
34961,3207.7867012941633
34962,4810.321580593583
34963,4783.53440672005
34964,3735.274326859612
34965,6187.328867453049
34966,6150.830872905244
34967,6375.7936393663795
34968,5802.9399234623
34969,4029.9101998294564
34970,6110.564808673588
34971,5863.0106599284445
34972,6706.191414138627
34973,3214.776433530206
34974,4003.860025605475
34975,7685.171477346756
34976,6292.100148555877
34977,3872.543641050323
34978,7381.6582248121695
34979,6294.281624136929
34980,5878.854738222072
34981,4594.721527411161
34982,2168.696354721856
34983,6215.509480651574
34984,6018.833889928226
34985,5814.479428100485
34986,8017.975858100924
34987,7049.9344696824355
34988,3590.4544629359816
34989,6774.464098353993
34990,2720.6077812114913
34991,1964.137870119107
34992,6274.763830160002
34993,9377.41644194307
34994,5994.393112216369
34995,5258.115199677126
34996,2923.828449930926
34997,4865.495957968441
34998,8578.775104496392
34999,6399.221572111667
35000,8063.77750354528
35001,3273.8329080460476
35002,4627.360267329641
35003,3107.668261076804
35004,5057.243356841943
35005,3895.2259696259707
35006,3031.735038874883
35007,5064.783194298693
35008,2681.673556113542
35009,5665.086529387899
35010,5600.00332375296
35011,4934.904744977538
35012,4531.8571369902875
35013,6943.136640390141
35014,4590.00580060398
35015,3929.030733407663
35016,8792.203924598945
35017,7376.508091325215
35018,5858.321157605589
35019,2469.022491760584
35020,6541.503034973034
35021,6727.840329712867
35022,4867.2544809037645
35023,8355.370040219854
35024,9944.8433538733
35025,6054.4699307475985
35026,5872.806770805405
35027,5571.555847101986
35028,8823.888598460147
35029,11404.376019048905
35030,3920.4395630495205
35031,4321.862628424901
35032,5676.425966745998
35033,6115.49459457179
35034,5163.89462280737
35035,8447.057913713199
35036,6124.624599004511
35037,5414.60197588357
35038,3113.126675239054
35039,5493.660313309478
35040,5557.504389886944
35041,3200.8145477461094
35042,6667.7469951984285
35043,2960.303799586539
35044,6851.453273631278
35045,6288.981305034267
35046,5371.416003374748
35047,6874.052803686208
35048,4203.534534743727
35049,4639.082824148605
35050,6121.293240497677
35051,5824.5088838693755
35052,7375.78671731965
35053,5856.282306933936
35054,6661.357658861314
35055,5498.93129688749
35056,3246.1606280909855
35057,8554.805255464064
35058,3182.0658184796475
35059,10035.01578856065
35060,5510.445891579156
35061,4936.675079379441
35062,6344.771310196133
35063,4129.906235776145
35064,4924.848715071685
35065,6680.855924285939
35066,3365.7609501196293
35067,2756.5396751853377
35068,6197.07273943313
35069,6222.716445555134
35070,7924.311664501557
35071,5871.788232393713
35072,5264.510816395385
35073,4648.992545778814
35074,6282.14859600144
35075,3928.8972835887243
35076,9683.906934151311
35077,6327.815521150759
35078,11434.090061687695
35079,4758.252969712706
35080,4642.812869087075
35081,9589.63357583644
35082,6557.377998659907
35083,3065.0051746456134
35084,8917.922684152938
35085,5329.821380169916
35086,5299.791406541468
35087,5440.991883814039
35088,5321.687444099558
35089,3742.5359897025246
35090,4816.801988070346
35091,4271.265951790053
35092,3422.75257019598
35093,7860.022657570492
35094,5731.831955368958
35095,21417.33060286252
35096,7021.320335032318
35097,5877.9277797384775
35098,8287.732256328669
35099,10088.056629273226
35100,6671.205462879991
35101,7625.3661366681945
35102,6025.545646034277
35103,8461.806760172654
35104,8563.124146867749
35105,6285.858046413941
35106,6177.339354632865
35107,8008.917651323352
35108,7739.12313063579
35109,7372.9626707377265
35110,7910.2421804636715
35111,6695.665387622007
35112,5706.199616127283
35113,7504.985036268616
35114,10343.045140803899
35115,11046.567491624259
35116,10794.232507878478
35117,7903.696105518738
35118,6723.829892554611
35119,7162.670222569235
35120,5485.833679069971
35121,8899.188763171993
35122,11835.866434495747
35123,9430.516200594124
35124,6489.929032786458
35125,6177.251127308994
35126,5673.667307014273
35127,7068.2556363063495
35128,10706.554835447409
35129,7706.312208352623
35130,6151.546307777937
35131,6913.498239848731
35132,8426.606818616387
35133,5021.312640516892
35134,8215.00513410932
35135,5500.340889135713
35136,8671.431376882834
35137,7513.552985082029
35138,6418.308313763429
35139,7718.9168370437765
35140,7593.626048619772
35141,5851.652810736945
35142,7446.439895731226
35143,7452.194429697561
35144,12923.860192726781
35145,6977.7881370769555
35146,8922.906555936423
35147,8581.545745780819
35148,9584.266691338182
35149,7463.717692721677
35150,10209.75504000532
35151,5754.369457954445
35152,5619.380501564872
35153,7150.139540611947
35154,7281.968454901092
35155,10116.867282015348
35156,8044.977408557405
35157,6122.926814753204
35158,8006.833804507981
35159,6801.011869866202
35160,10719.062851805698
35161,5142.064048630549
35162,12730.946183131939
35163,6029.068096098868
35164,6526.57533140557
35165,8757.887318141284
35166,6193.498246693762
35167,7080.337502994705
35168,7584.685949188316
35169,7948.801842193799
35170,7263.08767527043
35171,6365.343664769764
35172,8300.967179297766
35173,8573.016825132194
35174,7606.076583274288
35175,6251.25505827051
35176,7685.223739670872
35177,12257.183991491913
35178,6955.062855565943
35179,5347.880164184517
35180,8006.484330202055
35181,6540.114947781344
35182,7260.485706660781
35183,7725.271164037431
35184,5185.404074143018
35185,7954.482836026568
35186,6831.440054693432
35187,7485.6365343331545
35188,8202.037083359877
35189,5551.419029224468
35190,7718.700235782653
35191,7344.539826833353
35192,8447.251511349825
35193,8978.79504387581
35194,6067.244141490957
35195,5797.0032310237175
35196,7687.840606786231
35197,7201.5519083250665
35198,6341.857000006426
35199,7582.1194426209395
35200,7788.017467406617
35201,8193.332495344925
35202,7026.907936132011
35203,5639.829947791961
35204,7056.301427689794
35205,8854.651090339245
35206,8698.536369224312
35207,9774.973586060141
35208,8778.363815376722
35209,6894.865439822973
35210,9044.02637751505
35211,6788.399428539532
35212,10862.319073407341
35213,9339.224058021611
35214,7283.657365837383
35215,9873.84124029246
35216,9497.48597982822
35217,8648.72673976481
35218,7265.512780251753
35219,8429.918952950002
35220,8765.470264213896
35221,6708.90350910278
35222,5217.60838449181
35223,6772.227300110941
35224,7953.084406578535
35225,6719.343170366952
35226,6166.091600334135
35227,8641.327804877095
35228,7103.622946681766
35229,7456.73613603801
35230,6584.332607283914
35231,6065.722202822921
35232,7838.421881989996
35233,7876.581307391345
35234,7588.890175720112
35235,7098.927152021184
35236,6151.140094633867
35237,7512.811002650024
35238,4914.391715817969
35239,6481.1248302635695
35240,6403.315484384117
35241,8474.28209711562
35242,7191.390682144601
35243,6489.5829002887895
35244,11203.346031268142
35245,6433.56383090579
35246,7840.517418458911
35247,10552.48746398038
35248,7426.102200991446
35249,7999.93248750714
35250,8394.220423090588
35251,7408.707308451408
35252,6285.046747998747
35253,6260.535772323065
35254,8053.900450885714
35255,11084.821334959717
35256,6724.5003872215175
35257,4453.00588084612
35258,5898.58135678969
35259,8411.302270122871
35260,8712.37539220785
35261,7420.865881773119
35262,8196.544699304714
35263,5642.522744729024
35264,6374.9502520721
35265,4016.671567622436
35266,5690.741673733319
35267,6900.96203378722
35268,8011.162512253146
35269,7500.781530824092
35270,6812.978734034371
35271,10006.263228362559
35272,10794.00104682807
35273,8262.822870793994
35274,5892.3609484626195
35275,9532.509191756923
35276,11905.495153944212
35277,6411.547461184532
35278,8539.206719116462
35279,5961.18344242076
35280,6794.930218863427
35281,4739.443898069178
35282,7970.356572909734
35283,6199.460910438455
35284,8989.682989602688
35285,7157.417769906176
35286,9299.510832761445
35287,8858.983066976554
35288,6493.841882304928
35289,9151.962606149042
35290,20165.257449546934
35291,12618.421711780553
35292,6992.086536986146
35293,4188.1378762433915
35294,7257.416236725409
35295,10156.571966864896
35296,6671.165464278192
35297,11652.467190546458
35298,18539.553277686806
35299,5631.868899214273
35300,5589.380255582317
35301,9279.421986010757
35302,6042.624252833945
35303,10397.10996623555
35304,7543.207646831472
35305,7613.7507005317575
35306,5529.706573801377
35307,7732.96299671812
35308,7672.492805522484
35309,7642.704294835431
35310,10139.918799130015
35311,7303.090990640959
35312,6757.921779232078
35313,7924.236186176522
35314,6098.039820837661
35315,5888.483537665365
35316,8370.245202565655
35317,6346.935993768648
35318,6828.523884114252
35319,7703.892471181758
35320,6143.603195561268
35321,6432.338817502697
35322,7093.63917082399
35323,7484.368729167711
35324,9018.907791770922
35325,7810.171220421748
35326,8300.9733672644
35327,6457.167667254913
35328,5310.516317516466
35329,11037.519822183633
35330,7344.422620611445
35331,6997.046316768121
35332,5465.329395134059
35333,9812.599456803631
35334,7960.0743450029195
35335,8091.284150125345
35336,7433.268491062512
35337,6657.65556645206
35338,5963.469858981092
35339,5471.031040911095
35340,10544.918533415743
35341,6392.706288235798
35342,7910.761344853836
35343,15357.614106804813
35344,8085.598091607272
35345,6962.694111765728
35346,6429.927168967032
35347,5842.76968780643
35348,7713.441631782163
35349,5285.395380336139
35350,5802.085741153284
35351,10507.697461752414
35352,6334.828955105261
35353,15636.882841322351
35354,14560.546575401453
35355,6169.15781848323
35356,8072.723441698684
35357,6387.46575953752
35358,7400.743216760498
35359,6393.156531469607
35360,10796.658398422918
35361,8193.058699419755
35362,9964.891443527802
35363,7140.6818089287835
35364,7795.071795389846
35365,7336.0617717602745
35366,9909.414736111206
35367,8258.789268539475
35368,7140.975524124444
35369,7329.485517849065
35370,7226.244019203511
35371,9457.811313993427
35372,9647.23232005391
35373,7474.528983590093
35374,10456.89297176314
35375,7506.402642067193
35376,10903.149888874503
35377,5672.886419469406
35378,6471.9083712204365
35379,6858.491237173444
35380,11789.695447526185
35381,7337.414883313983
35382,8704.740377605603
35383,7923.423634371681
35384,8914.969145352456
35385,6988.435331374911
35386,9036.629111364857
35387,7337.45382764502
35388,5344.898025865506
35389,14712.312943241592
35390,18493.388612933704
35391,8148.779436422208
35392,8095.284880764228
35393,10176.068287253776
35394,11102.117083512785
35395,10664.091158656602
35396,7227.8050116496015
35397,7700.097624080737
35398,6782.678952673352
35399,8881.577626995388
35400,5193.6300156566185
35401,7072.0537591681095
35402,7018.226574830785
35403,6366.656709482591
35404,7709.652456338116
35405,6084.0717699599745
35406,5917.616932105234
35407,7555.8900788557585
35408,4839.87300771869
35409,5758.124620990374
35410,6948.068302444672
35411,7823.463198340479
35412,9250.00088197012
35413,10027.57535972665
35414,8349.78850958556
35415,7847.917080843719
35416,7378.15873773597
35417,10482.936056724842
35418,7374.4904649327855
35419,5780.392249028297
35420,6528.963987964016
35421,9491.696872763074
35422,5542.038255247472
35423,8298.277462419104
35424,4251.623505228746
35425,5760.51496682459
35426,8985.267295937043
35427,5769.769907761127
35428,7100.934618119481
35429,9365.283475985108
35430,9593.797851195142
35431,11461.366118924961
35432,6647.827018984944
35433,10609.851289282382
35434,4681.567517171248
35435,6165.481556206336
35436,7015.187280943957
35437,5620.577458535528
35438,8620.442723263066
35439,5991.476514757727
35440,6655.844371789138
35441,8652.2345840335
35442,11719.689169301126
35443,9018.057466141605
35444,6541.793756772314
35445,5771.149797075792
35446,9452.866629053344
35447,8378.847662806762
35448,7275.373336600575
35449,6793.595881461649
35450,7729.450936035003
35451,10854.97016048003
35452,6021.464561081951
35453,6942.015284549337
35454,8194.005041355056
35455,8574.653139715116
35456,14004.334552734228
35457,7248.445155127907
35458,13299.893668141938
35459,7672.006979369082
35460,6411.0663210616485
35461,4431.325828362574
35462,7324.7410597169965
35463,7078.886181710092
35464,6595.846526506583
35465,8044.9975657590285
35466,6816.639833479097
35467,5580.503989710252
35468,7925.161715550519
35469,6357.804576322138
35470,8438.2673276411
35471,8297.700613040097
35472,8229.766597800508
35473,9511.365738047492
35474,6609.788030198056
35475,9046.008574325262
35476,6170.187243397346
35477,7549.424084716096
35478,7110.608573944646
35479,6693.047356460014
35480,11218.336452565045
35481,7415.736290929547
35482,5628.198296159115
35483,8199.37568268361
35484,9252.026682578105
35485,7949.598842524871
35486,7336.373447883204
35487,8380.788854562345
35488,6687.1640549066915
35489,6976.598444783068
35490,7570.927415047816
35491,10022.076517696563
35492,6782.86461764184
35493,7085.1050030577835
35494,6894.172476125509
35495,6501.055454441323
35496,5511.015967735217
35497,7019.477858481768
35498,9012.367342772137
35499,8886.266397650474
35500,10930.723041983285
35501,12585.659799027448
35502,8909.829118290389
35503,6587.4302656773425
35504,6230.3091026184475
35505,11191.938967943373
35506,9458.986224171807
35507,8598.656431711543
35508,8738.953517955058
35509,9245.715290196273
35510,6727.553283256721
35511,5919.510924843537
35512,10459.5355774504
35513,7549.875886353686
35514,7923.5913497773545
35515,7010.3483399214665
35516,3769.9846079739905
35517,10794.55048372276
35518,7594.790493962896
35519,6585.657749145334
35520,5402.335134427895
35521,6549.850310367129
35522,7274.844773416104
35523,9433.813476400259
35524,7537.108204861063
35525,5396.498945447264
35526,5771.817805134128
35527,5201.097681960175
35528,4868.244726971966
35529,7984.829985403467
35530,17439.688033480637
35531,5551.9830610174085
35532,6458.276239736415
35533,7367.1245044974
35534,5730.290321880392
35535,6359.079024325019
35536,6572.801136542006
35537,5200.066188471979
35538,8260.454770029453
35539,8374.937091299327
35540,5068.637923356902
35541,9261.394227744002
35542,5774.4397063106435
35543,5830.247742307423
35544,8689.362215380426
35545,9253.741525488404
35546,9703.570656970654
35547,6432.561583006352
35548,7634.213979543482
35549,5635.091320007068
35550,8329.745563346787
35551,14453.092782200529
35552,11424.320424525562
35553,7243.738233189638
35554,5179.539786510175
35555,6326.584042240442
35556,6627.290210612409
35557,5294.224492788952
35558,9759.435925800177
35559,6110.218745539876
35560,6126.543547250395
35561,9685.689104699935
35562,5856.736765479215
35563,6716.700423953157
35564,8200.237768423534
35565,8377.204642325223
35566,8441.046764791654
35567,5221.0255807276635
35568,6489.695639605087
35569,7770.214625087168
35570,10106.758380608346
35571,8870.025147285656
35572,7643.622039239293
35573,5526.9443488823445
35574,7232.241131990184
35575,6362.072661457137
35576,5382.681066887624
35577,8160.197494475366
35578,7675.660795971358
35579,6741.714058460311
35580,7332.742255258683
35581,7036.275246984287
35582,7326.939945084728
35583,7144.504592979128
35584,7165.681176081856
35585,8269.833932682308
35586,7088.336028600354
35587,10095.733960929752
35588,7206.72175990019
35589,5699.590111755098
35590,11771.287294274269
35591,5801.065365470651
35592,4757.561496000222
35593,9119.144870995508
35594,9720.908324871221
35595,12195.703664833465
35596,6001.73886205928
35597,6782.143490849143
35598,6701.954986424072
35599,8157.990362599966
35600,7028.473698814073
35601,8606.110014003618
35602,4367.372881098447
35603,7440.977390494889
35604,7015.249408985067
35605,6627.142400887566
35606,5871.926278476817
35607,7848.996035852047
35608,8852.583656489252
35609,6260.50985240505
35610,10038.804179211495
35611,8487.244965220798
35612,8613.147737042058
35613,6320.0723038752485
35614,7525.911621239839
35615,6609.527378969152
35616,10949.939293836984
35617,8124.647785863292
35618,5270.62343351811
35619,8871.25049382307
35620,8420.794556982206
35621,7798.441927599873
35622,6340.0830512371995
35623,4722.988925094942
35624,8923.03421905517
35625,6893.7866560218345
35626,9271.493048292139
35627,7841.9820926058
35628,6412.705262746218
35629,9210.77094126898
35630,7467.200169469841
35631,7446.435265898434
35632,8123.4619684100535
35633,6295.822684860078
35634,8437.568693227586
35635,11239.308423791104
35636,8858.319594293738
35637,5350.646435127659
35638,6856.8672967494185
35639,5467.370368497913
35640,4020.903247932699
35641,9689.805413367716
35642,5767.261553609418
35643,9381.147731654137
35644,5577.684864428848
35645,8454.004557147307
35646,7388.65221963501
35647,9906.868751011576
35648,6413.411902529448
35649,6589.089517726209
35650,7002.960457647923
35651,8402.42965348545
35652,6701.164037613029
35653,8620.294210282756
35654,8959.676842903484
35655,10282.73699566983
35656,7877.14552200837
35657,7995.865341122537
35658,7005.342108766722
35659,5231.226659089105
35660,6703.823713719505
35661,10797.480804936584
35662,9731.316568100252
35663,7366.021530717684
35664,15195.75302541495
35665,7150.2258381055835
35666,6416.4545920726605
35667,7002.823578518188
35668,8763.022224271977
35669,12090.391366440634
35670,7706.175177778568
35671,8570.357589294612
35672,8680.073034067032
35673,7406.6694606867195
35674,7844.597146378487
35675,6187.804513401585
35676,5716.556543883645
35677,5825.458041718276
35678,5045.499856669854
35679,5924.495638400528
35680,9228.331556318959
35681,16567.474082537767
35682,7043.425586666463
35683,5824.9778261616
35684,8077.057087679762
35685,5213.144583897363
35686,7424.628147575476
35687,4260.511968683421
35688,10021.246993281156
35689,6818.9441187426855
35690,6937.252744281587
35691,13946.267644008552
35692,12163.29558745747
35693,7054.554423810952
35694,7373.742279562677
35695,4443.293098323508
35696,6401.962850636767
35697,6217.2535360652455
35698,9037.531561551
35699,5900.9969721014195
35700,6006.721734959646
35701,6204.98371418991
35702,7159.780759652139
35703,6722.7861595484355
35704,7688.899148716775
35705,4261.028531747027
35706,8226.047615365438
35707,8104.28664867578
35708,10835.670879834735
35709,6106.558072138599
35710,5401.6946637349
35711,7906.143041728989
35712,5269.129819057513
35713,9668.763681184186
35714,6104.240312264426
35715,5970.684290015195
35716,7515.2046860706505
35717,6584.410303157191
35718,6463.031181125923
35719,7684.23379953125
35720,7483.428081823999
35721,9957.009143884216
35722,10342.004598764439
35723,7048.645614775169
35724,5178.274225362183
35725,6751.168464430798
35726,6730.328744607585
35727,6651.327459615127
35728,6899.50619521472
35729,6647.554436355888
35730,10942.566942540778
35731,8639.912003895299
35732,7085.8339658048735
35733,7469.972120315329
35734,6570.636757084993
35735,9424.58687540967
35736,7001.492138776282
35737,13237.367115397055
35738,7564.212367681231
35739,6373.051509893648
35740,6149.530791886097
35741,4941.232137083677
35742,7894.355943050029
35743,19107.345391594437
35744,5028.9066271610145
35745,5587.793616137937
35746,10354.017275634995
35747,8333.349109493987
35748,7179.152814584362
35749,8435.448166232203
35750,6586.601763622887
35751,6102.202547315333
35752,5219.877225102567
35753,8843.091611288852
35754,6514.11916119301
35755,7073.73039662983
35756,7385.418708097504
35757,5740.19401329516
35758,8526.083779262783
35759,7652.254508040995
35760,5379.010456864024
35761,9422.264519241062
35762,9444.53654884798
35763,5312.038930424997
35764,8158.838841020748
35765,7626.4448248606395
35766,6095.00389225851
35767,9098.326909853258
35768,7068.346812511217
35769,7983.09510719031
35770,5953.8792343911055
35771,6576.588090669698
35772,6999.075528339186
35773,4983.136333757691
35774,7972.810311821169
35775,5385.778639857605
35776,6490.297403685344
35777,5901.4686468079735
35778,6807.6476255554035
35779,6533.832534180733
35780,7452.673600746679
35781,8190.649508509206
35782,8387.35035242472
35783,7297.454746541405
35784,7314.095033678766
35785,7418.9463594502995
35786,8977.75987674369
35787,9357.50225001515
35788,7726.36590727739
35789,5564.526221785994
35790,6689.826193250036
35791,7078.288106788969
35792,5513.672195922185
35793,11725.949206652498
35794,7112.964425911955
35795,8126.134108042773
35796,11269.713358446217
35797,6826.9367604875115
35798,5245.175403798616
35799,13555.94685910338
35800,9905.644191323843
35801,6944.1941144301145
35802,9185.48985146532
35803,10252.803976809315
35804,6968.021587566174
35805,6733.957842224251
35806,7349.773256621255
35807,6823.011672671113
35808,6437.177072390273
35809,7863.4196332397805
35810,5865.072716728104
35811,7468.64368986973
35812,8532.90624868861
35813,6983.270937322134
35814,8458.688250354284
35815,6659.78952998606
35816,7605.70915015325
35817,5090.402852504418
35818,9025.233973633152
35819,7301.318862537279
35820,7069.947705060902
35821,7314.896154577542
35822,7688.864148864588
35823,8879.31572178091
35824,6970.443129175645
35825,6345.445208193231
35826,7912.186392088483
35827,7508.091404682865
35828,7532.126003663163
35829,5540.2378097433875
35830,5398.391387731731
35831,8432.849838642564
35832,7176.755417954914
35833,6392.9058755521255
35834,8604.755951053668
35835,7091.775674074722
35836,7241.230323830901
35837,5754.761534986624
35838,4713.245753708523
35839,7993.698670676044
35840,7440.886464689027
35841,7734.365424913379
35842,10313.517858581514
35843,9199.562599972078
35844,5448.420778085107
35845,8905.061190424156
35846,4790.832560622599
35847,4276.501236466854
35848,8003.535357751535
35849,12089.245284005985
35850,8976.488502042257
35851,7935.824469333596
35852,5572.521579934341
35853,7559.210952986507
35854,9844.879618520037
35855,7726.107767322345
35856,9182.030074989854
35857,5775.75880012698
35858,5056.510289426218
35859,5771.644443612171
35860,6276.230735067608
35861,6631.724034984801
35862,5577.645698254492
35863,6799.559415019163
35864,4925.74547658515
35865,7265.432380192849
35866,8350.858304646887
35867,6242.5802396368235
35868,7058.856341317513
35869,7805.5051203862895
35870,5856.918354714954
35871,6053.943550548007
35872,9807.544336613248
35873,9391.992193275913
35874,6967.135481998057
35875,4876.810731047468
35876,13060.393841917832
35877,8273.13703206985
35878,6274.684960885218
35879,10350.442376165693
35880,9532.063840849138
35881,7649.523734687234
35882,6903.100400204799
35883,7476.309804293333
35884,10204.610600628333
35885,14219.733134097982
35886,6410.429632763849
35887,5499.212348558843
35888,6589.040225528799
35889,7404.132569353204
35890,7326.466635997897
35891,9101.135870647804
35892,9175.378397621913
35893,6924.7984192432
35894,5402.196766037903
35895,7269.21919597332
35896,8687.639056097925
35897,5971.782544143076
35898,8119.709671923691
35899,4750.43225825738
35900,8896.177013011884
35901,9024.188390753534
35902,7594.896484135846
35903,8966.027364876436
35904,6853.742584846769
35905,5834.740187506725
35906,7067.470055580996
35907,8046.1063600345
35908,8635.768721226228
35909,7786.659680616537
35910,7799.300545201742
35911,7511.219946037202
35912,5666.526616829621
35913,9733.915396632523
35914,5247.256142371632
35915,10857.019742809072
35916,6917.909118096627
35917,6030.262434006636
35918,7613.42361666742
35919,6797.260385888595
35920,7968.12736722746
35921,9133.942985261763
35922,4627.6079349990905
35923,5121.164612005514
35924,7735.814027002518
35925,9957.533282274102
35926,9274.87207703591
35927,7105.449024590378
35928,7099.648473056396
35929,7613.5656342514585
35930,7526.159031672578
35931,6402.099332310185
35932,10926.624324407607
35933,8969.954186351546
35934,12488.11889597795
35935,5477.149468511372
35936,6327.053692362745
35937,10296.696314565725
35938,8212.800234537835
35939,5682.610848540255
35940,10883.48904692624
35941,7093.024145373192
35942,6737.485210266474
35943,5867.742468538645
35944,6517.678519392475
35945,5933.077100347566
35946,7186.117670278031
35947,5430.019561953656
35948,5847.688832778577
35949,9826.330277443052
35950,7407.178370472782
35951,21802.249708828203
35952,8068.481895354177
35953,5674.899619103841
35954,8326.208975200345
35955,10261.984652994423
35956,6714.279996029841
35957,7742.573698031934
35958,6068.620179184127
35959,8519.632027728736
35960,8708.944572785038
35961,6123.909433229196
35962,6242.437483994936
35963,7870.085530910999
35964,7893.731745594202
35965,7527.571285696138
35966,8096.854231227049
35967,6639.86801665068
35968,5769.755890870011
35969,7524.502118563794
35970,10378.846812147754
35971,11278.784625551993
35972,10911.492852873305
35973,7999.07348105348
35974,6819.846973539194
35975,7075.393029317092
35976,5492.333128097895
35977,8873.503200142952
35978,11748.684295417677
35979,9469.911312241298
35980,6380.296473822543
35981,6294.511472303835
35982,5733.109303876929
35983,7024.5470690555185
35984,10875.878131138472
35985,7460.577422733763
35986,6007.919590904779
35987,6789.024995624874
35988,8374.498660266376
35989,5033.57099156351
35990,8073.74310655291
35991,5379.979494199142
35992,8524.960983858336
35993,7455.369771053965
35994,6413.923047647171
35995,7648.2181482415535
35996,7741.60393873715
35997,6093.992935528795
35998,7421.255439703197
35999,7683.896639466808
36000,12764.830514448635
36001,6725.36653397143
36002,9160.267001966213
36003,8693.931921792231
36004,9745.537307842798
36005,7406.9068194246065
36006,10055.28095177552
36007,5903.358031431744
36008,5783.874627896032
36009,7191.774988661736
36010,7047.698860280847
36011,10226.07156500533
36012,8022.0491352986155
36013,6111.61971496826
36014,7855.040565734005
36015,6848.181878619569
36016,10762.948733244211
36017,5230.805882406364
36018,12803.331667282742
36019,6215.167317630687
36020,6573.745340158937
36021,8922.356818381415
36022,6243.2046413466405
36023,7055.328874982665
36024,7697.839101023305
36025,7871.3456617492475
36026,7052.1652376622615
36027,6343.281877757924
36028,8100.3389277628985
36029,8429.491522933446
36030,7749.302819504176
36031,6323.640542421326
36032,7792.023664279809
36033,11785.141244588187
36034,7203.08967924408
36035,5737.992114770881
36036,7764.004249374114
36037,6646.914872390281
36038,7059.1565848317805
36039,7628.91686303952
36040,5275.687762538174
36041,7834.8632130920705
36042,7095.9831145853495
36043,7351.204047363347
36044,8335.9513800239
36045,5679.462217843664
36046,7631.030678359629
36047,7179.533137370578
36048,8304.40164256085
36049,9029.878389388841
36050,5992.434250098067
36051,5736.039356082359
36052,7641.7420657649345
36053,7036.036693200767
36054,6716.428599904377
36055,7748.770896739372
36056,7894.817392015553
36057,8207.185261312945
36058,6940.460822257704
36059,5773.380496409595
36060,6934.499962723927
36061,8951.447892549231
36062,8805.187521332267
36063,9655.449017299721
36064,8658.744192442226
36065,6759.341998506782
36066,9218.480307597712
36067,6863.263906072261
36068,10992.13505207718
36069,9439.96067894749
36070,7224.918705607023
36071,9865.670410048246
36072,9231.3719784663
36073,8496.933500990837
36074,7089.429906164429
36075,8421.748122705789
36076,8631.914944572776
36077,6822.71073568062
36078,5288.148750847171
36079,6832.394609632578
36080,8041.8262403543495
36081,6610.2532814038495
36082,6278.39888494151
36083,8730.0696386529
36084,7245.307328292312
36085,7190.302331298039
36086,6549.831091260929
36087,6154.464036598735
36088,8030.400281996552
36089,7748.053390553956
36090,7679.173864115268
36091,7017.976272826674
36092,6239.881928409682
36093,7393.191379715527
36094,5057.617952047857
36095,6604.348102329962
36096,6252.2604912816905
36097,8322.488858341656
36098,7319.433870763796
36099,6601.890184896165
36100,11072.7956012015
36101,6596.8779338080085
36102,7578.273860431679
36103,10764.92257355255
36104,7391.600684968461
36105,7880.407918746722
36106,8402.591805922315
36107,7092.408371365685
36108,6188.692447000836
36109,6350.819460718221
36110,8267.889184306401
36111,11173.563168735522
36112,6716.329556977314
36113,4323.1941517539535
36114,5885.812712267329
36115,8291.682647188374
36116,8339.319741184314
36117,7296.497218782025
36118,8113.001986978209
36119,5644.944305467067
36120,6469.359332435136
36121,4168.033114278076
36122,5803.048958340694
36123,6766.9280541917005
36124,7868.372621556142
36125,7620.582334950654
36126,6858.606888168397
36127,9839.839417131578
36128,10594.747904978236
36129,8143.203247859507
36130,5830.715430652576
36131,9607.373669289642
36132,11597.144062697043
36133,6396.428388289653
36134,8690.878517953752
36135,5910.01204137297
36136,6743.7588178156375
36137,4756.050831186329
36138,8112.040954520279
36139,6048.405917336029
36140,8776.52689796716
36141,7122.916253883191
36142,9223.246821922032
36143,9194.440407595608
36144,6317.759008217605
36145,8906.51050825492
36146,19831.604007618433
36147,12461.708240429223
36148,7390.0875707897185
36149,3871.1790042952102
36150,7163.396503479176
36151,10207.215162960529
36152,6715.05134571672
36153,11228.219873627759
36154,18291.67577127308
36155,5645.721665182289
36156,5731.348627662457
36157,8948.799663859547
36158,6150.881885330519
36159,10619.43986274079
36160,7690.997569602742
36161,7749.257509919969
36162,5371.460840456452
36163,7685.5640935219935
36164,7483.239262998867
36165,7652.507408692645
36166,10075.675148042637
36167,7105.339552575443
36168,6639.632015573821
36169,7665.252285399615
36170,5864.648913297039
36171,6050.214576584068
36172,8055.345906016877
36173,6195.881000666222
36174,6725.71295832604
36175,7812.150103678332
36176,6251.860828057842
36177,6596.808317742843
36178,7201.896803320564
36179,7531.538737921078
36180,8606.384001479444
36181,7865.812000342396
36182,8591.410061154116
36183,6592.674476643125
36184,4900.0401453406175
36185,11185.309744954886
36186,7511.074074729878
36187,6846.8949917928185
36188,5573.587027630633
36189,9926.406683381456
36190,7785.842658409931
36191,8130.450741567442
36192,7457.960075295164
36193,6540.762733607201
36194,6071.727491477666
36195,5622.919281676537
36196,10355.961058608113
36197,6283.101268152429
36198,8153.998695428268
36199,15417.78141632644
36200,7944.13806018651
36201,7253.130805655455
36202,6292.866373187496
36203,5951.027320303004
36204,7847.130574385612
36205,5444.928891660438
36206,5906.38960844939
36207,10476.445975353885
36208,6192.223730190531
36209,15936.631921357244
36210,14703.772811631328
36211,6026.0889407970335
36212,8024.655132035914
36213,6426.632350979617
36214,7459.942831690071
36215,6536.382767699495
36216,10889.435335409999
36217,8093.064208073176
36218,10255.328137417519
36219,7282.366190539328
36220,7854.2714103194185
36221,7146.5573043749855
36222,9999.487231791878
36223,8031.699301950975
36224,7208.178556365287
36225,7163.614970997748
36226,6556.604384315901
36227,9325.698386319682
36228,9615.980833655383
36229,7308.289838141391
36230,10396.815882315721
36231,7363.702362978382
36232,10901.716909226174
36233,5789.691460946028
36234,6468.779876821344
36235,6772.403183645758
36236,11620.381501209235
36237,7214.40375302527
36238,8642.698473556817
36239,7834.137625802072
36240,8815.22333700033
36241,6818.620012789719
36242,9291.560975067945
36243,7498.120188036592
36244,5404.41540125021
36245,14289.680217851595
36246,18348.66365262237
36247,8064.512465940125
36248,8058.288145879314
36249,10122.350815262402
36250,10843.133182735868
36251,10652.528821058171
36252,7415.132914711088
36253,7673.9378495915835
36254,6682.933144321225
36255,8687.898785557301
36256,5280.52219669756
36257,7307.370835036889
36258,6931.779460956478
36259,6453.548890523532
36260,7811.489477841415
36261,6397.8588167492835
36262,6157.404734634302
36263,7411.550802428198
36264,4928.015864103016
36265,5606.315069197159
36266,6884.457991974476
36267,7790.017621321633
36268,8982.846924268586
36269,9670.762090284301
36270,8484.735598219693
36271,7680.312482479572
36272,7256.989729070916
36273,10260.741847735288
36274,7509.4375535669315
36275,5923.3427549737125
36276,6608.840098167992
36277,9328.662630301153
36278,5651.570240315183
36279,8262.910279737911
36280,4493.395947134525
36281,6090.296115163605
36282,9366.145901107946
36283,5628.9327106639885
36284,6815.260295871
36285,8667.066394803975
36286,9286.01129674873
36287,11688.017676692269
36288,6759.34317491839
36289,9812.9600556925
36290,4906.677220319227
36291,6184.07335399299
36292,6856.215894927988
36293,5412.6104303348075
36294,8418.157958348822
36295,6269.481354760088
36296,6761.6223085686415
36297,8573.946409622751
36298,11996.123945833107
36299,9063.149527570538
36300,6574.326336117446
36301,6165.006450134103
36302,9654.83388631487
36303,8218.569146513599
36304,7618.968567258606
36305,6613.993493373046
36306,7338.49790556575
36307,11069.830427748017
36308,6181.248815948929
36309,7053.676387625244
36310,8010.092604527911
36311,8562.741503369232
36312,13790.19247495635
36313,7020.894754255872
36314,13535.751826201571
36315,7538.324746192808
36316,6385.098864587016
36317,4586.53847152751
36318,7324.347926126901
36319,6902.425912126617
36320,6423.359754509383
36321,7406.145490384092
36322,6701.4901593913255
36323,5780.781475917573
36324,7657.18697516594
36325,6080.511752692287
36326,8544.683259450889
36327,8166.068519143099
36328,8217.658045441958
36329,9459.375844228609
36330,6373.046945148946
36331,9066.63660103685
36332,6275.0613205878
36333,7432.690816147378
36334,6965.228380074795
36335,6749.821907069598
36336,11317.639624372043
36337,7384.178372598361
36338,5766.011526701457
36339,8228.007126706478
36340,9061.481447405822
36341,8048.011357023397
36342,7311.971514836529
36343,8453.786265494427
36344,6831.554305890999
36345,6301.067457097877
36346,7447.250312892797
36347,9846.369846313788
36348,7001.323363078886
36349,7273.319723383561
36350,6764.992051157039
36351,6363.556731974569
36352,5584.013378667308
36353,6926.620342363718
36354,8860.294591923343
36355,9085.65665631756
36356,10825.085880833576
36357,12398.961994165571
36358,8744.602348639006
36359,6921.861903020032
36360,6303.306513550538
36361,11199.900381113797
36362,9531.98363510389
36363,8639.335716429545
36364,8819.954346198409
36365,9228.261599800266
36366,6855.212479076776
36367,6025.926856653333
36368,10565.951509260183
36369,7469.64286474581
36370,7942.391581212424
36371,7091.349168164827
36372,3872.267724166807
36373,10777.096793326751
36374,7449.410300093047
36375,6537.899638946001
36376,5658.525236175996
36377,6513.339263817503
36378,7211.146919776445
36379,9409.411543353575
36380,7262.301074289079
36381,5295.992111054752
36382,5509.518546483046
36383,5338.910912502516
36384,4949.245555215326
36385,7854.022942455348
36386,17211.634175779724
36387,5658.398992827204
36388,6306.203488887615
36389,7397.6979157358155
36390,5809.749295504411
36391,6345.906282634394
36392,6420.728385693207
36393,5344.4659038549025
36394,7874.095070990556
36395,8129.866707298533
36396,5175.053855166698
36397,8943.760276345047
36398,5861.112316080643
36399,6104.164035799907
36400,8561.85666310753
36401,8924.889431941298
36402,9852.180989810131
36403,6513.562411249712
36404,7772.027210085824
36405,5445.6766668815935
36406,8128.737652888671
36407,14337.867347450503
36408,11164.701249001973
36409,7096.201986312708
36410,5506.442701914529
36411,6120.66499317904
36412,6856.191833902082
36413,5375.225321032312
36414,9958.826184467263
36415,6233.375196912541
36416,6042.005274065465
36417,9288.032579599003
36418,5708.3817728254835
36419,6797.701252196517
36420,8324.894161766668
36421,8221.321682573493
36422,8072.32230277885
36423,5348.684776547718
36424,6549.826327587628
36425,7555.374760868459
36426,10124.7408490652
36427,8764.755423474477
36428,7491.085635619028
36429,5675.605803520765
36430,7103.33864890389
36431,6566.778594554182
36432,5753.667817085525
36433,8200.584860418108
36434,7637.336965314539
36435,6848.129990270107
36436,7289.618840312715
36437,7283.394490813721
36438,7334.299138921483
36439,7029.354918891356
36440,7190.392815298149
36441,7898.135860880354
36442,7031.538354554198
36443,9820.33709941604
36444,7053.233981824226
36445,5759.720799737639
36446,11642.384811187974
36447,5819.865596905723
36448,4656.141228646245
36449,9222.558000328365
36450,9405.698791917534
36451,12298.483665873211
36452,6108.154793869076
36453,6764.689800453144
36454,6849.116499092029
36455,8295.803593142298
36456,6862.370197084576
36457,8525.876992395746
36458,4241.679029243973
36459,7424.957182053968
36460,6845.946186636401
36461,6569.517991137239
36462,5999.585474296871
36463,7687.666767673202
36464,8967.106173689208
36465,6243.056162009051
36466,10178.159264373166
36467,8397.600126647207
36468,8521.168330716802
36469,6119.471154289857
36470,7576.899117279964
36471,6601.614052725045
36472,10786.565105650618
36473,8205.648614106654
36474,5417.784946186067
36475,8739.82631420912
36476,8407.857706560842
36477,7703.626265874053
36478,6272.17687536026
36479,4977.30565195105
36480,8842.801197447288
36481,6894.799826541595
36482,9179.513641966872
36483,7784.065973184864
36484,6550.5184932885595
36485,9021.024552934867
36486,7671.906102566886
36487,7511.535246412622
36488,8109.2129057188195
36489,6396.659972271003
36490,8579.89206192884
36491,11028.260700229108
36492,8996.132824836071
36493,5570.197844254491
36494,6723.250952545893
36495,5528.627874701478
36496,4165.302963315622
36497,9770.806241611066
36498,5614.045813687061
36499,9419.863366449506
36500,5392.294100914393
36501,8289.621855124686
36502,7449.909725838575
36503,9995.044072286575
36504,6209.196133772333
36505,6373.926073328345
36506,6952.6692645178255
36507,8524.135492758021
36508,6480.466067739901
36509,8753.497427080096
36510,8796.787101592205
36511,10420.55022621216
36512,7745.3156610706865
36513,7866.962858036247
36514,6819.976374527604
36515,5443.277825563154
36516,6497.597248081016
36517,10837.71869990234
36518,9850.307831998958
36519,7601.777584148564
36520,14948.729845837273
36521,7288.039068647925
36522,6341.163726208334
36523,7147.223293901111
36524,8657.385063122272
36525,11924.365376434222
36526,7574.16880894337
36527,8417.821185674344
36528,8551.170550980742
36529,7429.574561911399
36530,7763.421992510708
36531,6066.407726491991
36532,5797.557372127005
36533,5673.449862637878
36534,5173.159052489908
36535,6030.911570210324
36536,9158.71852410123
36537,16554.054059354716
36538,7033.918315178186
36539,5969.486540599829
36540,8216.41217284144
36541,5062.712768342223
36542,7492.921530004672
36543,4484.128424705548
36544,10104.82891037353
36545,6666.40771512242
36546,7004.415926622009
36547,13714.139641639566
36548,11954.221375849158
36549,7235.1865271875695
36550,7342.856718398897
36551,4334.769745307014
36552,6539.776081179109
36553,6325.900868135406
36554,8746.191708632534
36555,5780.193763459901
36556,5869.578521303128
36557,6349.383429572833
36558,6993.1598969689285
36559,6839.822080748379
36560,7526.605503859971
36561,4354.69945826968
36562,8096.776533681771
36563,8185.287476919134
36564,10713.88015381378
36565,5956.891023401988
36566,5333.061923118456
36567,7999.813968251642
36568,5416.29133172547
36569,9436.635678815204
36570,6045.482133235659
36571,5864.069933135292
36572,7623.852018140812
36573,6466.053191622518
36574,6356.8423958611065
36575,7545.90777025313
36576,7436.902852819787
36577,10038.009972127566
36578,10396.497682825555
36579,6896.109211154903
36580,5301.430676734847
36581,6919.573241109014
36582,6857.987940427639
36583,6401.552965583402
36584,6830.873454598276
36585,6756.20176842605
36586,10303.097769795937
36587,8694.779696947226
36588,7219.037182602224
36589,7600.001983172772
36590,6693.793208457658
36591,9518.257801932315
36592,6930.916336353183
36593,13442.48803004968
36594,7394.547998263412
36595,6297.4364659258135
36596,6230.531620129457
36597,5030.305249328173
36598,8000.7718748598245
36599,18057.474901747202
36600,5176.068139828972
36601,5373.894439742483
36602,10331.216977654067
36603,8326.157275414263
36604,7338.035791285328
36605,8332.050518660095
36606,6648.771641302232
36607,6037.5116194484945
36608,5120.317280471307
36609,8917.952770634707
36610,6558.544905314443
36611,7154.73122487319
36612,7250.473125313272
36613,5821.19484153852
36614,8242.044369934838
36615,7408.864076873765
36616,5324.282270770332
36617,9412.757247752777
36618,9355.15139066831
36619,5398.711540194997
36620,8066.859434695494
36621,7394.56993065571
36622,5932.710279387162
36623,9015.144277744414
36624,6915.810408890951
36625,7820.205365879038
36626,6033.338208015124
36627,6446.637672683929
36628,7234.831581770067
36629,4850.66040311871
36630,8066.481238343822
36631,5508.93509123027
36632,6629.652488847027
36633,5982.469475051334
36634,6678.74514246911
36635,6655.913085601917
36636,7546.344527269332
36637,7983.7620208004955
36638,8060.677022993099
36639,7376.913720165424
36640,7364.712825268648
36641,7519.2020603075125
36642,8945.07769060558
36643,9194.61250870387
36644,7882.295655175675
36645,5519.102679338339
36646,6770.827021493396
36647,7068.780835300693
36648,5628.324925605548
36649,11403.855801026486
36650,7057.870699451036
36651,8240.78683772611
36652,11384.366088129567
36653,6890.409726284201
36654,5286.934155176537
36655,13299.568823399757
36656,9927.766857019791
36657,6861.550182594509
36658,9298.600726529332
36659,10146.989777211202
36660,6910.958833720804
36661,6848.610571907613
36662,7430.774084864615
36663,6867.437416792546
36664,6543.593004200067
36665,7344.619227184426
36666,5946.073544971464
36667,7324.093975046892
36668,8402.180516774875
36669,7074.062648424417
36670,8496.238541499764
36671,6753.460456508713
36672,7718.820025217269
36673,5420.370449491678
36674,9109.192008029273
36675,7394.989789059931
36676,7278.835940977241
36677,7366.283762220815
36678,7618.735506889786
36679,8960.316550024263
36680,6736.413832378583
36681,6451.861140003027
36682,7791.798164108326
36683,7401.666879975944
36684,7632.56279623433
36685,5633.908736266041
36686,5528.891054206337
36687,8492.58490811757
36688,6985.732305835066
36689,6473.906703795486
36690,8524.522929445786
36691,6994.557713857071
36692,7343.027879307456
36693,5733.9233435546585
36694,4839.2612521546935
36695,7774.452617358393
36696,7341.615782882346
36697,7709.976712251053
36698,10438.984094570153
36699,9367.847708794992
36700,5554.836709894902
36701,8742.171449112886
36702,4910.318710957396
36703,4277.514406986614
36704,7940.897170067744
36705,12216.253374613962
36706,9070.159428564899
36707,8015.283442957615
36708,5678.710448551055
36709,7640.2117812298675
36710,9971.887709128014
36711,7745.10869197585
36712,9105.20605530856
36713,5882.174731936775
36714,5183.518380034207
36715,5820.377414502921
36716,6381.104812258062
36717,6712.724863228161
36718,5703.661196700663
36719,6489.840752287317
36720,5053.404672405204
36721,7008.7065589605245
36722,8477.866395254865
36723,6149.643628276723
36724,7138.315314941532
36725,7691.113211184846
36726,6118.379928922278
36727,6202.194905166256
36728,9583.485113131637
36729,9388.745326405064
36730,6822.647125450514
36731,4983.226662857263
36732,13136.222168639137
36733,8090.129346004868
36734,6250.819750510063
36735,10210.267689567883
36736,9657.530076837775
36737,7919.892399168589
36738,6868.68655357906
36739,7582.725736103129
36740,10265.62402031003
36741,14388.737926203683
36742,6535.895868752497
36743,5489.970480629681
36744,6402.339292516693
36745,7572.417678176128
36746,7145.0334758751505
36747,9353.073331429121
36748,9256.379225865263
36749,6787.472746720478
36750,5481.655739661922
36751,7292.3240813293205
36752,8923.395109528794
36753,6016.208288264508
36754,8001.909130628349
36755,4877.44034886537
36756,8718.695643872721
36757,9029.51014332309
36758,7688.567410658498
36759,9093.76719361426
36760,6942.815697091264
36761,5671.673175028591
36762,7008.717683752328
36763,8214.391468857404
36764,8514.312766345145
36765,7777.152409128261
36766,7659.403800486118
36767,7388.783072028094
36768,5760.197543352274
36769,9792.63472891977
36770,5352.1302195620865
36771,10936.478716433081
36772,6777.6437747836135
36773,5867.1954215284995
36774,7570.132523253685
36775,6981.138036530978
36776,8030.986508496781
36777,9053.474851649096
36778,4795.893043822016
36779,5202.165440248874
36780,7642.877415642417
36781,9844.75132631859
36782,9302.236577871221
36783,6918.748091578272
36784,7190.0814795424585
36785,7740.573724859448
36786,7338.914334400691
36787,6483.100160553545
36788,10727.414527974752
36789,9021.049843082548
36790,12593.794980804545
36791,5359.996780718965
36792,6435.701024432907
36793,10121.631188984555
36794,8288.628561259144
36795,5831.0514912014705
36796,10743.592302210609
36797,7199.44007718299
36798,6554.5979327124205
36799,5803.839678844003
36800,6480.887008104986
36801,6026.7480268702175
36802,7189.279449462915
36803,5455.48122248667
36804,5960.1387540536225
36805,9822.094493230485
36806,7500.849296995431
36807,21736.798563351393
36808,7905.414882876043
36809,5446.793811338053
36810,8348.519627709044
36811,10247.41111250184
36812,6736.5906485385385
36813,7748.253997024314
36814,6090.9308316928245
36815,8611.885712239355
36816,8775.837746105974
36817,6177.487940162441
36818,6085.150037095932
36819,7877.42446634079
36820,7896.15762437745
36821,7529.997164479386
36822,8104.19316665684
36823,6687.307396550892
36824,5702.8734750239055
36825,7531.841053993585
36826,10381.272690931004
36827,11285.63127886164
36828,11062.845541194441
36829,8000.588594451907
36830,6833.24033901344
36831,7052.013949015271
36832,5514.643780606592
36833,8965.75688465357
36834,11751.221389935457
36835,9518.64445775085
36836,6451.256563990141
36837,6322.53666494827
36838,5761.134496521364
36839,7090.146476767116
36840,10899.250765458342
36841,7467.916358163554
36842,5984.5405106029575
36843,6622.449571339917
36844,8423.231805775931
36845,4966.688575717405
36846,8033.364606975256
36847,5356.60041389732
36848,8527.386862641586
36849,7562.16755290406
36850,6399.349507154587
36851,7650.755242759334
36852,7744.029817520398
36853,6142.726081038347
36854,7446.820512421027
36855,7659.6912819840345
36856,12648.883900382652
36857,6727.90362848921
36858,9209.000147475765
36859,8717.304556112102
36860,9811.136715554396
36861,7382.701461941833
36862,10060.592185008387
36863,5926.0516841649605
36864,5639.583768584435
36865,7219.800181306171
36866,7001.05507868169
36867,10185.693065427677
36868,8172.367456149777
36869,6133.930367476958
36870,7831.661485432183
36871,6870.492531128267
36872,10768.259966477079
36873,5253.1165349150615
36874,13283.789837265684
36875,6243.192510275122
36876,6596.055992667635
36877,8950.382011025848
36878,6218.999283863867
36879,7108.90738191591
36880,7703.150334256166
36881,7847.966581447426
36882,7054.702332180042
36883,6347.668411140965
36884,8059.960428185244
36885,8436.830458363236
36886,7777.328012148611
36887,6326.066421204574
36888,7909.977482126703
36889,11786.656357986614
36890,7205.515558027328
36891,5718.781587491517
36892,7766.541343891894
36893,6523.730270819
36894,7018.7780852541255
36895,7636.25579846931
36896,5297.998415046872
36897,7842.202148521861
36898,7101.663413577729
36899,7358.5429827931375
36900,8316.740852744537
36901,5534.065332893497
36902,7638.369613789419
36903,7012.957713085621
36904,8430.435922466428
36905,9052.18904189754
36906,5797.377103618289
36907,5540.98220960258
36908,7707.341473476533
36909,7043.375628630558
36910,6719.237478912143
36911,7866.951266994762
36912,8012.997762270943
36913,8299.438945823555
36914,7006.060229969303
36915,5627.983611459428
36916,6941.838898153717
36917,8936.87435205665
36918,8833.212713976704
36919,9657.986111817501
36920,8635.365112140402
36921,6766.680933936573
36922,9177.275530839108
36923,6981.444276327651
36924,10997.446285310047
36925,9399.582179369836
36926,7232.257641036814
36927,9868.096288831495
36928,9233.909072984081
36929,8473.554420689015
36930,7049.051406586776
36931,8424.174001489037
36932,8639.253880002567
36933,6677.313850730453
36934,5310.459403355869
36935,6881.127755142128
36936,8064.136892863047
36937,6681.213371571449
36938,6211.516469095405
36939,8752.380291161599
36940,7273.332520936748
36941,7212.612983806736
36942,6525.625733778155
36943,6176.774689107433
36944,8053.772916316422
36945,7755.392325983747
36946,7701.484516623966
36947,7083.5756805382725
36948,6262.1925809183795
36949,7400.530315145317
36950,5085.6431446922925
36951,6589.774561837377
36952,6276.617556543461
36953,8329.827793771447
36954,7348.309692598708
36955,6535.00776905006
36956,11080.13453663129
36957,6624.903126452444
36958,7563.811535673627
36959,10788.295207872421
36960,7367.395327485688
36961,7882.945013264502
36962,8244.609381872098
36963,7029.749940524485
36964,6196.031382430627
36965,6373.130113226919
36966,8291.261818626277
36967,11195.873821244219
36968,6718.755435760561
36969,4156.618727468997
36970,5888.238591050576
36971,8299.021582618165
36972,8341.856835702094
36973,7350.07572571527
36974,8166.580493911455
36975,5620.738947984294
36976,6492.731966755006
36977,4044.8485127067975
36978,5893.675860487553
36979,6743.548973889879
36980,7870.909716073922
36981,7648.607527595089
36982,6880.917540677095
36983,9842.376511649358
36984,10580.285580220185
36985,8119.8241675576855
36986,5838.054366082367
36987,9770.750241671221
36988,11724.703722874217
36989,6418.739040798351
36990,8718.903710598186
36991,5932.0909100835015
36992,6765.837686526169
36993,4758.587925704109
36994,8140.0661471647145
36995,6055.252570645675
36996,8843.420071288097
36997,7098.710896400417
36998,9447.482909322085
36999,9243.17355310516
37000,6277.380508639951
37001,9034.070168432094
37002,19854.976641938305
37003,12440.98063364967
37004,7413.460205109589
37005,3924.7575112284567
37006,7139.191145996403
37007,10255.94830847008
37008,6720.3625789495845
37009,11175.449174492576
37010,17841.88582547526
37011,5737.975349692907
37012,5753.659280171155
37013,8924.594306376772
37014,6173.192537839217
37015,10708.95693559271
37016,7696.308802835607
37017,7751.683388703217
37018,5283.910867353712
37019,7739.142600455239
37020,7485.776357516647
37021,7654.933287475893
37022,10203.23480821981
37023,7090.877227817391
37024,6616.252935271999
37025,7687.9459381328315
37026,5749.1053107889165
37027,6072.525229092766
37028,8031.140548534104
37029,6267.29823367234
37030,6702.333878024218
37031,7846.254794091739
37032,6274.17148056654
37033,6590.035687908343
37034,7224.207455829262
37035,7553.849390429776
37036,8610.327363612163
37037,7865.118375688334
37038,8640.143206663668
37039,6595.1003554263725
37040,4901.555258739045
37041,11190.620978187753
37042,7629.027892576772
37043,6822.689634310045
37044,5595.897680139331
37045,10017.033585528317
37046,7806.785439818481
37047,8132.87662035069
37048,7506.693220804715
37049,6561.705515015751
37050,6094.038143986364
37051,5603.708754397173
37052,10376.903840016663
37053,6201.771990780555
37054,8202.731840937815
37055,15466.514561835991
37056,7923.668625013202
37057,7301.863951165006
37058,6225.101290124546
37059,5973.337972811702
37060,7684.439449628244
37061,5468.301525980309
37062,5929.76224276926
37063,10478.871854137135
37064,6171.754295017222
37065,15687.393270339011
37066,14731.798004275766
37067,5958.3238577340835
37068,8091.548305356851
37069,6429.058229762865
37070,7462.36871047332
37071,6564.4079603439295
37072,10892.092238973073
37073,8095.7211116362505
37074,10304.06128292707
37075,7310.391383183763
37076,7856.697289102667
37077,7078.7922213120355
37078,10004.798465024745
37079,8011.229866777666
37080,7230.489208873984
37081,7143.145535824439
37082,6301.929885391293
37083,9573.867309964327
37084,9618.406712438633
37085,7287.820402968082
37086,10419.12653482442
37087,7343.232927805073
37088,10970.527631560302
37089,5792.117339729276
37090,6424.799234681173
37091,6751.933748472449
37092,11868.55042485388
37093,7193.934317851961
37094,8499.783303718355
37095,7960.171905707651
37096,8794.753901827022
37097,6750.854929726769
37098,9340.294120577497
37099,7500.929067044358
37100,5383.945966076902
37101,14312.373870584812
37102,18372.036286942242
37103,8044.043030766817
37104,8306.457069523956
37105,10175.929322195647
37106,10865.826835469084
37107,10654.95469984142
37108,7443.1581073555235
37109,7696.6315023248
37110,6662.463709147916
37111,8620.133702494351
37112,5302.832849206257
37113,7330.743469356759
37114,6997.378868668076
37115,6475.859543032229
37116,7833.800130350112
37117,6464.751990070221
37118,6248.031636781161
37119,7391.081367254889
37120,4950.3265166117135
37121,5461.951928291089
37122,6906.536860685007
37123,7910.013537582923
37124,8962.377489095277
37125,9650.292655110992
37126,8508.108232539564
37127,7659.8430473062635
37128,7236.520293897607
37129,10263.167726518537
37130,7532.810187886802
37131,6013.969657120571
37132,6677.650820502123
37133,9234.493253245297
37134,5653.99611909843
37135,8328.509687449508
37136,4558.9953548461235
37137,6118.32130780804
37138,9402.19145618537
37139,5723.501783133117
37140,6783.044148775739
37141,8651.849666984544
37142,9281.146591194132
37143,12084.509558165382
37144,6744.769634425806
37145,9835.2707082012
37146,4732.798613174236
37147,6203.959586720329
37148,6836.064158006942
37149,5419.457083644454
37150,8446.183150993256
37151,6297.506547404523
37152,6634.368044848287
37153,8576.372288405999
37154,12019.496580152978
37155,8870.925442567019
37156,6596.636988626144
37157,6263.075494255547
37158,9635.623359035508
37159,8238.455379240939
37160,7642.341201578476
37161,6609.1287878184485
37162,7333.633200011153
37163,11269.997016813477
37164,6222.725195165148
37165,7075.987040133942
37166,7994.875876708482
37167,8565.16738215248
37168,13775.618934463768
37169,6926.725377200017
37170,13682.473673975184
37171,7533.460040638211
37172,6290.929487531161
37173,4485.215471928864
37174,7352.3731187713365
37175,6964.902028895034
37176,6418.4950489547855
37177,7408.57136916734
37178,6696.625453836728
37179,5803.09212842627
37180,7658.702088564367
37181,6082.9376314755345
37182,8572.708452095321
37183,8161.203813588502
37184,8390.061942535965
37185,9524.975251940206
37186,6368.182239594349
37187,9133.52977435778
37188,6208.178904741695
37189,7454.76968485791
37190,6950.011652255365
37191,6605.5310477580015
37192,11345.664817016479
37193,7406.257241308893
37194,5794.0367193458915
37195,8345.960944553366
37196,9063.907326189072
37197,8114.9045303443345
37198,7334.282167345227
37199,8456.212144277675
37200,6535.231388921419
37201,6248.296757962694
37202,7538.210231794076
37203,9841.50514075919
37204,7059.070020135965
37205,7252.480900869474
37206,6760.127345602442
37207,6319.576089834398
37208,5586.4392574505555
37209,6894.404195268457
37210,8766.125214867485
37211,9066.446129038199
37212,10844.972113560916
37213,12336.192347589842
37214,8650.43297158315
37215,6907.288362527447
37216,6305.732392333785
37217,11292.154065624418
37218,9534.40951388714
37219,8710.295806597145
37220,8842.264998707107
37221,9230.687478583515
37222,6883.237671721211
37223,5959.044440807228
37224,10649.606165363391
37225,7491.721733456341
37226,7991.124726721975
37227,7113.659820673524
37228,3943.2278143344106
37229,10779.52267211
37230,7434.193572273618
37231,6557.78587167334
37232,5660.951114959244
37233,6476.597064934977
37234,7213.955798784212
37235,9431.722195862274
37236,7189.530927189812
37237,5361.59151876635
37238,5365.155405576976
37239,5366.936105146951
37240,4971.556207724024
37241,7849.158236900751
37242,16756.483547525906
37243,5686.424185471639
37244,6301.338783333018
37245,7446.431061245369
37246,5832.059948013109
37247,6416.866372801994
37248,6415.86368013861
37249,5372.491096499338
37250,7663.499866658126
37251,8114.649979479103
37252,5017.766408267694
37253,8938.89557079045
37254,5951.7392182275025
37255,6106.5899145831545
37256,8467.687286051674
37257,8765.524529526463
37258,9900.914135319683
37259,6535.873063758409
37260,7800.052402730259
37261,5330.13306437347
37262,8235.535434738762
37263,14558.74188938108
37264,11318.230884475664
37265,7063.9858392174465
37266,5529.815336234399
37267,6140.551225906379
37268,6858.61771268533
37269,5397.53597354101
37270,9939.615657187902
37271,6261.400389556976
37272,6048.851927375111
37273,9255.816432503741
37274,5703.517067270886
37275,6820.011904705215
37276,8352.9193544111
37277,8216.456977018895
37278,8057.105574959421
37279,5376.709969192153
37280,6572.136980096326
37281,7511.394118728288
37282,10453.029020229887
37283,8767.181302257726
37284,7486.220930064431
37285,5552.421201949484
37286,7098.473943349293
37287,6646.528103573266
37288,5734.457289806161
37289,8222.895512926807
37290,7639.762844097787
37291,6781.247574424002
37292,7309.505073040054
37293,7286.203369821487
37294,7341.145792231129
37295,7009.20318197031
37296,7212.703467806847
37297,7882.919133060925
37298,7038.385007863844
37299,9815.472393861442
37300,7038.017254004797
37301,5782.031452246337
37302,11637.520105633377
37303,5868.598742415274
37304,4703.5806085464565
37305,9250.583192972801
37306,9425.585024644874
37307,12326.508858517647
37308,6136.179986513511
37309,6767.115679236391
37310,6877.992320926941
37311,8323.828785786734
37312,6857.505491529979
37313,8676.195313246895
37314,4248.525682553619
37315,7519.1284155777785
37316,6868.025055346932
37317,6425.154850231169
37318,5842.298027397867
37319,7689.1818810716295
37320,9038.066263856806
37321,6245.482040792298
37322,10206.184457017602
37323,8377.448389726162
37324,8615.737403185929
37325,6008.3023579581695
37326,7280.576200310384
37327,6285.406362030016
37328,10764.700980820191
37329,8227.959266615344
37330,5121.462029216487
37331,8706.389957983649
37332,8530.216193809847
37333,7698.761560319456
37334,6325.755382293505
37335,5000.678286270921
37336,8864.880066157817
37337,6922.825019186031
37338,9159.361905045827
37339,7768.849245365434
37340,6578.543685932995
37341,9016.15984738027
37342,7751.65561158597
37343,7518.381899722269
37344,8157.94605122837
37345,6424.685164915439
37346,8603.26469624871
37347,11023.39599467451
37348,9024.158017480506
37349,5593.570478574362
37350,6607.70735003777
37351,5550.938527210175
37352,4193.328155960056
37353,9793.116894119763
37354,5609.181108132464
37355,9422.289245232756
37356,5247.930960008323
37357,8257.405708029424
37358,7472.220378347272
37359,10018.416706606446
37360,6193.979405952904
37361,6393.8123060556845
37362,7021.479986851956
37363,8457.253076911918
37364,6475.6013621853035
37365,8738.923886587514
37366,8799.212980375454
37367,10465.228507018672
37368,7765.201893798026
37369,7862.09815248165
37370,6708.807578195917
37371,5146.954908593574
37372,6492.732542526419
37373,10940.709652387066
37374,9855.619065231827
37375,7582.567056869199
37376,15144.483790571549
37377,7316.06426129236
37378,6406.763133919933
37379,7175.248486545547
37380,8677.271295849612
37381,11939.199212403224
37382,7569.304103388773
37383,8412.956480119747
37384,8546.305845426145
37385,7458.450383746311
37386,7783.308225238047
37387,6022.42708435182
37388,5819.868024635703
37389,5658.233134818449
37390,5201.184245134344
37391,5964.029154364219
37392,9265.516305951325
37393,16618.38237911626
37394,7036.344193961434
37395,5917.041356204809
37396,8244.437365485868
37397,5128.3121760538215
37398,7460.70538290941
37399,4469.554884212965
37400,10090.255369880948
37401,6661.543009567823
37402,7006.841805405255
37403,13716.565520422815
37404,11966.021256410448
37405,7258.55916150744
37406,7348.167951631763
37407,4376.246124523233
37408,6567.801273823544
37409,6374.634013644957
37410,8766.077941359874
37411,5787.040416769547
37412,5854.361793483698
37413,6377.408622217268
37414,7013.046129696268
37415,6867.847273392815
37416,7676.9238247111325
37417,4357.125337052928
37418,8081.559805862342
37419,8207.598129427823
37420,10681.664006718518
37421,5971.72485937099
37422,5339.908576428103
37423,8002.23984703489
37424,5119.96841475589
37425,9439.061557598454
37426,6171.5164131412375
37427,5824.680914038601
37428,7647.224652460683
37429,6588.411678871524
37430,6039.340939556738
37431,7511.155737943219
37432,7490.481359753032
37433,10060.320624636264
37434,10384.010512855317
37435,6891.244505600306
37436,5329.455869379282
37437,6796.388639537733
37438,6833.921070785937
37439,6423.631834293933
37440,6837.720107907922
37441,6779.57440274592
37442,10369.990943116874
37443,8743.512842456776
37444,7204.463642109639
37445,7605.313216405638
37446,6721.818401102093
37447,9520.683680715565
37448,6984.4948432864285
37449,14104.791965919063
37450,7389.683292708815
37451,6268.4565534385765
37452,6252.842272638155
37453,5032.731128111422
37454,7933.88945901372
37455,18718.439720116054
37456,4879.745222859392
37457,5344.914527255246
37458,10333.642856437316
37459,8394.967997748394
37460,7386.768936794879
37461,8327.185813105498
37462,6719.731731469831
37463,5993.530977308324
37464,4953.741856186351
37465,8940.263423143406
37466,6580.855557823141
37467,7177.041877381887
37468,7221.493212826035
37469,5843.505494047218
37470,8171.984139021281
37471,7379.884164386528
37472,5346.361139480863
37473,9415.183126536027
37474,9340.577850175729
37475,5331.829124348892
37476,8046.707697774448
37477,7389.705225101113
37478,5891.692965055749
37479,9263.313201389055
37480,6910.945703336354
37481,7822.631244662286
37482,6055.648860523822
37483,6417.657760196692
37484,7220.258041277482
37485,4824.159291501502
37486,8068.90711712707
37487,5536.960283874705
37488,6674.330769653536
37489,6004.780127560031
37490,6673.880436914513
37491,6683.938278246353
37492,7548.770406052579
37493,7924.0262520676315
37494,8042.9244099590205
37495,7399.224372674122
37496,7388.0854595885185
37497,7547.227252951948
37498,9092.076492984046
37499,9197.03838748712
37500,7931.02880068522
37501,5490.122766851102
37502,6793.137674002094
37503,7071.206714083941
37504,5656.350118249983
37505,11398.991095471889
37506,7164.668481301131
37507,8268.812030370545
37508,11412.391280774003
37509,6913.782360604071
37510,5404.887973023431
37511,13452.087946768313
37512,9913.19331652721
37513,6788.780035495242
37514,9326.625919173766
37515,10241.558849680332
37516,7017.756615570899
37517,6876.6357645520475
37518,7453.084737373313
37519,6889.748069301244
37520,6589.128608796627
37521,7346.134340582853
37522,5968.384197480162
37523,7330.940628356539
37524,8384.427903740798
37525,7102.087841068852
37526,8561.837949211356
37527,6755.886335291961
37528,7763.498306023778
37529,5293.116185771324
37530,9114.503241262137
37531,7397.415667843179
37532,7264.262400484657
37533,7394.308954865251
37534,7672.372558947162
37535,8982.627202532958
37536,6620.870229870461
37537,6294.573693104023
37538,7786.933458553729
37539,7379.802755145514
37540,7783.788153993547
37541,5636.334615049289
37542,5551.584706939553
37543,8520.610100762005
37544,6952.295949609594
37545,6491.676296346815
37546,8546.601798156316
37547,6989.693008302474
37548,7371.053071951891
37549,5775.399722770878
37550,4861.571904663391
37551,7769.587911803796
37552,7336.751077327749
37553,7763.555219184298
37554,10467.009287214587
37555,9391.220343114863
37556,5498.5014715406305
37557,8744.597327896136
37558,4959.051856466947
37559,4103.635799841624
37560,8009.707892401874
37561,12244.2785672584
37562,9072.585307348148
37563,8037.594095466313
37564,5706.735641195491
37565,7662.522433738565
37566,10016.565989934525
37567,7751.955345285496
37568,9152.645435208773
37569,5910.19992458121
37570,5228.1966608407165
37571,5697.19281293164
37572,6314.222396411958
37573,6730.494455779491
37574,5725.971849209361
37575,6460.86083980008
37576,4997.069434050933
37577,7011.515437968291
37578,8505.891587899301
37579,6215.243035988321
37580,7160.62596745023
37581,7673.360598150767
37582,6215.233005552612
37583,6230.220097810691
37584,9554.5052006444
37585,9437.478471914616
37586,6793.667212963277
37587,5011.251855501699
37588,13159.594802959007
37589,8061.149433517631
37590,6272.898619220595
37591,10304.836762037014
37592,9702.208357644286
37593,7986.785572489526
37594,6965.461832091165
37595,7610.750928747564
37596,10272.470673619677
37597,14437.471071713235
37598,6563.921061396932
37599,5492.27607398196
37600,6397.474586962096
37601,7595.7903124959985
37602,7123.169351044721
37603,9389.118886506545
37604,9278.689878373962
37605,6643.1096058144085
37606,5503.96639217062
37607,7345.902588262566
37608,8966.643155909796
37609,6038.518940773206
37610,8127.943410533928
37611,4905.465541509805
37612,8713.830938318124
37613,9083.088650256335
37614,7690.993289441746
37615,9266.171090708265
37616,6945.241575874512
37617,5666.808469473994
37618,6990.96507071825
37619,8237.764103177275
37620,8496.560153311066
37621,7779.578287911509
37622,7654.539094931521
37623,7442.361578961339
37624,5762.623422135522
37625,9816.00736323964
37626,5194.842772663083
37627,10958.78936894178
37628,6748.6638622963765
37629,5862.330715973902
37630,7617.5719031538965
37631,6933.743914414408
37632,8033.412387280029
37633,9205.99397501765
37634,4819.265678141886
37635,5224.476092757572
37636,7664.956284352948
37637,9907.884146425042
37638,9324.547230379918
37639,6913.883386023675
37640,7218.106672186894
37641,7768.598917503884
37642,7340.429447799118
37643,6505.410813062243
37644,10698.434615487515
37645,9023.475721865798
37646,12617.279113491613
37647,5316.016138578794
37648,6502.594197753844
37649,10068.860489849372
37650,8337.361706768692
37651,5859.076683845906
37652,10725.83968917653
37653,7104.985787322072
37654,6580.747353707498
37655,5857.418185777248
37656,6575.058241628796
37657,6029.173905653466
37658,7218.155271297827
37659,5437.728609452592
37660,6078.092571900515
37661,9927.477433665417
37662,7466.313606808432
37663,21422.95171848056
37664,7863.588608351198
37665,6053.945013712522
37666,9572.301061814198
37667,11296.265389224176
37668,7636.027594023548
37669,8274.396991741503
37670,6261.833571110706
37671,9252.136386327975
37672,9155.78727474093
37673,6765.552803710243
37674,6396.551588341668
37675,8239.74367868132
37676,8552.952441324052
37677,8107.585942689612
37678,8536.391760019169
37679,7419.293269213577
37680,6104.182612898057
37681,8153.373265017666
37682,11077.931456707196
37683,12183.691181424982
37684,12356.880661726054
37685,8491.255252081328
37686,7694.312791189414
37687,7402.119813564205
37688,5748.493677181818
37689,9394.151972026333
37690,12552.857103830072
37691,10012.966437631176
37692,7058.407766364609
37693,6983.018260269434
37694,6585.379309177555
37695,7471.875823307633
37696,11385.340556408744
37697,7980.001475524914
37698,6465.5119285465325
37699,7096.3121757149875
37700,8684.56354029828
37701,5227.357634000421
37702,8504.781923828257
37703,5971.481305946889
37704,9043.762090165712
37705,8348.678816977863
37706,6669.6387292698055
37707,7997.6648663544665
37708,8303.061070357335
37709,6447.991562337321
37710,7922.663544565536
37711,8110.527966315082
37712,12970.968616576673
37713,7053.224866421567
37714,10347.923183628089
37715,9171.948914720617
37716,10173.45592789493
37717,7901.022619294722
37718,11398.62849283445
37719,6016.094334920513
37720,5940.6900722831315
37721,7799.445571686825
37722,7472.472395534693
37723,10657.110382280689
37724,8554.096802690272
37725,6390.070100332008
37726,8393.824763776216
37727,7170.822117122665
37728,12000.014965062675
37729,5355.364457541941
37730,14137.71670478837
37731,6727.339353973077
37732,7123.114610465202
37733,9705.326200635991
37734,6693.556558240904
37735,7943.494919702859
37736,8844.769073855336
37737,8318.018452896227
37738,8560.1508264383
37739,6589.088101093956
37740,8662.243298432883
37741,8678.25014831622
37742,8683.703571660486
37743,6349.0954574591915
37744,8469.644063991476
37745,12277.323015616075
37746,7667.4385085054655
37747,5989.070809606736
37748,7980.319189789709
37749,7013.255709701366
37750,7490.195402107138
37751,7807.026426466882
37752,5332.392468935329
37753,8332.8688061513
37754,7563.586364055869
37755,7779.046516534183
37756,8587.030074859753
37757,5996.82451586618
37758,8030.850533856983
37759,7313.853900098925
37760,8671.855612419411
37761,9756.10956714971
37762,6098.273290631591
37763,6148.133411977048
37764,7948.761163429523
37765,7467.79951979845
37766,6940.310632665325
37767,8251.665239847434
37768,8504.168540985645
37769,8512.114928625218
37770,7247.479919922293
37771,6090.742794432112
37772,7563.371109177817
37773,9300.387693666618
37774,10161.67175205554
37775,9908.49778205693
37776,9258.82332588964
37777,7257.273840511751
37778,9678.481133680494
37779,7671.762680421877
37780,12295.538012597643
37781,9870.999496222852
37782,7706.120245411885
37783,10581.006662544105
37784,9486.441065381294
37785,9227.878187832888
37786,7520.468723439789
37787,9137.084375201643
37788,8821.955356006796
37789,7250.177959655974
37790,5073.358839786051
37791,7676.726729084147
37792,8936.821590062083
37793,7089.660626374922
37794,6957.346995382696
37795,9538.48295821153
37796,8260.00986233566
37797,7685.572876701207
37798,7147.157944802255
37799,6495.983161397479
37800,8567.835040480113
37801,8370.27321803329
37802,8315.717901622536
37803,7445.8948928788
37804,6983.685223935987
37805,7891.196972774775
37806,5598.414606735357
37807,7047.755777905789
37808,6669.098476611025
37809,8944.70868582099
37810,7717.70019349186
37811,6804.996631471821
37812,11411.892781955325
37813,7271.824588081426
37814,8196.851356304851
37815,12022.431397892362
37816,7988.927538509787
37817,8238.612906630491
37818,8686.53593595516
37819,7474.103153128671
37820,6637.259326852907
37821,6700.630289841665
37822,9048.667554274298
37823,12518.469873096265
37824,6793.606292113731
37825,4630.481331844068
37826,6202.904299913831
37827,8528.363272119992
37828,8854.92724265449
37829,8210.604225249901
37830,9027.108993446076
37831,6242.271159008395
37832,6935.186635514891
37833,4513.5413226995515
37834,6328.474152570114
37835,7213.600845338691
37836,8121.421386313348
37837,8483.853499092269
37838,7408.000626789352
37839,10123.120542198974
37840,12321.54995771108
37841,8603.83950621259
37842,6200.373578422896
37843,10461.068645765456
37844,12555.459906494898
37845,6581.010318024876
37846,9910.775161743846
37847,6317.500718651927
37848,7151.247495094593
37849,5225.799211104649
37850,9158.767871627559
37851,6529.115175020746
37852,9338.246936651223
37853,7720.243107424517
37854,9999.643816174002
37855,9577.403534545583
37856,6748.797825492964
37857,9507.932772807164
37858,21526.611620071923
37859,14584.045192844525
37860,7949.520332718772
37861,4498.729141951939
37862,7501.510358336931
37863,11077.25088649095
37864,7482.341457256264
37865,11799.349325623674
37866,20106.689648369516
37867,5893.989364594934
37868,5911.189769082981
37869,9546.126517400859
37870,6368.572193293763
37871,11939.455549724727
37872,8685.848019097994
37873,8386.333058345695
37874,4696.779016005735
37875,8292.062140945585
37876,7699.554203414462
37877,8243.988671344398
37878,10598.634494483642
37879,7332.37353656108
37880,7100.268273926921
37881,8203.311733214934
37882,6157.552565592389
37883,6599.608315205022
37884,8463.339141896437
37885,6741.160838047411
37886,7317.214770073788
37887,8475.429427704656
37888,6569.529160687727
37889,7250.190716871913
37890,7776.410861384216
37891,8107.064352054597
37892,9212.6102338598
37893,8336.535692541349
37894,9266.453792538909
37895,7036.190677014903
37896,5264.56914108154
37897,12018.719507690646
37898,8167.861845551933
37899,7154.4478796340745
37900,5595.504858230414
37901,10888.08903276532
37902,8324.267166550668
37903,8464.126424930624
37904,8178.446613044016
37905,7162.622939859204
37906,6132.771082479892
37907,5901.1409728551935
37908,11455.329785056723
37909,6675.634595155626
37910,8507.561287250515
37911,17465.89759873535
37912,8297.879871085974
37913,7676.838168206438
37914,6464.819347876642
37915,6104.275205309836
37916,8117.70568819045
37917,6104.807739240807
37918,6223.500019736673
37919,11495.84261648006
37920,6407.961952194021
37921,19386.25612282382
37922,16120.991866527576
37923,5995.185011625663
37924,8468.606417754898
37925,6643.04747217232
37926,7963.835590477448
37927,7507.495858937134
37928,11133.588547716761
37929,8540.07432424042
37930,10730.96525613235
37931,8536.365882137407
37932,8358.164169106769
37933,7132.199707616339
37934,10713.544673731858
37935,8617.884027272514
37936,7548.962152511367
37937,7377.913906802899
37938,6306.92664950919
37939,9966.78606024934
37940,10216.971937196295
37941,7536.451496268134
37942,11798.432745324231
37943,7833.89958543453
37944,11750.331000596649
37945,6032.124045982454
37946,7110.766336664168
37947,7242.6004061019075
37948,12710.471384822538
37949,7677.949656506887
37950,8916.257599448218
37951,8189.513595209478
37952,9432.126314146586
37953,6971.659833499113
37954,10278.20678177693
37955,8242.948712898487
37956,5998.826858126472
37957,16018.85936212267
37958,20310.16635379016
37959,8665.575241790897
37960,8535.798759025784
37961,11017.37577301264
37962,12261.935892738706
37963,11771.892710961629
37964,8130.285350177426
37965,8694.665831994826
37966,7153.130366777375
37967,9241.472416035045
37968,5567.988124629013
37969,7951.5739776203145
37970,7359.698081008604
37971,6976.2530107543935
37972,8479.062097160779
37973,6646.018341829501
37974,6861.5473860340535
37975,7698.090263130563
37976,5236.961241732674
37977,6147.224360272118
37978,7147.956550637997
37979,8915.615937268232
37980,9558.989125784847
37981,10012.611867451524
37982,8927.232602459024
37983,7894.611418284723
37984,7720.535632552526
37985,11029.356564001839
37986,7985.914520044232
37987,6627.485406373464
37988,7043.168825840498
37989,9475.91294319829
37990,6192.138027132571
37991,8690.828899790029
37992,4951.914105131134
37993,7003.662790328374
37994,10051.63015472487
37995,6155.700376495461
37996,7024.540457519428
37997,9121.901538433352
37998,9771.813248823588
37999,12892.746374057611
38000,7181.7071279735
38001,10281.05795026455
38002,5340.9966982566675
38003,6914.201912486329
38004,7457.596369031044
38005,6104.729515625482
38006,9331.524633513589
38007,6901.6390170881705
38008,7074.762045537979
38009,9114.514196440137
38010,12550.413383992025
38011,9425.871906064393
38012,6856.592339549509
38013,6722.011363553281
38014,10101.170159696305
38015,8669.753104190331
38016,8620.210793390626
38017,6765.935948609905
38018,7955.165411035253
38019,12413.307152180148
38020,6452.066884666976
38021,7887.4599133737875
38022,8464.927748157286
38023,9103.309290186628
38024,15137.920196973504
38025,7303.198700652833
38026,15351.212684330814
38027,8212.081153644709
38028,6667.402810983978
38029,5438.034168515958
38030,8278.425559448739
38031,7438.764633270105
38032,6557.917811616624
38033,7862.74235312026
38034,6938.045143789718
38035,6144.513809144188
38036,7900.121778517357
38037,6621.079539509674
38038,8911.288524395475
38039,8402.623503541485
38040,9187.309335750391
38041,9887.294464280738
38042,6781.339784358897
38043,9573.92377504748
38044,6617.67304225313
38045,8120.381426544168
38046,7050.8705491278315
38047,7045.925048447696
38048,12634.169029395081
38049,7791.66704987731
38050,6381.13773630364
38051,9161.533514380271
38052,9682.54040278732
38053,8692.838196695075
38054,7947.210908626105
38055,9029.569262136245
38056,6968.597882976879
38057,6337.218603605228
38058,7779.629921747067
38059,10183.209566919073
38060,7355.280473979082
38061,7912.852162218088
38062,6949.480140581201
38063,6681.895302174927
38064,5794.8762771724405
38065,7518.334710978021
38066,9121.793108233478
38067,9579.874658619703
38068,11328.987452215846
38069,14081.779618356572
38070,9120.484843031954
38071,7039.618269212145
38072,6843.8743003679265
38073,11732.548066314115
38074,10281.912552101849
38075,9420.53813236314
38076,9319.92091845521
38077,10051.305817134657
38078,7400.5709079244
38079,6482.080839045062
38080,10960.177926976583
38081,7733.141423409331
38082,8404.908542075224
38083,7576.261103029674
38084,4550.379016708879
38085,11692.417264283424
38086,7760.527170580859
38087,7048.4525293028
38088,6120.513459506722
38089,6938.1320874775765
38090,7673.51814333169
38091,10580.959031793114
38092,7490.427114203115
38093,5754.5102690513595
38094,5779.155969895389
38095,6083.243581591477
38096,5112.56646705589
38097,8450.07566174419
38098,19852.370391702727
38099,5913.123627853608
38100,6376.55882318336
38101,8015.719415204187
38102,6041.802686612797
38103,6809.347292869557
38104,6657.2833700916
38105,6129.509531100936
38106,8198.115015842674
38107,8351.811144023684
38108,5288.586837273799
38109,9560.427781814542
38110,6733.067149093834
38111,6575.654006393669
38112,9068.604710895115
38113,9384.645078688676
38114,10723.849450907708
38115,7217.156369417125
38116,8583.837093241511
38117,5803.995668748541
38118,9010.513953511607
38119,16083.084413669656
38120,11547.161302880866
38121,7535.403156070453
38122,5916.302866582717
38123,6369.892915408206
38124,7198.066689428125
38125,5763.759594561435
38126,10453.044186769413
38127,6969.146627658699
38128,6457.299182178584
38129,10997.080809994637
38130,6064.0764849680945
38131,7150.534914609402
38132,9045.716842202051
38133,8817.374401862331
38134,8506.5012888643
38135,5828.705595269582
38136,7055.928357356696
38137,7820.354260434791
38138,11060.180222604358
38139,9320.422490903484
38140,7882.699399361518
38141,6212.216622760014
38142,7269.244571346865
38143,6992.862057554477
38144,6054.1448902462935
38145,8672.376062045463
38146,8116.944910415119
38147,7172.32579505433
38148,7800.171730669509
38149,7787.628330119063
38150,7749.593047034602
38151,7250.6228719232995
38152,7611.779824068291
38153,8336.166951255342
38154,7339.281194877147
38155,10153.324715731795
38156,7565.361276696521
38157,6313.722777764857
38158,12487.28171274597
38159,6083.478602100182
38160,5065.899820886985
38161,10433.107678005468
38162,9899.447629019947
38163,13848.608363095107
38164,6614.941868500622
38165,7244.297745553736
38166,7252.7156591132025
38167,9218.12534448979
38168,7640.0575188185885
38169,8917.61500319988
38170,4439.943711979678
38171,8152.29762874327
38172,7176.2905270514675
38173,7032.306052605637
38174,6166.503771115576
38175,8179.84853870106
38176,9645.217466231274
38177,6722.664107109643
38178,11401.892456957217
38179,8756.4979042668
38180,9106.404060815374
38181,6452.655570562375
38182,8139.74192159217
38183,6839.342220677727
38184,11397.740801451424
38185,8674.904247468148
38186,5654.930915862396
38187,8627.420970452078
38188,9240.458519575854
38189,8172.624164694528
38190,7062.255561697841
38191,5168.959383393638
38192,9106.299756110811
38193,7270.084523068836
38194,9650.028562675287
38195,8369.766670208872
38196,7514.778525752378
38197,9324.425319084812
38198,8661.12419549566
38199,8701.411546001082
38200,8490.43565589199
38201,6984.2035820765705
38202,9495.895269963572
38203,11497.258599049583
38204,9907.686352240222
38205,5892.839130860995
38206,7081.56995441284
38207,6205.336128421433
38208,5102.796739869756
38209,10469.315925844061
38210,5930.091026285043
38211,10103.795751291287
38212,5721.793564383394
38213,9374.913995647583
38214,8247.10550838395
38215,11162.714186477
38216,6255.23597859713
38217,6867.6749104307555
38218,7250.410405257154
38219,9074.642537553678
38220,7101.502553953326
38221,8996.560378948261
38222,9266.930681287762
38223,11401.463346838063
38224,7999.970264776484
38225,8346.113491136546
38226,7180.224895048929
38227,5751.959121975278
38228,6945.980360720843
38229,11974.754660506218
38230,10685.69585533633
38231,7951.631958635503
38232,16069.634612716409
38233,8304.53886746469
38234,6769.08234626046
38235,8163.723092717891
38236,9161.286634504535
38237,12318.248726943859
38238,8184.184995438325
38239,8883.00835156856
38240,9036.972503055598
38241,7900.887235375941
38242,8145.627437578571
38243,6496.984358728857
38244,6157.8794874049
38245,6096.110125160241
38246,5695.118152328107
38247,6413.074965005462
38248,9627.835518291855
38249,19051.662747138882
38250,7666.037878428506
38251,6434.839053520383
38252,9232.911971658214
38253,5238.351938849548
38254,7932.12269976242
38255,4608.698777869943
38256,11592.418009986055
38257,7058.021478864911
38258,7638.126719316346
38259,14528.616953782506
38260,12890.167254956717
38261,7898.551671025587
38262,8167.755035075963
38263,4649.166077599168
38264,7504.036113642925
38265,6789.284810205582
38266,9121.745834725876
38267,6260.903021144618
38268,5822.9299656307085
38269,7020.229764582809
38270,7356.679542768214
38271,7458.91940902059
38272,7882.514175654089
38273,4878.291622768117
38274,8536.240849458502
38275,8945.66128271631
38276,11640.594138869905
38277,6593.2570703950905
38278,5813.771180803174
38279,8671.628779193414
38280,5421.73626303234
38281,10251.112990958134
38282,6793.048624165338
38283,6609.306791789728
38284,8328.126009158228
38285,7020.610272233867
38286,6280.760629509728
38287,7955.50895054741
38288,8201.040577409696
38289,10921.48265855896
38290,11367.488837238996
38291,7240.271564329231
38292,5995.469804726221
38293,7273.109096826308
38294,7044.21857534011
38295,6809.041642862357
38296,7311.582712282993
38297,7251.378575464164
38298,10920.717408348932
38299,9590.425328939375
38300,7762.027378047032
38301,8485.853697280758
38302,7372.973775556961
38303,10190.072612874112
38304,7804.061825320936
38305,15036.559683767464
38306,8025.517011482666
38307,6630.775765779105
38308,7082.463849425899
38309,5692.022838315498
38310,8532.846895835095
38311,20105.630227938334
38312,5308.120666132022
38313,5759.408198950276
38314,11046.811412502593
38315,8757.586053838568
38316,8233.68142327748
38317,8812.54876193885
38318,7128.178986273304
38319,6222.872666810151
38320,5427.604460561422
38321,9880.111183200062
38322,7263.028843251012
38323,7446.320860883263
38324,7583.086264390073
38325,6113.534975066384
38326,8894.198107854338
38327,7851.86502274739
38328,5456.4009022765895
38329,10074.712271797138
38330,10048.830840445073
38331,6006.603104239596
38332,8537.374355403877
38333,7928.273372768676
38334,6363.110281908761
38335,9595.071446713087
38336,7307.424172633443
38337,8205.97236057346
38338,6276.117821508716
38339,7116.172109547327
38340,7589.322943043785
38341,5603.515773457566
38342,8713.573201165871
38343,6427.832546139724
38344,7021.116370464721
38345,6225.249088544925
38346,7105.178161863928
38347,7235.054660741424
38348,8021.126669251289
38349,8758.872239913077
38350,8516.787014334073
38351,7913.047156509905
38352,7582.155643231741
38353,8333.153243804321
38354,9961.0692864666
38355,9841.704471525944
38356,8358.518627850357
38357,5731.542456804093
38358,7120.609298236604
38359,7715.872798122767
38360,6054.882020987327
38361,12187.591862610308
38362,7526.987693641658
38363,9137.804823853101
38364,12281.384074256559
38365,7565.2072577215295
38366,5728.681583973342
38367,14645.884551668287
38368,10713.067676438186
38369,7279.4466931247025
38370,10128.141498589552
38371,10482.97853963332
38372,7237.753775152217
38373,7745.628558034584
38374,8245.867338431102
38375,7510.182793805837
38376,6954.978884168911
38377,7967.666551606953
38378,6417.421518246122
38379,7804.80323273161
38380,8646.967416719148
38381,7653.204223563924
38382,9114.941940121818
38383,7328.354074326922
38384,8632.491099506304
38385,5707.991439518896
38386,10024.134260747938
38387,7798.285940713639
38388,7828.503547955786
38389,7945.4253373603215
38390,8387.323582091012
38391,9850.355818643779
38392,7228.021432244929
38393,6494.439783875529
38394,8061.2196676122185
38395,7851.220071998528
38396,8390.939356367993
38397,6108.690878247998
38398,5751.45079771106
38399,8740.907246288923
38400,6873.798429184548
38401,7391.732434322652
38402,8908.921010496852
38403,7473.708346957402
38404,7987.805232528639
38405,5926.968410659809
38406,5173.179485056378
38407,8217.02604409598
38408,7685.778136056674
38409,8515.644987152025
38410,11437.02866385938
38411,9818.710170280008
38412,6009.112964464862
38413,9410.690873588841
38414,5017.487723550452
38415,4381.329746990289
38416,8119.628377175433
38417,13230.244723313195
38418,9502.14853184684
38419,8781.964125122468
38420,5927.032786722405
38421,8302.479382029118
38422,11002.53214598932
38423,8934.984991564292
38424,9341.998230187533
38425,6179.360902415185
38426,5574.982261651902
38427,6089.4874076301685
38428,6864.369810716875
38429,7295.02287873404
38430,6118.266443907889
38431,6762.474992530086
38432,5374.392328975767
38433,7317.083552266588
38434,9491.857743954091
38435,6577.562248328849
38436,7781.897116472212
38437,8164.027255780222
38438,6196.4048399850235
38439,7067.070697021685
38440,10005.341884975449
38441,9771.941009544837
38442,7149.335106329275
38443,5322.693835319543
38444,15563.921555070203
38445,8316.693809484228
38446,6635.217831561124
38447,10648.878207341893
38448,10504.714944012054
38449,8618.79283617331
38450,7456.128489720626
38451,8163.643423655665
38452,11455.500319898496
38453,16082.333338558528
38454,7483.401010336923
38455,6099.427276356428
38456,6420.67028699211
38457,8175.19877824784
38458,7725.452221292361
38459,10031.654354590557
38460,10313.817687417437
38461,7052.53464651211
38462,5744.693299992531
38463,7883.495388557453
38464,9428.861619394089
38465,6488.248016287583
38466,8369.363100486908
38467,5294.711578138677
38468,9055.535364478008
38469,9885.303388869246
38470,8433.358249527997
38471,9986.52079118178
38472,7256.752758595641
38473,5901.576840452453
38474,7481.631728347703
38475,8912.840618758863
38476,9118.092364335149
38477,8182.426853141931
38478,8153.093704512382
38479,8178.86175836567
38480,6225.628721315602
38481,10702.10891642189
38482,5631.72526721634
38483,11494.95683142009
38484,7218.715733745187
38485,6098.4466971307975
38486,8184.505600278616
38487,7392.613784515823
38488,8836.082841854439
38489,9631.08822950802
38490,5727.07502162483
38491,5462.795340665991
38492,8027.275496693476
38493,11048.565955584276
38494,9763.837384846662
38495,7134.688289796019
38496,7851.089923925235
38497,8493.166902296489
38498,7831.096105428567
38499,6920.542144062022
38500,11393.15354451121
38501,9648.231615244289
38502,13303.102216704507
38503,5725.441179276496
38504,6828.563599588935
38505,10609.904169137764
38506,9818.66243618759
38507,6444.549937847028
38508,11444.65581913871
38509,7636.988154546781
38510,6841.257388329691
38511,6567.977403433912
38512,7210.5535645472355
38513,6331.082481415564
38514,7482.071348489317
38515,5911.591213827663
38516,6536.473071036467
38517,11810.424257905259
38518,7780.037839787981
38519,22773.041159485605
38520,8098.3569793296565
38521,7702.8996971937995
38522,10793.38840634482
38523,12652.024950981879
38524,9399.972425495906
38525,9967.657050202333
38526,8194.694617974765
38527,10793.78349195284
38528,10739.48926265736
38529,8350.685611021763
38530,8086.7416293281285
38531,9857.22883005886
38532,9868.523101536328
38533,9512.758073259623
38534,10315.408543773667
38535,9270.009478511442
38536,7630.495696433196
38537,9977.600465858959
38538,13106.700304989687
38539,13776.30185402074
38540,13900.600445032893
38541,10531.555420634631
38542,9246.5562773998
38543,9003.269948154959
38544,7448.77130928382
38545,10743.634284401907
38546,14994.334863966838
38547,11170.745362748283
38548,9015.13799530319
38549,8748.700509816706
38550,7537.477234948853
38551,9209.169860313625
38552,13253.71857072114
38553,9663.794291365546
38554,8209.917785530435
38555,9070.512813482648
38556,10625.84171843884
38557,7027.99611197188
38558,10181.830402153313
38559,7784.909610532745
38560,10585.8519759041
38561,9911.355601822503
38562,8512.935742333662
38563,9727.090980956355
38564,9959.59796861328
38565,7991.953707939978
38566,9833.797227766274
38567,9642.093563859387
38568,15202.593012176838
38569,8737.017682262202
38570,12099.623937551243
38571,10443.869170039421
38572,11758.130505145393
38573,9830.436649758813
38574,12901.813017355944
38575,7840.857658578179
38576,7839.884144482092
38577,9526.10840081859
38578,8930.121978777137
38579,12575.776126029103
38580,10317.840923480213
38581,8452.527344632841
38582,10225.998675055405
38583,8884.952484774856
38584,13050.11452862479
38585,6992.772648549989
38586,15548.775970722147
38587,8493.077105361735
38588,8793.026247282742
38589,11091.960958229087
38590,8432.820748917837
38591,9417.8700670498
38592,10625.192084420323
38593,10182.822055206978
38594,9611.816716768453
38595,8187.400879624691
38596,10421.26205684661
38597,10686.559067155758
38598,9792.04351745589
38599,7978.064846050165
38600,10028.441420155117
38601,14274.114972006944
38602,9212.243485319263
38603,7630.866452861338
38604,9662.294390624427
38605,8526.379912165505
38606,9133.894724370635
38607,9620.4416038959
38608,7144.889207688649
38609,10100.109246207248
38610,9197.787592332414
38611,9401.57764292911
38612,10298.069970018265
38613,7307.900891045909
38614,10488.508024155282
38615,9378.325967790015
38616,10252.753894271182
38617,11159.671376178416
38618,7897.148283541225
38619,7951.151978495389
38620,9554.940599999869
38621,9088.78526102242
38622,8458.885894251925
38623,9912.460741899486
38624,10272.725264744131
38625,10117.973225362452
38626,8908.085186563356
38627,7584.742309253258
38628,9555.338201307273
38629,11032.835194083698
38630,11400.053888945808
38631,11867.1862485723
38632,11056.517552481757
38633,9003.660439176916
38634,11663.159524217483
38635,9505.635141889885
38636,13859.629762137029
38637,11735.803098533608
38638,9440.225770587691
38639,12351.289997984732
38640,10376.467681904982
38641,11069.708632903043
38642,9173.374452623175
38643,10796.842942307689
38644,10635.799876701894
38645,9151.343988687995
38646,7014.829958869987
38647,9135.945632854178
38648,10668.170167718967
38649,9024.399910439228
38650,8742.43262198631
38651,11483.28119101337
38652,9333.697613056987
38653,9217.239498103896
38654,9080.363968428834
38655,8448.948649583781
38656,10185.029850124902
38657,10011.53201077419
38658,9991.864673827356
38659,9035.40920777529
38660,8715.033801592843
38661,9526.241626605439
38662,7054.200082811634
38663,8910.421326455587
38664,9013.445883533732
38665,10684.362676085362
38666,9608.282200079171
38667,8602.288973718323
38668,13084.267152794524
38669,8897.270580844097
38670,10107.68210794802
38671,13493.693296661166
38672,9744.510168468645
38673,10116.95324554602
38674,10342.748694274447
38675,8437.867246372269
38676,8194.14567623742
38677,8454.97786543958
38678,10587.639778611505
38679,14987.376710352188
38680,8566.825116778706
38681,6346.96837920035
38682,7896.250290034458
38683,10321.557494157218
38684,10614.027348311643
38685,9537.520605660859
38686,10304.161229746122
38687,7730.829665541659
38688,8381.096545426466
38689,5856.515091552889
38690,8234.225612012795
38691,8846.428370525307
38692,9864.016189909058
38693,9940.947231174794
38694,9011.03005913561
38695,11519.077273600722
38696,13539.06556320774
38697,10330.851616959397
38698,7855.359186652943
38699,12358.598575841832
38700,15768.716112815726
38701,8548.920161241012
38702,11557.500653767056
38703,8083.947821141894
38704,8917.694597584556
38705,7252.475238635493
38706,10807.231844906566
38707,8532.249674292269
38708,10792.553466326195
38709,9533.540050260663
38710,11984.24522161466
38711,11220.261722651117
38712,8381.625350679577
38713,11702.520795798324
38714,21957.391513556104
38715,16419.86881511868
38716,9453.068706769895
38717,6681.787407540681
38718,9182.350289251714
38719,13084.410994036596
38720,9205.251656913944
38721,12451.785160404617
38722,18591.586311223764
38723,7644.659458836437
38724,7673.773382272182
38725,11027.102928233746
38726,8225.835912005936
38727,14414.258009495821
38728,10634.707145976867
38729,10206.08245478067
38730,6490.687646376121
38731,10121.425852893119
38732,9296.431455220138
38733,10016.292567412898
38734,13518.003340826952
38735,8850.724639219809
38736,8730.964561699095
38737,9892.491493386482
38738,8010.038364423022
38739,7910.909639413221
38740,10022.331470532321
38741,8531.945298963145
38742,9276.320749526216
38743,10400.899228959765
38744,8623.559361241458
38745,8633.269913578733
38746,9708.748879308878
38747,9748.277253710754
38748,11097.247447977437
38749,10070.483854291553
38750,10729.029940458096
38751,8551.213018835853
38752,6622.454566879207
38753,13444.362471005059
38754,9674.17547271424
38755,9011.256442583017
38756,7527.842876155093
38757,12624.435182125973
38758,10058.128188511779
38759,10058.333234337098
38760,9903.05248578038
38761,8962.13693331872
38762,8126.890886332336
38763,7697.217421399801
38764,13364.251243818244
38765,8413.627655252349
38766,10077.094570404584
38767,18821.051953875784
38768,9969.00796178962
38769,9058.384061030867
38770,8162.053840992712
38771,8116.2876256399595
38772,10025.301452428359
38773,7323.865494310263
38774,8035.769151434091
38775,11993.499762122472
38776,8262.910286762828
38777,19535.427152395445
38778,16930.37190387367
38779,7726.238187085935
38780,10123.463922142473
38781,8352.823164475478
38782,9589.233753282031
38783,8962.11453225209
38784,12470.351870444481
38785,9853.138221298928
38786,12535.565438222582
38787,9704.31713775266
38788,9983.56233191138
38789,8681.076485882319
38790,11977.453557299099
38791,10319.155714863335
38792,9107.58261640126
38793,9119.393215030295
38794,8030.089365929023
38795,11841.49886179907
38796,11456.502033388188
38797,9000.370712525353
38798,13443.243473654313
38799,9487.118902229957
38800,12412.966499726977
38801,7569.324812319548
38802,8759.190471923936
38803,9110.630511062851
38804,15068.97585416748
38805,9427.731655435966
38806,10629.259276302673
38807,10034.878718527192
38808,11291.415045986578
38809,8515.941386547553
38810,11542.28906782401
38811,9763.885268301843
38812,7724.08976595375
38813,17455.737924583722
38814,19729.34059360719
38815,10340.694804744022
38816,10641.993502502984
38817,12567.388962425886
38818,14220.186937456989
38819,13123.208713578111
38820,9567.163912638467
38821,10810.820610825496
38822,8960.933042017736
38823,11067.74618118392
38824,7159.498205782655
38825,9522.431919560253
38826,8981.849545325846
38827,8691.038727500887
38828,10305.481384758254
38829,8465.98694791844
38830,8465.642041813093
38831,9873.653560652312
38832,6897.842940824149
38833,8045.586337869229
38834,8977.183034255071
38835,10544.878722488707
38836,11374.858015341724
38837,11671.918941958087
38838,10362.522943859247
38839,9612.17004288951
38840,9411.618968260727
38841,12785.169824532004
38842,9664.31382505596
38843,8157.786630751605
38844,9297.50349675895
38845,10932.091432540436
38846,7447.143641737147
38847,10583.880175235172
38848,6782.881534293238
38849,8472.109314030082
38850,12028.604992594313
38851,8066.029372032984
38852,8657.295377515517
38853,10702.753637004664
38854,11598.806069947103
38855,14341.766675472212
38856,9194.482254364342
38857,11743.099210479424
38858,6792.366078738484
38859,8583.958995848832
38860,9007.88110700018
38861,7907.326499901366
38862,10740.599954903539
38863,8277.62605361046
38864,8654.360266713085
38865,10741.253849450382
38866,15173.069377622965
38867,10958.881099968294
38868,8432.238261081662
38869,8135.3230612502475
38870,11691.357227994817
38871,10352.27184816814
38872,10185.385955449654
38873,8481.56510776847
38874,9619.691243792679
38875,14397.910488243493
38876,8295.994493437582
38877,9681.51387235223
38878,9996.475028196639
38879,10819.754115614849
38880,16477.490111966104
38881,8982.99567834405
38882,16735.676056760116
38883,9908.76636039928
38884,8347.199788675198
38885,6883.124078507914
38886,9967.03638684289
38887,8896.100464318053
38888,8178.308407592608
38889,9202.14504948029
38890,8556.757265905646
38891,7832.212295579631
38892,9763.506054784848
38893,7923.091370480188
38894,10446.69961865716
38895,10139.898517554453
38896,10523.758834801672
38897,11894.325161541887
38898,8478.024991113469
38899,10834.451520184342
38900,8270.561525702753
38901,9756.606179440316
38902,8551.369292698648
38903,8841.98536691794
38904,14710.69135927022
38905,9382.75227325649
38906,7739.263669168401
38907,11560.332501611092
38908,11162.578478711452
38909,10381.107418161655
38910,9651.811533198983
38911,10573.503792486143
38912,8285.458629232378
38913,7928.1131044386475
38914,9274.961281846792
38915,11795.558579135952
38916,9799.986669698874
38917,9650.290495570838
38918,8619.111173982283
38919,8320.703453382148
38920,7545.106512598738
38921,9060.081541346479
38922,10746.624111525949
38923,11280.301894538889
38924,12659.767033052973
38925,15297.020726921965
38926,10691.556084972552
38927,8518.074269522971
38928,8375.326071880037
38929,12880.173687898869
38930,11758.309392016918
38931,10867.259778223353
38932,10856.49922654808
38933,11654.041204251102
38934,9273.924577397413
38935,8085.183454728061
38936,12735.320461198053
38937,9565.001439043175
38938,9882.589326947387
38939,9163.782763648043
38940,6723.811680994046
38941,13223.640163541464
38942,9225.241430722584
38943,8655.367432425428
38944,7170.048903988368
38945,8379.471933930936
38946,8837.582881665785
38947,12509.428735078922
38948,9186.510262567792
38949,7403.466617389091
38950,7878.516751994467
38951,7941.829365467764
38952,6587.389644776199
38953,10175.778798743871
38954,19224.86046482109
38955,7934.8586963628095
38956,8120.116775850302
38957,9960.719205691674
38958,7923.744220250743
38959,9564.735683320216
38960,8351.588642696806
38961,7749.061228179533
38962,10157.967747349574
38963,9886.241953170995
38964,7310.321905783004
38965,11266.766150664878
38966,8690.321145407726
38967,8104.741246116423
38968,10794.307847894806
38969,10976.932473436493
38970,12551.706492093017
38971,8781.313338602165
38972,10163.50194472883
38973,7823.950758269742
38974,10186.560225893198
38975,16176.702106015176
38976,14155.3373367004
38977,9172.286616282487
38978,7499.468718872686
38979,8076.657664063332
38980,8603.82785937972
38981,7474.8124050617125
38982,12307.773238264326
38983,8731.683576197382
38984,8499.076278303719
38985,12152.168120810225
38986,7727.520087964618
38987,8980.510856599514
38988,11253.280158566888
38989,10543.07753886202
38990,9945.219172915888
38991,7610.916912895522
38992,8627.618838020191
38993,9584.163564308994
38994,12665.669637040939
38995,10934.768431797655
38996,9384.43702552528
38997,7997.783210531844
38998,9033.219025594342
38999,8969.653654014031
39000,7785.046336945116
39001,10010.532449401906
39002,9706.087240413568
39003,8957.366336422874
39004,9520.003736435057
39005,9385.715767403331
39006,9328.335530883935
39007,9134.23409839636
39008,9258.558720565352
39009,9873.300773268174
39010,9323.83700053311
39011,11502.35223877468
39012,9405.252160428372
39013,8117.549626809568
39014,14290.54922448622
39015,7996.23926557535
39016,6653.45655054706
39017,11906.721307321537
39018,11289.524130049334
39019,14860.077113918403
39020,7940.412548090138
39021,8833.440075552173
39022,8913.532332330817
39023,10535.006972360445
39024,9279.414112174109
39025,10727.79242903183
39026,5782.703346965981
39027,10001.681212456377
39028,8980.38684823148
39029,8697.617700845814
39030,7850.277033728784
39031,9637.350564732978
39032,11692.8814648854
39033,8296.787427701162
39034,13091.491994898191
39035,10271.005969679618
39036,11006.256742509258
39037,8039.735449235586
39038,9840.582892061602
39039,8212.851756600712
39040,14167.779005307255
39041,10306.474425241986
39042,7359.659421252753
39043,9766.18182177699
39044,11025.913818822428
39045,9959.044625375845
39046,8503.305475305298
39047,6731.407815594559
39048,10986.32676668144
39049,8964.226139512197
39050,11562.263112862289
39051,10259.336466165909
39052,8659.861408138235
39053,11339.01760667289
39054,10382.441368440008
39055,10666.860921878173
39056,10238.540550969929
39057,8699.338226965145
39058,10550.832298950532
39059,13072.794656663507
39060,11478.036233306879
39061,7669.141676754227
39062,8962.946896805253
39063,7810.774024974333
39064,6655.3352674155285
39065,12919.774040270315
39066,7769.428085865074
39067,11957.66211997697
39068,7624.689581624289
39069,10858.475154628237
39070,9723.050072408625
39071,13002.867768110464
39072,8020.717521976659
39073,8675.61444596056
39074,9496.803762054293
39075,10110.843641500449
39076,8603.56084099718
39077,10478.519963845625
39078,10829.098417234973
39079,12905.063779947825
39080,9719.998906444613
39081,10089.841140644528
39082,8802.125744513962
39083,7252.435403936228
39084,8501.488881692698
39085,13672.927493499785
39086,12256.864087284603
39087,9786.110489373907
39088,15842.389612625275
39089,9624.975819219357
39090,8317.119712464519
39091,9547.211188866406
39092,10864.601032840264
39093,14346.512250716336
39094,9979.635260809484
39095,10532.55141551637
39096,10769.464112556929
39097,9744.599497040435
39098,9939.666372786873
39099,8325.13577445656
39100,8076.284834485321
39101,8021.725648770974
39102,7593.899797188679
39103,8255.349712122857
39104,11583.675507842958
39105,20297.196294368216
39106,9414.78065026697
39107,8200.777345528826
39108,10531.894006124478
39109,7246.424474619122
39110,9838.123140114836
39111,6278.878693871869
39112,12347.500777015803
39113,8661.588116891653
39114,9237.366833592607
39115,17333.619451429906
39116,14140.332786138712
39117,9788.130188057397
39118,9667.122271269378
39119,6264.921719663025
39120,8910.952131585063
39121,7959.984586477161
39122,10941.508138997095
39123,8288.154943281721
39124,7673.507880974783
39125,8823.94452498863
39126,9221.277630310607
39127,9301.194156137983
39128,9725.754090817583
39129,6326.892839916614
39130,10292.858439531654
39131,10723.571883272412
39132,13342.63329375429
39133,8478.408173049102
39134,7566.763406422714
39135,10365.053479029872
39136,7200.804467695844
39137,12229.074446203711
39138,8436.263795052946
39139,8642.502549105551
39140,9825.160636745597
39141,8819.031136324742
39142,7803.565333949293
39143,9293.85836233877
39144,9966.648361232825
39145,12468.051019175755
39146,13070.411176090134
39147,8889.814628277014
39148,7670.503090761412
39149,9008.943248621033
39150,8868.085128268438
39151,8394.529038417651
39152,9236.787856309624
39153,8503.896551222011
39154,12697.019954242161
39155,11229.82515805282
39156,9144.060384108914
39157,10076.50192325744
39158,9136.214644639762
39159,11730.525848455529
39160,9074.777551641824
39161,16403.930650491788
39162,9635.72263892464
39163,8217.57782232093
39164,8965.510595074964
39165,7154.015783542061
39166,10260.983320215548
39167,21764.796248760536
39168,8075.325354751303
39169,7322.852776433367
39170,12728.522453014983
39171,10585.76921598881
39172,9705.15493422041
39173,10442.731140704276
39174,9013.45235040222
39175,7867.701409442561
39176,7206.003295950352
39177,11499.255539857963
39178,9087.501543870632
39179,9125.785161509104
39180,9315.886580837441
39181,8053.459396995284
39182,10346.727587670031
39183,9417.130677069083
39184,7142.3940650571585
39185,11922.004305967774
39186,11322.664278480963
39187,7739.553302243186
39188,10347.299674854976
39189,9467.590330850642
39190,7678.70793416773
39191,11438.311361876604
39192,8808.68157992429
39193,9937.781949765458
39194,7891.113839847632
39195,8848.972425994696
39196,9234.732920480574
39197,7577.146913741182
39198,10303.491577877028
39199,7565.1300100367625
39200,8746.447221441766
39201,7926.232464019266
39202,8746.596580635985
39203,8925.31559274727
39204,9467.395319272522
39205,10569.645085148411
39206,10155.128637917405
39207,9510.838250129898
39208,9663.870047155646
39209,9877.039487789432
39210,11651.00456849957
39211,11464.512287312624
39212,10141.401855235536
39213,7356.778099919616
39214,8565.829602867301
39215,9444.467380046246
39216,7816.68537552304
39217,13629.2471796701
39218,9376.52215649574
39219,10606.456619057673
39220,13750.035869461131
39221,9597.631813781665
39222,7531.537678456912
39223,16348.698980989935
39224,12144.359768354743
39225,9063.541195546908
39226,11470.654540300304
39227,12261.482135207447
39228,9058.037100920137
39229,8935.468197636103
39230,9915.333642510504
39231,9246.45095154573
39232,8642.853298707034
39233,9667.38297576843
39234,7946.54295967062
39235,9724.887359782791
39236,10327.874616827838
39237,9362.44865417315
39238,11307.669084788644
39239,8880.78200262397
39240,9917.4211662187
39241,7343.986501450152
39242,11466.175347487297
39243,9468.002078297228
39244,8988.107477243047
39245,9345.893211863557
39246,10136.971918574327
39247,11692.35483649793
39248,8979.337686270643
39249,8178.4297142811665
39250,10111.626934776501
39251,9419.088921490938
39252,10176.099117321492
39253,7621.005770896069
39254,7368.581269682232
39255,10579.482425955941
39256,8278.718432693384
39257,8982.653707648627
39258,10754.56793843003
39259,8983.351854589057
39260,9683.020650320677
39261,7655.554856459652
39262,7958.487007375745
39263,9717.761220725024
39264,9296.437385326142
39265,10261.215549244906
39266,13390.750940327773
39267,11757.458677089948
39268,7501.965133129956
39269,11119.642897909185
39270,6895.739192667006
39271,6047.692008250212
39272,10483.503030116337
39273,14665.992776173121
39274,11076.558044090934
39275,10494.220828978943
39276,7633.86893930534
39277,10036.255160734067
39278,12462.135165062293
39279,10897.717895583784
39280,11206.353486728261
39281,7955.047712788926
39282,7358.380231165672
39283,7847.274640218554
39284,8390.832270896955
39285,8869.500282570367
39286,7875.527630093007
39287,8443.382192638766
39288,7021.131714956623
39289,8817.958270004645
39290,10810.175505019768
39291,8412.568847498773
39292,9494.153820328658
39293,9864.381375823521
39294,8418.4000756861
39295,8245.599454481857
39296,11651.665799085062
39297,11964.208312941988
39298,8775.79793866162
39299,7098.380645693284
39300,17568.313877584478
39301,9946.961111710036
39302,8286.886278371736
39303,12780.846087204322
39304,11766.788601412758
39305,10557.836572913035
39306,9024.357286329125
39307,9859.288325120564
39308,13190.553851237633
39309,18551.270120617064
39310,9074.181922175989
39311,7987.114115596802
39312,8206.039026256409
39313,10113.947285057782
39314,9256.410721303235
39315,11469.79995290663
39316,11484.853667315843
39317,8979.450105050755
39318,7643.242191078149
39319,9432.832855931343
39320,11102.587270110706
39321,8234.434013443873
39322,10528.337971224626
39323,6703.492595288042
39324,10788.01532695116
39325,11234.628589260716
39326,10247.760042638602
39327,11620.452282975668
39328,8991.287839740255
39329,7738.605521408403
39330,8998.626282575195
39331,10784.294562919404
39332,10748.617023766294
39333,9992.62435203808
39334,9640.73093800232
39335,9650.570515107765
39336,7657.711997961197
39337,12228.274942275148
39338,7405.7801785730035
39339,13201.957131086754
39340,8718.112475786485
39341,7907.350400249704
39342,9899.403636461533
39343,9117.755827837702
39344,10569.853550697326
39345,11425.870149093544
39346,7741.874799504341
39347,7235.606130251088
39348,10040.413781560597
39349,12457.82071388821
39350,11570.303210289727
39351,8845.106282611472
39352,9288.782850416936
39353,10604.951029562053
39354,9293.492979946672
39355,8417.732082592973
39356,13066.245322804765
39357,11237.7213893767
39358,14436.386402458718
39359,7665.8293172847125
39360,8748.159686793391
39361,11083.112665582608
39362,11651.119877572639
39363,8134.249612522237
39364,13729.6749684247
39365,9580.970236517094
39366,8860.606676126139
39367,8216.570674243261
39368,9518.767360831192
39369,8196.295595296879
39370,9568.90527692991
39371,8029.238914790836
39372,8458.447598093819
39373,14513.573100751728
39374,8611.575799196698
39375,23173.674147290185
39376,9943.671847956917
39377,0.0
39378,0.0
39379,0.0
39380,0.0
39381,0.0
39382,0.0
39383,0.0
39384,0.0
39385,0.0
39386,0.0
39387,0.0
39388,0.0
39389,0.0
39390,0.0
39391,0.0
39392,0.0
39393,0.0
39394,0.0
39395,0.0
39396,0.0
39397,0.0
39398,0.0
39399,0.0
39400,0.0
39401,0.0
39402,0.0
39403,0.0
39404,0.0
39405,0.0
39406,0.0
39407,0.0
39408,0.0
39409,0.0
39410,0.0
39411,0.0
39412,0.0
39413,0.0
39414,0.0
39415,0.0
39416,0.0
39417,0.0
39418,0.0
39419,0.0
39420,0.0
39421,0.0
39422,0.0
39423,0.0
39424,0.0
39425,0.0
39426,0.0
39427,0.0
39428,0.0
39429,0.0
39430,0.0
39431,0.0
39432,0.0
39433,0.0
39434,0.0
39435,0.0
39436,0.0
39437,0.0
39438,0.0
39439,0.0
39440,0.0
39441,0.0
39442,0.0
39443,0.0
39444,0.0
39445,0.0
39446,0.0
39447,0.0
39448,0.0
39449,0.0
39450,0.0
39451,0.0
39452,0.0
39453,0.0
39454,0.0
39455,0.0
39456,0.0
39457,0.0
39458,0.0
39459,0.0
39460,0.0
39461,0.0
39462,0.0
39463,0.0
39464,0.0
39465,0.0
39466,0.0
39467,0.0
39468,2979.7137347026837
39469,0.0
39470,0.0
39471,0.0
39472,0.0
39473,0.0
39474,0.0
39475,0.0
39476,0.0
39477,0.0
39478,0.0
39479,0.0
39480,0.0
39481,0.0
39482,0.0
39483,0.0
39484,0.0
39485,0.0
39486,0.0
39487,0.0
39488,0.0
39489,0.0
39490,0.0
39491,0.0
39492,0.0
39493,0.0
39494,0.0
39495,0.0
39496,0.0
39497,0.0
39498,0.0
39499,0.0
39500,0.0
39501,0.0
39502,0.0
39503,0.0
39504,0.0
39505,0.0
39506,0.0
39507,0.0
39508,0.0
39509,0.0
39510,0.0
39511,0.0
39512,0.0
39513,0.0
39514,0.0
39515,0.0
39516,0.0
39517,0.0
39518,0.0
39519,0.0
39520,0.0
39521,0.0
39522,0.0
39523,0.0
39524,0.0
39525,0.0
39526,0.0
39527,0.0
39528,0.0
39529,0.0
39530,0.0
39531,0.0
39532,0.0
39533,0.0
39534,0.0
39535,0.0
39536,2856.3981812623933
39537,0.0
39538,0.0
39539,0.0
39540,0.0
39541,0.0
39542,0.0
39543,0.0
39544,0.0
39545,0.0
39546,0.0
39547,0.0
39548,0.0
39549,0.0
39550,0.0
39551,0.0
39552,0.0
39553,0.0
39554,0.0
39555,0.0
39556,0.0
39557,0.0
39558,0.0
39559,0.0
39560,0.0
39561,0.0
39562,0.0
39563,0.0
39564,0.0
39565,0.0
39566,0.0
39567,0.0
39568,0.0
39569,0.0
39570,0.0
39571,0.0
39572,0.0
39573,0.0
39574,0.0
39575,0.0
39576,0.0
39577,13688.285622260033
39578,26700.067505013023
39579,0.0
39580,0.0
39581,0.0
39582,0.0
39583,0.0
39584,0.0
39585,0.0
39586,6404.273763273094
39587,0.0
39588,0.0
39589,0.0
39590,0.0
39591,0.0
39592,0.0
39593,0.0
39594,0.0
39595,0.0
39596,0.0
39597,0.0
39598,0.0
39599,0.0
39600,0.0
39601,0.0
39602,0.0
39603,0.0
39604,0.0
39605,4527.5010424008115
39606,0.0
39607,0.0
39608,0.0
39609,0.0
39610,0.0
39611,0.0
39612,0.0
39613,0.0
39614,0.0
39615,3361.3914802050726
39616,0.0
39617,0.0
39618,0.0
39619,0.0
39620,0.0
39621,0.0
39622,0.0
39623,0.0
39624,0.0
39625,0.0
39626,0.0
39627,0.0
39628,0.0
39629,0.0
39630,0.0
39631,0.0
39632,0.0
39633,8178.78849766069
39634,0.0
39635,0.0
39636,0.0
39637,0.0
39638,0.0
39639,0.0
39640,0.0
39641,0.0
39642,0.0
39643,0.0
39644,0.0
39645,0.0
39646,0.0
39647,0.0
39648,0.0
39649,0.0
39650,6787.144659130896
39651,0.0
39652,0.0
39653,0.0
39654,0.0
39655,0.0
39656,0.0
39657,0.0
39658,0.0
39659,0.0
39660,0.0
39661,0.0
39662,0.0
39663,0.0
39664,0.0
39665,0.0
39666,0.0
39667,0.0
39668,0.0
39669,0.0
39670,0.0
39671,0.0
39672,0.0
39673,0.0
39674,0.0
39675,0.0
39676,0.0
39677,0.0
39678,0.0
39679,0.0
39680,0.0
39681,0.0
39682,0.0
39683,0.0
39684,0.0
39685,0.0
39686,0.0
39687,0.0
39688,0.0
39689,0.0
39690,0.0
39691,0.0
39692,0.0
39693,0.0
39694,0.0
39695,0.0
39696,0.0
39697,0.0
39698,0.0
39699,0.0
39700,0.0
39701,0.0
39702,0.0
39703,0.0
39704,0.0
39705,0.0
39706,0.0
39707,0.0
39708,0.0
39709,0.0
39710,0.0
39711,0.0
39712,1966.883282406434
39713,0.0
39714,0.0
39715,0.0
39716,0.0
39717,0.0
39718,0.0
39719,0.0
39720,0.0
39721,0.0
39722,0.0
39723,0.0
39724,0.0
39725,0.0
39726,4050.155948332264
39727,0.0
39728,0.0
39729,0.0
39730,0.0
39731,0.0
39732,0.0
39733,0.0
39734,0.0
39735,0.0
39736,0.0
39737,0.0
39738,0.0
39739,0.0
39740,0.0
39741,0.0
39742,0.0
39743,0.0
39744,0.0
39745,0.0
39746,0.0
39747,0.0
39748,0.0
39749,0.0
39750,0.0
39751,0.0
39752,0.0
39753,0.0
39754,0.0
39755,0.0
39756,0.0
39757,0.0
39758,0.0
39759,0.0
39760,0.0
39761,0.0
39762,0.0
39763,0.0
39764,0.0
39765,0.0
39766,0.0
39767,0.0
39768,0.0
39769,6424.659082984822
39770,0.0
39771,0.0
39772,0.0
39773,0.0
39774,0.0
39775,0.0
39776,0.0
39777,0.0
39778,0.0
39779,2854.2549102395196
39780,0.0
39781,0.0
39782,0.0
39783,3018.3285735140676
39784,0.0
39785,0.0
39786,0.0
39787,0.0
39788,0.0
39789,0.0
39790,0.0
39791,0.0
39792,0.0
39793,0.0
39794,0.0
39795,0.0
39796,0.0
39797,0.0
39798,0.0
39799,0.0
39800,0.0
39801,0.0
39802,0.0
39803,0.0
39804,0.0
39805,0.0
39806,0.0
39807,0.0
39808,0.0
39809,0.0
39810,18065.92242276562
39811,0.0
39812,0.0
39813,0.0
39814,0.0
39815,0.0
39816,0.0
39817,0.0
39818,0.0
39819,0.0
39820,0.0
39821,0.0
39822,0.0
39823,0.0
39824,5834.319570531154
39825,0.0
39826,0.0
39827,0.0
39828,0.0
39829,0.0
39830,0.0
39831,0.0
39832,0.0
39833,0.0
39834,0.0
39835,0.0
39836,0.0
39837,0.0
39838,0.0
39839,0.0
39840,0.0
39841,0.0
39842,0.0
39843,0.0
39844,0.0
39845,0.0
39846,0.0
39847,0.0
39848,0.0
39849,0.0
39850,0.0
39851,0.0
39852,0.0
39853,0.0
39854,0.0
39855,0.0
39856,0.0
39857,0.0
39858,0.0
39859,0.0
39860,0.0
39861,0.0
39862,0.0
39863,0.0
39864,0.0
39865,0.0
39866,0.0
39867,0.0
39868,0.0
39869,0.0
39870,0.0
39871,0.0
39872,0.0
39873,0.0
39874,0.0
39875,0.0
39876,0.0
39877,0.0
39878,0.0
39879,0.0
39880,0.0
39881,0.0
39882,0.0
39883,0.0
39884,0.0
39885,0.0
39886,0.0
39887,0.0
39888,0.0
39889,0.0
39890,0.0
39891,0.0
39892,0.0
39893,0.0
39894,0.0
39895,0.0
39896,0.0
39897,0.0
39898,0.0
39899,10696.016893848506
39900,0.0
39901,0.0
39902,0.0
39903,0.0
39904,0.0
39905,0.0
39906,0.0
39907,0.0
39908,0.0
39909,0.0
39910,0.0
39911,0.0
39912,0.0
39913,0.0
39914,0.0
39915,0.0
39916,0.0
39917,0.0
39918,0.0
39919,0.0
39920,0.0
39921,0.0
39922,0.0
39923,0.0
39924,0.0
39925,0.0
39926,0.0
39927,0.0
39928,0.0
39929,0.0
39930,0.0
39931,0.0
39932,0.0
39933,0.0
39934,0.0
39935,0.0
39936,0.0
39937,0.0
39938,0.0
39939,0.0
39940,0.0
39941,0.0
39942,0.0
39943,2904.533099430903
39944,16331.65977839172
39945,0.0
39946,0.0
39947,0.0
39948,0.0
39949,0.0
39950,0.0
39951,0.0
39952,0.0
39953,0.0
39954,0.0
39955,0.0
39956,0.0
39957,0.0
39958,0.0
39959,0.0
39960,0.0
39961,0.0
39962,0.0
39963,0.0
39964,0.0
39965,0.0
39966,0.0
39967,0.0
39968,0.0
39969,0.0
39970,0.0
39971,0.0
39972,12093.449590755172
39973,0.0
39974,0.0
39975,0.0
39976,0.0
39977,0.0
39978,0.0
39979,0.0
39980,0.0
39981,0.0
39982,0.0
39983,0.0
39984,0.0
39985,0.0
39986,0.0
39987,0.0
39988,0.0
39989,0.0
39990,0.0
39991,0.0
39992,0.0
39993,0.0
39994,0.0
39995,0.0
39996,0.0
39997,0.0
39998,0.0
39999,0.0
40000,0.0
40001,0.0
40002,0.0
40003,0.0
40004,0.0
40005,0.0
40006,0.0
40007,0.0
40008,0.0
40009,0.0
40010,0.0
40011,0.0
40012,0.0
40013,0.0
40014,0.0
40015,0.0
40016,0.0
40017,0.0
40018,0.0
40019,0.0
40020,0.0
40021,0.0
40022,0.0
40023,0.0
40024,0.0
40025,0.0
40026,0.0
40027,0.0
40028,0.0
40029,0.0
40030,0.0
40031,0.0
40032,0.0
40033,0.0
40034,0.0
40035,0.0
40036,0.0
40037,0.0
40038,0.0
40039,0.0
40040,0.0
40041,0.0
40042,2928.7083278367245
40043,0.0
40044,0.0
40045,0.0
40046,2369.3058238956028
40047,0.0
40048,0.0
40049,0.0
40050,0.0
40051,0.0
40052,0.0
40053,0.0
40054,0.0
40055,0.0
40056,0.0
40057,0.0
40058,0.0
40059,0.0
40060,0.0
40061,0.0
40062,0.0
40063,0.0
40064,0.0
40065,0.0
40066,0.0
40067,0.0
40068,0.0
40069,0.0
40070,0.0
40071,0.0
40072,0.0
40073,0.0
40074,0.0
40075,0.0
40076,0.0
40077,0.0
40078,0.0
40079,0.0
40080,0.0
40081,0.0
40082,0.0
40083,0.0
40084,0.0
40085,0.0
40086,0.0
40087,0.0
40088,0.0
40089,0.0
40090,0.0
40091,0.0
40092,0.0
40093,0.0
40094,0.0
40095,0.0
40096,0.0
40097,1786.9802340845292
40098,0.0
40099,0.0
40100,0.0
40101,0.0
40102,0.0
40103,0.0
40104,0.0
40105,0.0
40106,0.0
40107,0.0
40108,0.0
40109,0.0
40110,0.0
40111,0.0
40112,9137.924978079021
40113,0.0
40114,0.0
40115,0.0
40116,0.0
40117,0.0
40118,0.0
40119,0.0
40120,0.0
40121,0.0
40122,0.0
40123,0.0
40124,0.0
40125,0.0
40126,0.0
40127,0.0
40128,0.0
40129,0.0
40130,0.0
40131,0.0
40132,0.0
40133,0.0
40134,0.0
40135,0.0
40136,0.0
40137,0.0
40138,0.0
40139,0.0
40140,0.0
40141,0.0
40142,0.0
40143,0.0
40144,0.0
40145,0.0
40146,0.0
40147,0.0
40148,0.0
40149,0.0
40150,0.0
40151,0.0
40152,0.0
40153,0.0
40154,0.0
40155,0.0
40156,0.0
40157,0.0
40158,0.0
40159,0.0
40160,0.0
40161,0.0
40162,0.0
40163,0.0
40164,0.0
40165,0.0
40166,0.0
40167,0.0
40168,0.0
40169,0.0
40170,0.0
40171,0.0
40172,0.0
40173,0.0
40174,0.0
40175,0.0
40176,3390.568062733415
40177,0.0
40178,0.0
40179,0.0
40180,0.0
40181,0.0
40182,0.0
40183,0.0
40184,0.0
40185,0.0
40186,0.0
40187,0.0
40188,0.0
40189,0.0
40190,0.0
40191,0.0
40192,0.0
40193,0.0
40194,0.0
40195,0.0
40196,0.0
40197,0.0
40198,0.0
40199,0.0
40200,0.0
40201,0.0
40202,0.0
40203,0.0
40204,0.0
40205,0.0
40206,0.0
40207,0.0
40208,0.0
40209,0.0
40210,0.0
40211,0.0
40212,0.0
40213,0.0
40214,0.0
40215,0.0
40216,0.0
40217,12401.435000990778
40218,5043.982817823117
40219,0.0
40220,0.0
40221,0.0
40222,0.0
40223,0.0
40224,0.0
40225,0.0
40226,0.0
40227,0.0
40228,0.0
40229,0.0
40230,0.0
40231,0.0
40232,0.0
40233,4747.2568368019265
40234,4213.255663971046
40235,6059.590155935106
40236,3929.3694146780226
40237,5897.093110658201
40238,3859.2590956577733
40239,6276.694237757356
40240,6100.28228627475
40241,4319.731213542831
40242,3397.929253385008
40243,6775.913722145402
40244,5617.259329782524
40245,5001.039460430473
40246,6509.23082814676
40247,5051.552789271879
40248,3004.551937370653
40249,6140.023516922089
40250,7859.477934156329
40251,8768.26252136333
40252,7637.113611243087
40253,6936.798412404215
40254,4053.407574030158
40255,5981.899550944294
40256,2628.9788937619683
40257,7169.050788822746
40258,9314.13992437817
40259,7925.459465594198
40260,5470.836454818253
40261,3460.544272474011
40262,4234.644474782144
40263,6083.229119667311
40264,8125.010339451774
40265,5876.492680121639
40266,4910.610241288494
40267,5488.6965162102415
40268,6435.410731001452
40269,2840.6248438117
40270,7126.2715785689325
40271,4436.10175387474
40272,6714.218166084036
40273,6305.639213951573
40274,3940.2799932929606
40275,6749.857527532575
40276,5263.553752507125
40277,4511.057446989037
40278,4486.0001693829145
40279,6457.72198398404
40280,10570.385910557636
40281,5721.731529354707
40282,6092.351134523547
40283,7270.321311459912
40284,7995.609343217936
40285,6209.459714856968
40286,6560.664498166292
40287,2780.5555425799707
40288,3421.161768867258
40289,5110.113922033546
40290,5888.7366570158465
40291,8532.057057173926
40292,6964.9149931059665
40293,3837.490986774161
40294,6953.653318206219
40295,5556.914570295966
40296,6368.522879593169
40297,3221.011505597304
40298,10582.08935172202
40299,3944.0672964685496
40300,4773.03374290073
40301,6855.918547891535
40302,4801.758356449364
40303,5545.4037622031865
40304,4258.427563812631
40305,5774.129203148762
40306,5113.355154888672
40307,5464.967054238772
40308,7336.931510057077
40309,7470.388977707273
40310,5457.812837464706
40311,3859.384171305361
40312,6562.221556164121
40313,11954.853617423678
40314,5362.200902753807
40315,3054.52298428113
40316,6560.60855381084
40317,5152.413358139911
40318,6140.973581728753
40319,7406.250432790263
40320,2807.0196662405588
40321,6986.650124130166
40322,5023.641007733855
40323,5685.440485139782
40324,5626.314834525034
40325,3609.49715381903
40326,5788.7794671004895
40327,5651.675848455219
40328,6992.0138265825335
40329,6775.7947009914715
40330,4291.456864919791
40331,4836.378476814366
40332,6476.279173807683
40333,5765.104332228178
40334,4101.357479004207
40335,5961.484544027455
40336,5298.506532042859
40337,5774.8445522297425
40338,5529.526108581627
40339,3381.896112795584
40340,6049.253632654386
40341,5660.996967372402
40342,6406.890574179673
40343,7960.807053006174
40344,7604.100076467036
40345,5532.741993109941
40346,7434.051530095379
40347,4641.860130564758
40348,4364.095112529259
40349,7751.949364506899
40350,6382.410017417713
40351,7465.069252601137
40352,8734.191114127381
40353,7430.740042699208
40354,5745.243835219486
40355,6134.773986244709
40356,7438.174339779192
40357,4071.296258515509
40358,2591.535259366081
40359,5717.764591437983
40360,5192.186571388816
40361,5420.459189131706
40362,3852.726023881698
40363,6289.385010706624
40364,5689.849175332936
40365,5142.212205608741
40366,5608.00401662231
40367,3539.3725970053288
40368,6029.125758305803
40369,6879.955400673495
40370,4479.234260435772
40371,5739.43368427312
40372,3555.113679362705
40373,6447.157332726278
40374,3504.6320075281983
40375,4372.3348719402675
40376,4736.113645612277
40377,7405.205427859019
40378,5270.132125899837
40379,5249.630370063738
40380,10588.161096399963
40381,4757.62522759658
40382,5997.697159644538
40383,9981.143042036263
40384,6499.303009607157
40385,7078.228641091522
40386,6194.451891841881
40387,5396.282584169791
40388,5276.100556921958
40389,4252.934709953312
40390,5932.981191634037
40391,7645.6012381543715
40392,4627.329194067021
40393,3335.5552414968165
40394,2994.348521530537
40395,7069.842172452134
40396,7703.88535626888
40397,5741.211110055416
40398,6172.912763826741
40399,4937.898089349978
40400,3854.372291596701
40401,2370.078625931137
40402,3523.2719544132487
40403,5433.338212088874
40404,7033.936012254763
40405,5821.432940302095
40406,4882.488837028643
40407,8558.161634908483
40408,7802.981589991112
40409,7279.65858566579
40410,4896.492831040593
40411,7692.321582746721
40412,9330.997486745284
40413,4109.91217193585
40414,6307.772724359575
40415,5143.373428629146
40416,6147.298994674283
40417,3542.8395092952933
40418,5867.620144761021
40419,4922.831458045568
40420,7626.663130532682
40421,6229.120346340209
40422,7518.416149988963
40423,7100.947101699956
40424,5196.96191067728
40425,7684.099852780594
40426,18136.13022697682
40427,9118.036872989485
40428,5029.733513886467
40429,2994.0273907179558
40430,6369.182725930755
40431,7660.550913016631
40432,4004.9255407079445
40433,10091.95863177875
40434,16578.753774142784
40435,4403.732468533913
40436,3767.8334069417083
40437,9368.540595920154
40438,3882.2887716175255
40439,7288.700721994541
40440,3978.1556960498947
40441,5418.147844570276
40442,4106.8754297773075
40443,5922.88887919624
40444,6110.239945161659
40445,5291.926682179376
40446,8859.20243659377
40447,6047.116563433236
40448,5919.456674890824
40449,7177.056435569609
40450,5290.298287725392
40451,5440.972491901851
40452,8137.164980955844
40453,4948.349680764489
40454,5523.247372749566
40455,4714.425369969286
40456,4145.933557080303
40457,4237.3174255686
40458,5268.405429195233
40459,5336.998150402781
40460,8038.344346797501
40461,6537.8284734587305
40462,6516.55519948
40463,4554.828368234977
40464,4890.030582703047
40465,4548.377759976594
40466,5512.956159973548
40467,6259.661770764795
40468,3654.779499680898
40469,6654.00499947473
40470,6134.707009495799
40471,6061.784703788349
40472,5670.511911873707
40473,5235.842709986622
40474,3593.4897455188443
40475,3114.2149846074335
40476,8674.69931330645
40477,5367.231142640284
40478,5554.625948597431
40479,12227.89433819127
40480,7190.956640067466
40481,5341.9782477007975
40482,5368.379644865515
40483,3488.402215136912
40484,4605.026810438138
40485,3474.71374472269
40486,4015.4648366850247
40487,7637.103520463253
40488,5284.864871571005
40489,10485.690262271744
40490,11346.404733120364
40491,5367.981217065703
40492,5457.90681345758
40493,4060.2967283137855
40494,5030.215810742718
40495,4816.976049385406
40496,9803.064687584818
40497,6402.033377713301
40498,7266.64432033882
40499,4486.220623997448
40500,5380.65748093841
40501,6155.360010233798
40502,7176.855638827827
40503,6558.116922069299
40504,5055.989843340348
40505,6403.964673786213
40506,5589.181938791458
40507,8467.391092873291
40508,7315.464741745784
40509,6342.767408135429
40510,7932.774291011946
40511,6544.812447529018
40512,8525.831769349375
40513,3282.361672731238
40514,5503.429001616641
40515,5885.388825529273
40516,9117.04090116469
40517,6092.818807691083
40518,7109.763661403203
40519,6697.469333568132
40520,7562.13662856145
40521,5838.929998951122
40522,6965.80893227621
40523,5698.484803756121
40524,3971.6617135818547
40525,11815.576403815357
40526,15794.45788827317
40527,6939.26404969335
40528,7076.46967422492
40529,7618.178964915528
40530,8416.228964772848
40531,7957.641592005954
40532,4678.222170416995
40533,5055.918806675286
40534,5776.752361548994
40535,7570.421890749132
40536,2874.094860801459
40537,5122.434152369424
40538,5631.799031997366
40539,4052.076288162257
40540,5156.586484880797
40541,3766.268954619943
40542,3521.1842871782724
40543,6290.87319064844
40544,2881.203422820523
40545,4074.487694387847
40546,5527.59325262325
40547,5691.416626489675
40548,7857.7300586489955
40549,9570.466640653596
40550,6319.247829593536
40551,6891.078439774579
40552,6363.574724803183
40553,9133.383187340563
40554,5214.222408005925
40555,3424.4982790546046
40556,5171.857069154114
40557,9341.04564733013
40558,3809.9048215056805
40559,7134.35147475104
40560,3634.48118293915
40561,4119.02162924433
40562,6338.262995833377
40563,5098.633959404828
40564,5613.846252283588
40565,8178.641500671746
40566,8510.925431311014
40567,9325.70060288286
40568,4265.400078690054
40569,9756.486381504814
40570,2755.0785329489436
40571,4615.923776304841
40572,6054.781415488539
40573,4181.241618073195
40574,7945.650016765257
40575,3381.5729305051627
40576,5024.884160475336
40577,6204.593198447859
40578,8815.558587770713
40579,8960.6599455045
40580,4500.153975571306
40581,3285.342007817924
40582,6464.600678657525
40583,7350.535410069871
40584,5490.758392291635
40585,5776.160926473973
40586,7578.4472399265605
40587,8153.83702961762
40588,5325.864925611399
40589,4651.469819558355
40590,6871.765280166776
40591,6046.588608915324
40592,11829.437427713401
40593,6793.515898157919
40594,12856.883792040417
40595,6319.108458121076
40596,5456.5919088045675
40597,2959.3551337163053
40598,5429.272454552983
40599,5591.304460883527
40600,5404.6278753338165
40601,7488.85509101004
40602,5913.528737332075
40603,3279.3007514634032
40604,6846.072243251873
40605,4530.038718264628
40606,7493.129623134219
40607,7253.878764386367
40608,5844.14480513935
40609,8002.281615242004
40610,5099.289255103471
40611,7127.327644034808
40612,5149.390932064232
40613,6625.337853948076
40614,6445.014454259297
40615,4426.58142432753
40616,8842.326037139044
40617,6538.0442258120775
40618,3873.356266268313
40619,4800.956492423356
40620,6802.674742100246
40621,5366.652138012999
40622,5021.562904925388
40623,6077.5602202545115
40624,4997.067038877579
40625,5552.490115391396
40626,6289.040945543939
40627,9209.408194749416
40628,4804.343098706137
40629,4329.0458276210575
40630,5612.895069853737
40631,5676.128597001863
40632,3218.2304759199974
40633,4744.1192537375255
40634,8317.483966971597
40635,6430.01731803732
40636,9678.910057453077
40637,8285.91815984736
40638,7670.727087841098
40639,4411.225464731717
40640,4225.276732754301
40641,9707.052078000715
40642,7624.4525119742775
40643,6835.148764382056
40644,6264.100729337691
40645,6814.544653607196
40646,4700.300098164759
40647,3748.763669531717
40648,9530.208496253636
40649,6421.343118673971
40650,5813.7554805836135
40651,5040.995879421972
40652,2521.024078015248
40653,8095.110731947003
40654,6346.622180824125
40655,5183.436751196454
40656,3810.4096318806314
40657,5136.391516058883
40658,5389.213673431263
40659,5431.712039581264
40660,8158.064568692646
40661,4879.979075561611
40662,4181.2180222653105
40663,3546.798515819722
40664,3111.634325154571
40665,5362.274088820108
40666,14968.289305126296
40667,3701.9420307418004
40668,5760.1427013533885
40669,6036.249523208853
40670,3282.3014738497827
40671,4111.6297297031
40672,5502.334411721069
40673,3164.5851011127143
40674,9287.510828744678
40675,6520.385314318196
40676,2706.658789721034
40677,8005.504835803919
40678,2899.465658565653
40679,3727.0593603246452
40680,7414.194600508777
40681,7711.685806018558
40682,8141.546036175703
40683,3529.7578889819256
40684,5299.7079973338905
40685,4230.053035565636
40686,7103.583196036583
40687,14854.90175377606
40688,10710.034468884454
40689,5649.79385927695
40690,3425.9905448625473
40691,5783.408024150096
40692,4306.566876407582
40693,2871.74122886247
40694,8341.862954547381
40695,4199.794868258548
40696,5378.029529786293
40697,6989.9312931494305
40698,4659.288128652009
40699,4832.893328647278
40700,5634.774690493199
40701,7214.724187008993
40702,6759.653462196475
40703,3278.3899382599243
40704,4712.387494050096
40705,6449.094623381727
40706,8528.994553565102
40707,6383.879628219181
40708,6501.390636547401
40709,2820.159430912093
40710,7038.236617317315
40711,4641.665715684575
40712,2828.0951469970464
40713,5250.462589896526
40714,5310.123274368606
40715,4326.638029937584
40716,6219.377750658366
40717,5059.151903242085
40718,5560.817236550286
40719,6305.101263786281
40720,5909.146714168927
40721,7301.425742507981
40722,5178.309636958647
40723,8163.639748126865
40724,6030.864102347829
40725,3245.046074499404
40726,10161.738219591156
40727,3560.2729764994137
40728,3680.7139436465704
40729,6615.436285240818
40730,9319.109870593355
40731,8926.327761684388
40732,4112.301456401949
40733,4564.023810055439
40734,5556.54078161137
40735,6229.82375070188
40736,5630.780913241242
40737,7497.895682636482
40738,2384.504863145784
40739,5530.796195223442
40740,5317.452872247524
40741,5111.012351247045
40742,3800.008553933023
40743,6678.752023414098
40744,6951.386166788668
40745,4091.321833516068
40746,7063.144430668536
40747,7405.3687052925925
40748,7269.585641870123
40749,4676.536986565453
40750,4649.507952628622
40751,4161.575601539772
40752,7546.7026991847415
40753,5530.117740776575
40754,2827.126612269124
40755,7884.27319206797
40756,6819.782379252068
40757,6652.9668105081955
40758,5518.708285814215
40759,2816.5331760075787
40760,8107.603500796916
40761,4065.703437227621
40762,7993.81686384084
40763,5472.935454312966
40764,4687.53912449262
40765,7825.850798072182
40766,4940.110137037392
40767,5207.290944742675
40768,6645.463343983066
40769,3868.7063825486075
40770,6094.651985999914
40771,9740.318639090836
40772,6834.183950319688
40773,3234.0982107195873
40774,5425.433348456909
40775,2825.628468280505
40776,2258.7020902186123
40777,6949.641582560523
40778,4934.772913053096
40779,5943.596460481306
40780,4216.907843912136
40781,5777.025318220697
40782,4750.4625219111
40783,8380.169473042302
40784,5088.6303043390535
40785,5403.774296462816
40786,5296.48608592728
40787,5976.473008866273
40788,5558.279063967191
40789,5026.881406886773
40790,7193.4662026775795
40791,9206.340460554147
40792,6775.287971734107
40793,6844.717176056545
40794,5601.658036071535
40795,3128.9022425644175
40796,5123.916413222241
40797,8993.917302728409
40798,6440.306506033876
40799,4638.881877632636
40800,13805.056178188412
40801,4970.332024755779
40802,5014.9989957415155
40803,4442.123335491202
40804,7563.201273905655
40805,10509.801660019453
40806,6178.504669917584
40807,7189.271673287842
40808,7585.925970274497
40809,6285.545224253674
40810,6552.789118584951
40811,4991.8301449374985
40812,3932.3019510795875
40813,4795.269015602507
40814,3241.122729986593
40815,3587.062369561182
40816,7516.576368233928
40817,17418.91990620974
40818,5558.341535403198
40819,2903.410037501398
40820,5719.519314666978
40821,4223.280748474518
40822,6078.253752043305
40823,2081.02504209818
40824,5786.32719276479
40825,5914.645467073768
40826,4386.578437739103
40827,11108.681371972287
40828,11458.443058789493
40829,5128.414380206167
40830,4124.623497757303
40831,3802.1422420634917
40832,4992.443642707652
40833,4548.7590320152685
40834,7678.820006403502
40835,4027.1476560131496
40836,4955.672283212401
40837,4345.929824265606
40838,5848.980562974765
40839,4581.616854898923
40840,6332.280687335671
40841,2555.9740314858686
40842,7135.473927198498
40843,5568.308996423848
40844,6289.752393769009
40845,4647.405896081391
40846,3629.4200121490962
40847,5407.66442529796
40848,4221.623542189787
40849,8258.203722012277
40850,4805.65576881666
40851,3770.609388942012
40852,5703.021540896721
40853,5037.5429875410055
40854,5281.66972980037
40855,4979.817926936593
40856,6028.718142704721
40857,8076.955654673237
40858,7179.665390036679
40859,5802.454663380289
40860,4223.169662312194
40861,4306.274881052748
40862,6000.925026696137
40863,5173.230505048223
40864,5106.067914911434
40865,5039.465701992088
40866,9834.89654561271
40867,7064.5154262962305
40868,4041.5601170058367
40869,4186.624102312963
40870,4752.547495684688
40871,6866.360795815272
40872,5197.237023498479
40873,9127.75555050265
40874,5909.46096873301
40875,5183.129606205389
40876,3748.2775342789078
40877,2834.5381362935236
40878,5491.425894875325
40879,20010.67651833076
40880,2303.0045180330967
40881,4668.181946731888
40882,6771.872804005666
40883,6717.070671763944
40884,5918.229725262566
40885,7269.896844978454
40886,5305.158378968689
40887,5203.9496605564955
40888,3415.5346684015767
40889,6815.120609588013
40890,3873.5616807138017
40891,5256.942111679527
40892,6172.914501638257
40893,4250.628436288613
40894,6780.623434972645
40895,6642.337091935462
40896,4139.356068535784
40897,7228.784091536178
40898,6413.85337841982
40899,2631.687627501965
40900,6876.470575222283
40901,6264.405253257724
40902,4579.79276439392
40903,8008.782923996494
40904,6195.79856118748
40905,6780.776353421976
40906,3998.0735466104234
40907,5641.17015048894
40908,4535.064662519437
40909,3883.5782292953686
40910,6515.6992233178335
40911,3079.61691549284
40912,5505.512226541517
40913,3417.3700523652624
40914,5890.841125982129
40915,5133.5007284561025
40916,4723.471486763568
40917,5858.814345937567
40918,7072.480423763233
40919,4939.365831427351
40920,6764.96362528836
40921,5472.529772745638
40922,6341.618711088147
40923,7900.39116151183
40924,6427.801246662273
40925,4670.056829399472
40926,4935.532214408151
40927,5327.56352044388
40928,3928.847012781093
40929,10641.021282453205
40930,5675.553625298661
40931,6128.34136743625
40932,8930.234505491886
40933,6407.278025955661
40934,2810.5499973209157
40935,11987.813132090154
40936,7548.817108222561
40937,6054.7678817144115
40938,7030.717407169642
40939,8344.900601053612
40940,6523.045562831106
40941,5433.0345090473875
40942,4766.970005712614
40943,3971.919334845366
40944,4977.461123502947
40945,7172.080102006266
40946,3514.5961622486634
40947,6924.639188869791
40948,6983.584458199737
40949,5722.030149527048
40950,6767.70991311141
40951,4952.745320634999
40952,7428.195964680662
40953,3207.7867012941633
40954,4810.321580593583
40955,4837.418030609431
40956,3735.274326859612
40957,6187.328867453049
40958,6150.830872905244
40959,6375.7936393663795
40960,5802.9399234623
40961,4050.8591062528926
40962,6188.993822106343
40963,5863.0106599284445
40964,6706.191414138627
40965,3214.776433530206
40966,4003.860025605475
40967,7685.171477346756
40968,6292.100148555877
40969,3872.543641050323
40970,7381.6582248121695
40971,6294.281624136929
40972,5912.426237369168
40973,4594.721527411161
40974,2174.1586266623867
40975,6215.509480651574
40976,6018.833889928226
40977,5814.479428100485
40978,8179.332820434665
40979,7049.9344696824355
40980,3590.4544629359816
40981,6774.464098353993
40982,2699.8510846907184
40983,1964.137870119107
40984,6250.334311692806
40985,9426.695875984711
40986,6048.27673610575
40987,5258.115199677126
40988,2923.828449930926
40989,4865.495957968441
40990,8578.775104496392
40991,6399.221572111667
40992,8063.77750354528
40993,3273.8329080460476
40994,4627.360267329641
40995,3107.668261076804
40996,5057.243356841943
40997,3895.2259696259707
40998,3031.735038874883
40999,5064.783194298693
41000,2843.0305184472845
41001,5770.988116453383
41002,5600.00332375296
41003,4934.904744977538
41004,4531.8571369902875
41005,6943.136640390141
41006,4590.00580060398
41007,3913.505751228694
41008,8851.910409582766
41009,7417.934391306615
41010,5858.321157605589
41011,2489.9713981840205
41012,6562.45194139647
41013,6727.840329712867
41014,4867.2544809037645
41015,8355.370040219854
41016,9944.8433538733
41017,6054.4699307475985
41018,5872.806770805405
41019,5571.555847101986
41020,8823.888598460147
41021,11404.376019048905
41022,3941.388469472957
41023,4321.862628424901
41024,5676.425966745998
41025,6115.49459457179
41026,5163.89462280737
41027,8447.057913713199
41028,6110.460768289743
41029,5782.2304376761795
41030,3134.07558166249
41031,5493.660313309478
41032,5557.504389886944
41033,3324.7209560684537
41034,6667.7469951984285
41035,3014.18742347592
41036,6851.453273631278
41037,6288.981305034267
41038,5392.364909798183
41039,6874.052803686208
41040,4199.537912749622
41041,4639.082824148605
41042,6121.293240497677
41043,5824.5088838693755
41044,7375.78671731965
41045,5877.231213357371
41046,6661.357658861314
41047,5498.93129688749
41048,3246.1606280909855
41049,8554.805255464064
41050,3182.0658184796475
41051,10035.01578856065
41052,5510.445891579156
41053,5098.032041713183
41054,6344.771310196133
41055,4129.906235776145
41056,4924.848715071685
41057,6879.729317014095
41058,3365.7609501196293
41059,2756.5396751853377
41060,6197.07273943313
41061,6222.716445555134
41062,9200.586057177354
41063,6080.389944484734
41064,5264.510816395385
41065,4690.418845760214
41066,6282.14859600144
41067,3928.8972835887243
41068,9683.906934151311
41069,6327.815521150759
41070,12512.50615217752
41071,5150.309084652221
41072,4676.384368234171
41073,9589.63357583644
41074,6595.023339799459
41075,3118.8887985349943
41076,8917.922684152938
41077,6108.271984727599
41078,5508.393118632488
41079,5508.799275486683
41080,5483.0444064333005
41081,3763.484896125961
41082,4816.801988070346
41083,4271.265951790053
41084,3443.701476619416
41085,7860.022657570492
41086,5731.831955368958
41087,21417.33060286252
41088,7021.320335032318
